recno,Name,B-V,Nobs,S,logRHK,Prot,logA,sRV1,sRV2,OCat,SimbadName,_RA,_DE
666,224022,0.572,9,0.147,-5.06,,9.89,2.3,2.7,1,"HD 224022 ",358.66092,-40.30006
7,798,0.448,6,0.157,-4.97,5,9.78,2.4,3.0,0,"HD 798    ",3.054,-27.78454
14,2222,0.675,7,0.139,-5.16,,9.97,2.1,2.2,0,"HD 2222   ",6.49291,-28.27349
8,1002,0.64,4,0.143,-5.12,,9.92,2.2,2.4,0,"HD 1002   ",3.58418,-27.53143
664,223957,0.607,4,0.205,-4.76,14,9.42,3.3,4.3,0,"HD 223957 ",358.48814,-30.35703
670,224433,0.748,5,0.167,-4.99,38,9.8,2.2,2.1,0,"HD 224433 ",359.45892,-30.44794
2,225155,0.741,4,0.15,-5.08,,9.91,2.1,2.2,0,"HD 225155 ",0.97231,-28.39381
667,224143,0.64,5,0.278,-4.56,11,8.95,4.6,11.9,1,"HD 224143 ",358.89571,-20.95324
19,4631,0.774,7,0.159,-5.04,,9.86,2.1,2.1,0,"HD 4631   ",12.01541,-25.07916
24,6156,0.8,5,0.355,-4.54,17,8.9,3.0,8.0,2,"HD 6156   ",15.61554,-21.61058
37,8129,0.702,4,0.18,-4.91,29,9.7,2.2,2.1,1,"HD 8129   ",20.12526,-19.94901
31,7399,0.476,8,0.134,-5.17,,9.99,2.1,3.0,0,"HD 7399   ",18.46395,-20.51325
657,221257,0.636,3,0.166,-4.96,23,9.76,2.6,2.4,0,"HD 221257 ",352.66728,-24.19607
661,222422,0.731,4,0.237,-4.72,23,9.35,2.5,4.9,1,"HD 222422 ",355.15772,-18.98889
650,220689,0.603,5,0.159,-4.99,20,9.81,2.5,2.5,0,"HD 220689 ",351.4708,-20.61603
6,361,0.624,6,0.195,-4.81,17,9.52,3.1,4.6,1,"HD 361    ",2.06818,-14.82449
43,9847,0.712,5,0.14,-5.15,,9.97,2.0,2.5,0,"HD 9847   ",23.97114,-17.53247
39,8406,0.656,4,0.162,-4.98,27,9.8,2.5,2.3,1,"HD 8406   ",20.75364,-16.48746
53,10700,0.727,127,0.16,-5.02,,9.84,2.1,2.1,3,"HD 10700  ",26.01701,-15.93748
42,9782,0.593,7,0.141,-5.12,,9.93,2.2,2.6,2,"HD 9782   ",23.85962,-13.38103
47,10226,0.607,3,0.176,-4.89,18,9.66,2.8,2.5,0,"HD 10226  ",24.9775,-9.97224
30,7134,0.589,6,0.151,-5.04,,9.87,2.4,2.6,0,"HD 7134   ",17.88367,-12.84308
33,7661,0.753,4,0.397,-4.43,10,8.59,3.3,13.4,3,"HD 7661   ",19.10082,-12.097
46,10008,0.797,3,0.421,-4.45,11,8.62,3.4,11.3,1,"HD 10008  ",24.39778,-6.76043
32,7449,0.575,8,0.168,-4.92,15,9.71,2.7,2.6,1,"HD 7449   ",18.62217,-5.04739
649,220476,0.682,5,0.367,-4.42,7,8.54,6.1,17.9,1,"HD 220476 ",351.0264,-7.55076
647,220256,0.853,4,0.184,-4.96,45,9.77,2.2,2.1,0,"HD 220256 ",350.59909,-0.41486
160,38554,0.704,8,0.175,-4.93,31,9.73,2.2,2.1,0,"HD 38554  ",86.25099,-35.79812
170,42044,0.543,5,0.117,-5.43,,10.28,1.8,2.6,0,"HD 42044  ",91.78241,-31.89745
173,43197,0.817,7,0.146,-5.11,,9.91,2.1,2.1,0,"HD 43197  ",93.39859,-29.89727
163,39503,0.732,5,0.16,-5.02,,9.85,2.1,2.1,0,"HD 39503  ",87.93286,-30.46584
159,38467,0.672,6,0.145,-5.1,,9.9,2.2,2.2,1,"HD 38467  ",86.16399,-29.91667
186,47186,0.714,8,0.15,-5.08,,9.91,2.1,2.1,2,"HD 47186  ",99.03662,-27.6223
194,49866,0.663,2,0.157,-5.02,,9.85,2.4,4.3,0,"HD 49866  ",102.42951,-19.38379
174,43470,0.539,2,0.134,-5.18,,10.01,2.1,2.8,0,"HD 43470  ",93.91048,-19.80471
178,44569,0.619,10,0.157,-5.01,,9.83,2.5,2.5,0,"HD 44569  ",95.40562,-18.16668
191,48286,0.563,7,0.153,-5.01,,9.83,2.5,2.7,1,"HD 48286  ",100.52168,-15.21526
166,39855,0.7,9,0.173,-4.94,31,9.75,2.7,2.1,1,"HD 39855  ",88.62565,-19.70435
155,37986,0.801,8,0.151,-5.09,,9.91,2.1,2.1,2,"HD 37986  ",85.47369,-15.63054
150,35041,0.636,9,0.304,-4.5,8,8.78,5.0,15.3,1,"HD 35041  ",80.30399,-14.15245
143,33093,0.606,10,0.13,-5.23,,10.07,2.0,2.6,2,"HD 33093  ",76.85401,-12.49127
147,33693,0.472,15,0.137,-5.14,,9.95,2.1,3.0,0,"HD 33693  ",77.90487,-10.38719
161,38677,0.581,6,0.137,-5.16,,9.98,2.1,2.6,0,"HD 38677  ",86.77611,-10.63023
158,38277,0.637,7,0.139,-5.15,,9.97,2.1,2.4,1,"HD 38277  ",86.07332,-10.01673
151,36379,0.561,5,0.134,-5.19,,10.02,2.1,2.7,0,"HD 36379  ",82.74975,-10.08109
207,59711,0.637,6,0.156,-5.02,,9.84,2.4,2.4,1,"HD 59711  ",112.66672,-15.99459
214,64114,0.721,5,0.218,-4.77,25,9.45,2.4,4.2,1,"HD 64114  ",117.98286,-11.03297
213,62549,0.612,10,0.15,-5.05,,9.88,2.3,2.5,0,"HD 62549  ",116.08227,-5.05495
211,60779,0.564,10,0.149,-5.05,,9.87,2.4,2.7,0,"HD 60779  ",114.00596,-3.15177
206,58556,0.568,14,0.204,-4.74,11,9.39,3.3,7.2,0,"HD 58556  ",111.48841,-2.24847
221,69611,0.584,8,0.147,-5.06,,9.89,2.3,2.6,0,"HD 69611  ",124.37228,-3.98962
184,46872,0.536,2,0.205,-4.73,8,9.36,3.4,8.8,0,"HD 46872  ",98.89155,-3.98293
190,48056,0.576,2,0.16,-4.97,17,9.78,2.6,2.6,0,"HD 48056  ",100.34713,-2.35002
126,28185,0.75,12,0.154,-5.06,,9.88,2.1,2.1,2,"HD 28185  ",66.60968,-10.55081
139,32724,0.618,11,0.139,-5.14,,9.96,2.2,2.5,0,"HD 32724  ",76.19818,-11.69903
140,32842,0.492,7,0.179,-4.83,7,9.57,2.9,6.3,0,"HD 32842  ",76.42931,-9.43046
118,26040,0.576,4,0.152,-5.03,,9.85,2.4,2.6,0,"HD 26040  ",61.75233,-10.00045
127,28821,0.683,5,0.158,-5.02,,9.84,2.4,2.2,1,"HD 28821  ",68.08947,-5.039
130,29161,0.632,8,0.222,-4.71,15,9.32,3.6,6.7,0,"HD 29161  ",68.83984,-4.73611
122,27466,0.673,7,0.243,-4.67,17,9.23,3.9,7.0,2,"HD 27466  ",64.98782,-4.43876
149,34195,0.567,8,0.128,-5.26,,10.11,2.0,2.6,0,"HD 34195  ",78.84872,-3.36595
138,32564,0.741,5,0.15,-5.08,,9.91,2.1,2.1,0,"HD 32564  ",76.02602,-0.64905
312,103760,0.65,19,0.148,-5.08,,9.91,2.3,2.3,0,"HD 103760 ",179.21313,-38.84933
326,106937,0.762,8,0.141,-5.14,,9.95,2.1,2.6,0,"HD 106937 ",184.48698,-35.83171
311,103743,0.64,1,0.351,-4.42,6,8.53,5.8,21.3,1,"HD 103743 ",179.18233,-32.26742
320,105904,0.742,6,0.143,-5.13,,9.94,2.1,2.1,0,"HD 105904 ",182.84033,-32.63263
329,107352,0.571,1,0.212,-4.71,10,9.33,3.5,8.1,0,"HD 107352 ",185.13983,-30.4388
333,107956,0.475,1,0.202,-4.73,5,9.36,3.3,10.9,0,"HD 107956 ",186.09,-25.2112
317,104982,0.651,14,0.166,-4.96,26,9.77,2.6,2.3,1,"HD 104982 ",181.30587,-28.71723
349,111431,0.627,11,0.131,-5.23,,10.07,2.0,2.6,0,"HD 111431 ",192.35577,-25.2964
360,115106,0.66,1,0.134,-5.2,,10.04,2.0,2.6,0,"HD 115106 ",198.80577,-19.20494
362,116259,0.721,1,0.141,-5.14,,9.95,2.1,2.1,0,"HD 116259 ",200.6817,-18.03091
297,98649,0.658,5,0.154,-5.04,,9.86,2.4,2.3,0,"HD 98649  ",170.2157,-23.21734
296,98553,0.594,17,0.154,-5.02,,9.84,2.4,2.6,3,"HD 98553  ",170.04831,-19.5779
280,94482,0.562,15,0.138,-5.14,,9.96,2.2,2.7,1,"HD 94482  ",163.52727,-23.18485
278,94151,0.718,14,0.172,-4.95,33,9.76,2.2,2.1,2,"HD 94151  ",162.91346,-22.07183
279,94270,0.579,11,0.149,-5.05,,9.87,2.4,2.6,0,"HD 94270  ",163.16368,-17.03025
282,94838,0.635,10,0.214,-4.74,16,9.38,3.4,5.9,0,"HD 94838  ",164.191,-17.4522
298,98727,0.521,1,0.166,-4.91,10,9.7,2.7,4.0,0,"HD 98727  ",170.37904,-12.69859
323,106515A,0.815,7,0.156,-5.06,,9.89,2.1,2.6,0,HD 106515A,183.77735,-7.25732
324,106515B,0.815,8,0.161,-5.04,,9.87,2.1,2.1,0,HD 106515B,183.77695,-7.25747
304,101197,0.659,1,0.152,-5.05,,9.88,2.3,2.3,0,"HD 101197 ",174.65912,-11.23927
306,102574,0.585,13,0.13,-5.23,,10.07,2.0,2.6,1,"HD 102574 ",177.09786,-10.3131
359,115080,0.683,5,0.156,-5.03,,9.86,2.4,2.2,1,"HD 115080 ",198.73218,-11.36942
365,117860,0.624,12,0.281,-4.54,9,8.9,4.6,13.4,0,"HD 117860 ",203.29714,-8.44335
386,125906B,0.584,8,0.155,-5.01,,9.83,2.5,2.6,0,ADS 9237 B,215.66112,-7.76884
387,125906A,0.584,14,0.156,-5.0,18,9.82,2.5,2.6,0,ADS 9237 A,215.66104,-7.76786
382,124553,0.593,8,0.159,-4.98,19,9.8,2.5,2.6,1,"HD 124553 ",213.58879,-5.94772
353,113449,0.847,4,0.581,-4.34,6,8.27,4.1,14.9,0,"HD 113449 ",195.95689,-5.16181
340,109930,0.894,7,0.202,-4.94,45,9.74,2.3,2.1,0,"HD 109930 ",189.68443,-5.32768
277,93489,0.62,12,0.155,-5.02,,9.85,2.4,2.4,0,"HD 93489  ",161.86923,-13.97913
275,92719,0.622,13,0.179,-4.88,19,9.64,2.8,2.4,2,"HD 92719  ",160.55551,-13.78771
281,94690,0.71,2,0.169,-4.96,33,9.77,2.2,2.1,0,"HD 94690  ",163.93073,-5.5516
261,89418,0.569,20,0.156,-4.99,16,9.81,2.5,2.7,0,"HD 89418  ",154.75087,-11.18508
302,101093,0.561,7,0.161,-4.96,15,9.77,2.6,2.7,0,"HD 101093 ",174.49627,-1.59944
309,102843,0.787,7,0.186,-4.92,38,9.71,2.3,2.1,0,"HD 102843 ",177.58721,-1.25245
249,85380,0.577,10,0.141,-5.12,,9.92,2.2,2.6,1,"HD 85380  ",147.84007,-6.18193
503,165385,0.581,5,0.13,-5.24,,10.08,2.0,2.6,0,"HD 165385 ",271.83866,-36.87358
509,166745,0.763,4,0.155,-5.06,,9.88,2.1,2.1,0,"HD 166745 ",273.38846,-33.49906
495,160411,0.655,5,0.122,-5.34,,10.19,1.8,3.9,0,"HD 160411 ",265.3151,-34.9692
498,162907,0.758,12,0.159,-5.03,,9.86,2.1,2.1,0,"HD 162907 ",268.62531,-26.63209
502,165204,0.77,5,0.16,-5.03,,9.86,2.1,2.1,0,"HD 165204 ",271.44472,-23.51773
505,165920,0.9,3,0.152,-5.11,,9.91,2.0,2.1,1,"HD 165920 ",272.32366,-22.90844
519,174494,0.694,4,0.144,-5.12,,9.92,2.2,2.6,0,"HD 174494 ",282.97549,-28.20022
516,173206,0.619,4,0.155,-5.02,,9.84,2.4,2.5,0,"HD 173206 ",281.26918,-23.25206
532,178340,0.757,4,0.163,-5.01,,9.83,2.2,2.1,0,"HD 178340 ",287.23716,-17.53581
475,151450,0.566,3,0.154,-5.01,,9.83,2.5,2.7,0,"HD 151450 ",252.00767,-15.96395
501,165011,0.576,3,0.141,-5.12,,9.93,2.2,2.6,0,"HD 165011 ",271.0852,-10.91052
499,163568,0.556,4,0.152,-5.02,,9.85,2.4,2.7,0,"HD 163568 ",269.29165,-8.06894
496,161098,0.676,7,0.163,-4.99,30,9.81,2.5,2.2,0,"HD 161098 ",265.93439,-3.91786
548,184317,0.614,10,0.153,-5.03,,9.86,2.4,2.5,0,"HD 184317 ",293.60843,-12.92668
544,182498,0.601,4,0.165,-4.95,19,9.75,2.6,2.5,0,"HD 182498 ",291.32789,-11.51366
538,180409,0.57,11,0.15,-5.04,,9.86,2.4,2.7,1,"HD 180409 ",289.21756,-10.97178
518,173872,0.889,3,0.198,-4.94,45,9.74,2.2,2.1,1,"HD 173872 ",282.00618,-10.14631
447,144088,0.85,4,0.354,-4.59,21,9.03,3.0,6.0,2,"HD 144088 ",241.11133,-11.44989
446,144087,0.75,6,0.313,-4.57,16,8.97,2.9,8.3,2,"HD 144087 ",241.10802,-11.44938
483,154697,0.735,2,0.222,-4.77,26,9.45,2.4,4.1,1,"HD 154697 ",256.8101,-2.86695
436,142072,0.67,12,0.31,-4.51,10,8.81,5.1,13.1,0,"HD 142072 ",238.14062,-1.90633
142,35877,0.573,2,0.216,-4.7,10,9.3,3.5,8.5,0,"HD 35877  ",76.8276,-83.8599
135,33214,0.89,4,0.326,-4.67,27,9.24,2.8,4.2,1,"HD 33214  ",73.0864,-82.47601
144,35267,0.513,5,0.129,-5.24,,10.08,2.1,2.9,0,"HD 35267  ",77.60611,-80.40786
116,25797,0.422,6,0.207,-4.71,2,9.32,3.1,11.9,0,"HD 25797  ",59.30202,-76.51081
58,13060,0.797,5,0.217,-4.82,33,9.55,2.4,2.1,0,"HD 13060  ",30.19672,-80.53271
59,12951,0.576,9,0.13,-5.23,,10.08,2.0,2.6,0,"HD 12951  ",30.23793,-78.87031
9,1237,0.75,1,0.458,-4.36,6,8.33,3.5,18.4,1,"HD 1237   ",4.05282,-79.85118
89,19880,0.715,4,0.134,-5.2,,10.03,2.0,2.6,0,"HD 19880  ",46.15058,-77.16603
87,19493,0.695,2,0.135,-5.19,,10.02,2.0,2.6,0,"HD 19493  ",45.71273,-72.45725
90,20003,0.771,6,0.187,-4.91,36,9.7,2.3,2.1,0,"HD 20003  ",46.90799,-72.32189
131,30306,0.747,4,0.15,-5.08,,9.91,2.1,2.1,1,"HD 30306  ",69.99165,-71.50561
125,28701,0.65,4,0.145,-5.1,,9.9,2.2,2.3,0,"HD 28701  ",66.44104,-69.99369
168,41158,0.519,2,0.142,-5.09,,9.92,2.3,2.8,0,"HD 41158  ",89.3092,-69.4779
152,37351,0.594,5,0.191,-4.81,15,9.52,3.1,5.0,0,"HD 37351  ",83.30705,-65.02269
110,24085,0.595,6,0.148,-5.07,,9.89,2.3,2.6,0,"HD 24085  ",56.25646,-70.0241
124,28471,0.65,4,0.144,-5.11,,9.91,2.2,2.3,0,"HD 28471  ",66.28813,-64.08007
114,25054,0.536,5,0.154,-5.0,,9.82,2.5,2.7,0,"HD 25054  ",58.84768,-60.90721
112,24650,0.569,6,0.14,-5.13,,9.94,2.2,2.7,0,"HD 24650  ",57.92853,-60.36005
48,10576,0.59,9,0.142,-5.11,,9.91,2.2,2.6,0,"HD 10576  ",25.13433,-69.98697
12,1893,0.769,11,0.244,-4.73,26,9.36,2.5,4.4,0,"HD 1893   ",5.64489,-73.03235
18,4333,0.414,4,0.175,-4.86,3,9.62,2.4,4.0,0,"HD 4333   ",11.13055,-71.16866
71,15234,0.417,7,0.17,-4.89,3,9.66,2.4,3.0,0,"HD 15234  ",36.20502,-61.46047
3,225299,0.71,6,0.193,-4.86,28,9.61,2.3,2.1,0,"HD 225299 ",1.24466,-70.21244
1,224789,0.863,7,0.458,-4.47,14,8.71,3.5,8.8,1,"HD 224789 ",0.168,-69.67596
51,10678,0.714,7,0.213,-4.79,25,9.48,2.4,4.1,0,"HD 10678  ",25.65423,-58.41315
78,17289,0.588,3,0.139,-5.14,,9.96,2.2,2.6,0,"HD 17289  ",40.89779,-62.9192
76,16950,0.616,6,0.128,-5.26,,10.11,2.0,2.6,0,"HD 16950  ",40.18171,-58.1372
100,21036,0.73,4,0.29,-4.6,17,9.05,2.8,7.8,0,"HD 21036  ",50.34943,-52.85513
105,22177,0.717,6,0.15,-5.08,,9.9,2.1,2.1,0,"HD 22177  ",53.0077,-52.47386
65,13808,0.87,4,0.235,-4.83,37,9.56,2.4,2.1,1,"HD 13808  ",33.17886,-53.74389
83,18754,0.736,6,0.134,-5.19,,10.02,2.0,4.3,0,"HD 18754  ",44.71309,-52.09598
93,19916,0.585,7,0.137,-5.15,,9.97,2.2,2.6,0,"HD 19916  ",47.5166,-50.83238
88,19330,0.566,8,0.181,-4.84,13,9.59,2.9,4.7,0,"HD 19330  ",46.1381,-51.3221
157,38683,0.571,3,0.18,-4.85,13,9.6,2.9,3.8,0,"HD 38683  ",86.05675,-55.69549
153,37761,0.764,4,0.125,-5.27,,10.12,2.0,4.3,0,"HD 37761  ",84.45115,-54.56423
145,33873,0.704,3,0.242,-4.69,20,9.28,2.5,5.8,0,"HD 33873  ",77.64199,-51.30146
133,30278,0.746,10,0.155,-5.05,,9.88,2.1,2.1,1,"HD 30278  ",70.80702,-54.59343
165,40105,0.891,8,0.137,-5.17,,10.0,2.0,4.3,1,"HD 40105  ",88.54506,-50.36255
156,38459,0.861,1,0.471,-4.46,13,8.66,3.6,9.3,1,"HD 38459  ",85.86023,-47.82298
154,37706,0.769,8,0.186,-4.92,36,9.7,2.3,2.1,1,"HD 37706  ",84.53913,-46.10604
137,31392,0.792,10,0.27,-4.69,25,9.27,2.7,4.9,2,"HD 31392  ",73.51754,-35.40452
146,33822,0.708,8,0.141,-5.14,,9.95,2.1,2.1,1,"HD 33822  ",77.87299,-33.88066
117,26071,0.742,16,0.152,-5.07,,9.9,2.1,2.6,0,"HD 26071  ",61.50519,-38.99703
96,20407,0.586,12,0.151,-5.04,,9.87,2.4,2.6,1,"HD 20407  ",48.77662,-45.66482
106,22323,0.401,5,0.222,-4.66,2,9.21,3.1,16.0,0,"HD 22323  ",53.51856,-41.33863
109,23576,0.587,6,0.141,-5.12,,9.92,2.2,2.6,0,"HD 23576  ",56.18926,-38.81803
104,21938,0.591,6,0.143,-5.11,,9.91,2.2,2.6,1,"HD 21938  ",52.70976,-37.37229
132,29813,0.621,4,0.153,-5.03,,9.86,2.4,2.4,0,"HD 29813  ",70.1768,-28.20124
134,30669,0.795,12,0.159,-5.04,,9.87,2.1,2.1,0,"HD 30669  ",72.11869,-28.4193
123,27905,0.627,3,0.15,-5.06,,9.89,2.3,2.4,0,"HD 27905  ",65.83401,-25.395
15,3222,0.854,7,0.189,-4.95,44,9.75,2.2,2.1,1,"HD 3222   ",8.76171,-63.69513
22,6107,0.65,8,0.143,-5.12,,9.93,2.2,2.4,0,"HD 6107   ",15.3293,-60.86015
56,11754,0.682,6,0.137,-5.17,,9.99,2.1,2.6,0,"HD 11754  ",28.4536,-54.76065
25,6236,0.591,4,0.146,-5.08,,9.91,2.3,2.6,0,"HD 6236   ",15.68334,-47.28758
64,13724,0.667,8,0.205,-4.79,21,9.48,3.3,4.5,0,"HD 13724  ",33.08616,-46.81639
72,15507,0.67,5,0.161,-5.0,29,9.82,2.5,2.2,0,"HD 15507  ",37.12028,-45.02294
73,15590,0.652,4,0.131,-5.23,,10.07,2.0,2.6,0,"HD 15590  ",37.29991,-42.07542
54,11264,0.664,3,0.14,-5.15,,9.97,2.1,2.2,0,"HD 11264  ",27.39808,-46.76867
4,23,0.577,8,0.173,-4.89,15,9.67,2.8,3.6,0,"HD 23     ",1.28123,-52.15174
16,3359,0.78,5,0.144,-5.12,,9.93,2.1,2.1,0,"HD 3359   ",9.01837,-49.12813
35,8049,0.876,8,0.678,-4.3,3,8.14,4.5,16.2,1,"HD 8049   ",19.81192,-43.62984
29,6910,0.651,6,0.126,-5.29,,10.14,1.9,4.3,0,"HD 6910   ",17.26011,-42.40182
36,8076,0.622,14,0.22,-4.71,14,9.32,3.6,6.9,1,"HD 8076   ",19.88913,-39.3626
26,6434,0.613,8,0.144,-5.1,,9.9,2.2,2.5,0,"HD 6434   ",16.16729,-39.48822
27,6790,0.561,5,0.154,-5.0,,9.82,2.5,2.7,0,"HD 6790   ",16.99007,-37.89816
17,4113,0.716,9,0.149,-5.08,,9.91,2.1,2.1,1,"HD 4113   ",10.80249,-37.98263
49,10370,0.714,5,0.164,-5.0,35,9.81,2.2,2.1,1,"HD 10370  ",25.15173,-36.48362
40,8581,0.569,7,0.133,-5.2,,10.04,2.1,2.7,0,"HD 8581   ",21.05127,-31.81196
55,11231,0.463,7,0.127,-5.26,,10.1,1.9,3.0,0,"HD 11231  ",27.40787,-34.45913
63,13386,0.88,5,0.174,-5.02,,9.84,2.1,2.1,0,"HD 13386  ",32.53348,-31.06987
62,13350,0.766,4,0.137,-5.17,,9.99,2.0,2.6,0,"HD 13350  ",32.43527,-30.74625
60,12585,0.662,11,0.157,-5.02,,9.85,2.4,2.3,0,"HD 12585  ",30.68099,-29.81418
44,9905,0.761,8,0.172,-4.97,38,9.78,2.2,2.1,0,"HD 9905   ",24.04204,-29.39235
28,6880,0.764,4,0.234,-4.75,27,9.41,2.5,4.1,0,"HD 6880   ",17.24146,-30.92928
34,7786,0.494,6,0.171,-4.88,7,9.64,2.8,5.0,0,"HD 7786   ",19.26388,-30.91772
41,9175,0.656,7,0.145,-5.1,,9.9,2.2,2.3,0,"HD 9175   ",22.49956,-22.52423
84,18708,0.651,5,0.134,-5.2,,10.03,2.0,2.3,0,"HD 18708  ",44.78393,-40.72349
91,19603,0.603,6,0.142,-5.12,,9.92,2.2,2.5,0,"HD 19603  ",47.00218,-39.30524
95,20299,0.428,4,0.161,-4.94,4,9.74,2.3,3.0,0,"HD 20299  ",48.70664,-33.42925
101,21411,0.716,7,0.232,-4.73,22,9.36,2.5,5.0,1,"HD 21411  ",51.54632,-30.61781
107,22582,0.73,5,0.148,-5.09,,9.92,2.1,2.1,0,"HD 22582  ",54.2421,-28.13146
94,20155,0.622,6,0.139,-5.15,,9.97,2.1,2.6,1,"HD 20155  ",48.35019,-28.9747
98,20584,0.584,9,0.123,-5.33,,10.19,1.9,3.8,0,"HD 20584  ",49.46166,-26.35241
70,14758,0.644,5,0.158,-5.01,,9.83,2.5,2.3,0,"HD 14758  ",35.49659,-29.35209
85,18819,0.597,5,0.12,-5.37,,10.23,1.8,3.0,0,"HD 18819  ",45.18135,-27.64183
99,20657,0.8,5,0.136,-5.18,,10.0,2.0,3.8,0,"HD 20657  ",49.6832,-25.4289
79,17134,0.634,5,0.143,-5.12,,9.92,2.2,2.4,0,"HD 17134  ",41.0609,-25.49539
103,21841,0.666,8,0.235,-4.69,17,9.27,3.8,6.6,0,"HD 21841  ",52.6669,-19.43558
52,10611,0.853,7,0.477,-4.44,12,8.61,3.6,10.0,1,"HD 10611  ",25.8097,-21.61977
50,10519,0.617,4,0.138,-5.16,,9.98,2.1,2.5,0,"HD 10519  ",25.56213,-17.88881
97,20339,0.614,6,0.143,-5.11,,9.91,2.2,2.5,0,"HD 20339  ",48.97253,-14.79912
86,18894,0.598,5,0.179,-4.87,16,9.62,2.9,3.9,0,"HD 18894  ",45.53865,-6.49454
272,94009,0.77,1,0.134,-5.19,,10.02,2.0,4.3,0,"HD 94009  ",159.58347,-86.89713
287,96417,0.563,1,0.135,-5.17,,10.0,2.1,2.7,0,"HD 96417  ",165.75956,-81.62173
269,91682,0.696,1,0.145,-5.11,,9.91,2.2,2.3,0,"HD 91682  ",157.7668,-78.16499
266,90926,0.748,2,0.158,-5.03,,9.86,2.1,2.1,0,"HD 90926  ",156.53522,-76.45202
260,89591,0.642,5,0.165,-4.96,25,9.77,2.6,2.6,0,"HD 89591  ",154.21735,-74.42683
224,73744,0.607,5,0.157,-5.0,21,9.82,2.5,2.5,1,"HD 73744  ",128.06484,-76.9288
295,98640,0.765,1,0.338,-4.53,15,8.88,3.0,2.6,0,"HD 98640  ",169.87462,-74.00556
299,100508,0.828,9,0.158,-5.06,,9.88,2.1,2.1,1,"HD 100508 ",173.30455,-67.05458
263,89942,0.7,1,0.144,-5.11,,9.92,2.2,2.1,0,"HD 89942  ",155.21034,-63.44812
218,67200,0.595,1,0.131,-5.22,,10.06,2.0,2.6,0,"HD 67200  ",120.38559,-70.02388
208,61475,0.853,7,0.34,-4.61,23,9.1,2.9,5.4,0,"HD 61475  ",113.68495,-66.64351
179,45987,0.655,10,0.146,-5.1,,9.92,2.2,2.3,0,"HD 45987  ",96.21562,-68.80313
185,47855,0.465,7,0.189,-4.79,5,9.48,3.0,8.2,0,"HD 47855  ",98.97819,-64.88101
200,56413,0.754,2,0.184,-4.92,35,9.7,2.3,2.1,0,"HD 56413  ",108.2414,-61.61318
239,79985,0.659,3,0.126,-5.28,,10.13,1.9,2.6,0,"HD 79985  ",138.54393,-63.69302
246,85249,0.492,1,0.132,-5.19,,10.03,2.1,3.0,0,"HD 85249  ",147.2167,-53.58531
240,81238,0.509,1,0.157,-4.97,10,9.78,2.5,2.9,0,"HD 81238  ",140.61825,-53.73679
230,75351,0.625,3,0.142,-5.13,,9.93,2.2,2.6,0,"HD 75351  ",131.81225,-51.92137
223,72579,0.79,8,0.157,-5.05,,9.88,2.1,2.1,0,"HD 72579  ",127.7876,-54.08828
235,78747,0.575,22,0.146,-5.07,,9.9,2.3,2.6,1,"HD 78747  ",136.98573,-50.48245
285,95338,0.878,8,0.195,-4.94,44,9.75,2.2,2.1,1,"HD 95338  ",164.8596,-56.62304
308,102804,0.413,1,0.202,-4.73,2,9.37,2.9,10.2,0,"HD 102804 ",177.4923,-56.27197
301,101117,0.638,1,0.251,-4.63,13,9.13,4.1,9.1,0,"HD 101117 ",174.44972,-52.89119
292,98179,0.5,1,0.14,-5.11,,9.91,2.2,3.0,0,"HD 98179  ",169.26989,-52.65727
262,89839,0.523,3,0.13,-5.22,,10.06,2.1,2.9,0,"HD 89839  ",155.16892,-53.66409
256,87966,0.415,1,0.168,-4.9,3,9.68,2.3,3.0,0,"HD 87966  ",151.78782,-52.53424
286,95521,0.637,16,0.163,-4.97,24,9.79,2.5,2.4,1,"HD 95521  ",165.20943,-49.01984
264,89988,0.681,2,0.141,-5.14,,9.95,2.1,2.6,0,"HD 89988  ",155.53255,-46.56656
267,90520,0.643,1,0.141,-5.14,,9.95,2.2,2.6,0,"HD 90520  ",156.54437,-45.56254
303,101171,0.771,4,0.193,-4.89,35,9.66,2.3,2.1,0,"HD 101171 ",174.54609,-51.57543
310,103220,0.74,2,0.151,-5.07,,9.9,2.1,2.6,0,"HD 103220 ",178.26989,-45.48367
300,100850,0.661,3,0.135,-5.2,,10.03,2.0,2.3,0,"HD 100850 ",174.0471,-37.06461
284,95136,0.66,6,0.151,-5.06,,9.89,2.3,2.3,0,"HD 95136  ",164.63782,-39.92932
294,98459,0.623,1,0.13,-5.24,,10.09,2.0,2.4,0,"HD 98459  ",169.81502,-40.2823
247,85390,0.855,10,0.21,-4.89,40,9.66,2.3,2.1,1,"HD 85390  ",147.5104,-49.79027
251,86006,0.708,2,0.14,-5.15,,9.97,2.0,2.6,0,"HD 86006  ",148.62987,-45.73098
258,87931,0.76,3,0.161,-5.02,,9.85,2.1,2.1,0,"HD 87931  ",151.86754,-37.50389
254,86397,0.725,7,0.175,-4.94,33,9.74,2.2,2.1,0,"HD 86397  ",149.33192,-35.53614
270,91320,0.588,1,0.137,-5.16,,9.98,2.1,2.6,0,"HD 91320  ",158.03504,-31.84048
283,95090,0.639,1,0.141,-5.13,,9.94,2.2,2.4,0,"HD 95090  ",164.57025,-32.59954
255,86652,0.63,2,0.153,-5.04,,9.86,2.4,2.4,0,"HD 86652  ",149.78331,-33.51712
265,90028,0.656,12,0.154,-5.04,,9.86,2.4,2.3,1,"HD 90028  ",155.71429,-28.0135
192,49035,0.755,2,0.228,-4.76,27,9.44,2.5,4.0,0,"HD 49035  ",100.59686,-61.22497
197,53466,0.551,1,0.133,-5.2,,10.03,2.1,2.8,0,"HD 53466  ",105.44528,-56.62142
195,51608,0.771,1,0.159,-5.03,,9.86,2.1,2.1,1,"HD 51608  ",103.71393,-55.25933
203,57553,0.506,1,0.172,-4.88,8,9.64,2.8,2.8,0,"HD 57553  ",109.74497,-52.53976
212,hip37727,0.7,15,0.296,-4.56,14,8.95,4.8,9.7,1,"hip37727  ",116.06865,-50.46661
182,46894,0.778,5,0.136,-5.17,,10.0,2.0,4.3,0,"HD 46894  ",98.14297,-55.6486
181,46435,0.702,2,0.224,-4.74,22,9.39,2.4,4.9,0,"HD 46435  ",97.58006,-52.87128
201,56662,0.604,18,0.148,-5.07,,9.9,2.3,2.5,1,"HD 56662  ",108.8713,-48.23001
220,68607,0.862,1,0.277,-4.73,30,9.37,2.6,3.6,0,"HD 68607  ",122.79035,-46.29739
219,68475,0.887,6,0.305,-4.71,29,9.31,2.7,3.8,1,"HD 68475  ",122.71914,-42.81141
217,66039,0.582,2,0.199,-4.77,13,9.45,3.2,6.1,0,"HD 66039  ",119.99489,-41.70409
222,70081,0.66,2,0.14,-5.14,,9.96,2.1,2.3,0,"HD 70081  ",124.60646,-40.35855
171,42538,0.593,5,0.126,-5.29,,10.14,1.9,2.6,0,"HD 42538  ",92.05675,-53.28278
172,42719,0.657,5,0.128,-5.27,,10.11,1.9,2.6,0,"HD 42719  ",92.36546,-51.38944
189,48265,0.747,16,0.132,-5.21,,10.04,2.0,4.3,0,"HD 48265  ",100.00719,-48.54195
180,45738,0.46,11,0.163,-4.93,6,9.72,2.5,3.6,0,"HD 45738  ",96.74663,-44.12276
169,41155,0.559,5,0.121,-5.36,,10.22,1.9,2.6,0,"HD 41155  ",90.27324,-43.90311
176,44310,0.837,2,0.156,-5.07,,9.9,2.1,2.1,1,"HD 44310  ",94.82854,-37.4629
183,47017,0.609,6,0.129,-5.25,,10.09,2.0,2.5,0,"HD 47017  ",98.72496,-34.8362
210,61051,0.766,3,0.158,-5.04,,9.86,2.1,2.1,0,"HD 61051  ",113.98402,-32.84142
196,52217,0.823,8,0.229,-4.81,33,9.52,2.4,2.1,0,"HD 52217  ",104.80664,-27.12784
232,77417,0.77,16,0.177,-4.95,38,9.75,2.2,2.1,0,"HD 77417  ",135.2728,-37.77161
231,75288,0.673,2,0.149,-5.08,,9.9,2.3,2.2,0,"HD 75288  ",131.99208,-35.72755
241,81110,0.724,15,0.193,-4.87,29,9.62,2.3,2.1,1,"HD 81110  ",140.74864,-27.17223
225,73267,0.806,3,0.154,-5.07,,9.9,2.1,2.1,0,"HD 73267  ",129.07406,-34.45998
253,86226,0.647,15,0.168,-4.95,25,9.75,2.6,2.3,0,"HD 86226  ",149.12435,-24.09939
259,87998,0.622,21,0.147,-5.08,,9.91,2.3,2.4,1,"HD 87998  ",152.08908,-19.75522
242,81659,0.67,18,0.251,-4.64,15,9.17,4.1,7.7,1,"HD 81659  ",141.67847,-14.49075
236,78558,0.617,17,0.151,-5.05,,9.88,2.4,2.5,1,"HD 78558  ",137.10516,-15.14479
237,78612,0.61,22,0.142,-5.11,,9.92,2.2,2.5,0,"HD 78612  ",137.20744,-10.75751
451,142022,0.79,6,0.192,-4.9,37,9.68,2.3,2.1,1,"HD 142022 ",242.56263,-84.23161
461,144167,0.651,4,0.191,-4.84,21,9.57,3.0,2.3,0,"HD 144167 ",246.1179,-84.45566
477,150761,0.564,1,0.145,-5.08,,9.9,2.3,2.7,0,"HD 150761 ",252.794,-75.63427
428,137388,0.891,6,0.265,-4.78,35,9.47,2.6,2.1,1,"HD 137388 ",233.91638,-80.20459
363,115674,0.667,13,0.186,-4.86,24,9.62,2.9,2.2,1,"HD 115674 ",200.75029,-81.31012
415,133639,0.678,5,0.163,-4.99,30,9.81,2.5,2.2,0,"HD 133639 ",227.75161,-73.8698
407,131664,0.667,8,0.179,-4.9,25,9.67,2.8,2.2,0,"HD 131664 ",225.02531,-73.53534
400,129445,0.756,12,0.161,-5.02,,9.84,2.1,2.1,0,"HD 129445 ",221.51277,-68.76275
479,152138,0.49,10,0.202,-4.73,5,9.36,3.3,10.5,0,"HD 152138 ",254.04185,-65.3105
472,149079,0.576,10,0.142,-5.11,,9.9,2.3,2.6,0,"HD 149079 ",249.2142,-65.58672
463,147619,0.604,1,0.125,-5.31,,10.16,1.9,2.5,0,"HD 147619 ",246.87263,-66.33817
431,140643,0.898,2,0.293,-4.74,32,9.38,2.7,2.1,1,"HD 140643 ",237.14891,-65.2334
468,148587,0.573,10,0.139,-5.13,,9.95,2.2,2.7,0,"HD 148587 ",248.27332,-63.84225
473,149194,0.559,6,0.151,-5.03,,9.86,2.4,2.7,0,"HD 149194 ",249.26689,-62.24029
467,148628,0.538,3,0.139,-5.13,,9.94,2.2,2.8,0,"HD 148628 ",248.25894,-60.90281
460,147018,0.763,9,0.219,-4.8,29,9.5,2.4,3.6,0,"HD 147018 ",245.75061,-61.68876
438,142137,0.629,3,0.142,-5.12,,9.92,2.2,4.2,0,"HD 142137 ",238.98127,-58.68372
336,109067,0.405,1,0.164,-4.93,3,9.72,2.2,3.0,0,"HD 109067 ",188.20928,-75.43468
348,111232,0.701,18,0.16,-5.02,,9.84,2.1,2.1,1,"HD 111232 ",192.21564,-68.42515
321,106275,0.892,7,0.202,-4.94,44,9.73,2.3,2.1,1,"HD 106275 ",183.46606,-69.06045
376,120329,0.739,5,0.143,-5.13,,9.94,2.1,2.6,0,"HD 120329 ",207.56795,-57.26198
371,119782,0.856,9,0.305,-4.67,27,9.24,2.8,4.4,1,"HD 119782 ",206.67513,-56.85008
378,121504,0.593,20,0.175,-4.89,17,9.66,2.8,3.6,0,"HD 121504 ",209.32183,-56.04004
394,128214,0.72,2,0.173,-4.95,33,9.76,2.2,2.6,0,"HD 128214 ",219.43608,-57.45762
402,130102,0.544,1,0.178,-4.86,11,9.61,2.9,4.8,0,"HD 130102 ",222.10469,-56.43625
388,126525,0.682,9,0.157,-5.03,,9.85,2.4,2.2,1,"HD 126525 ",216.88738,-51.93309
409,132648,0.721,9,0.191,-4.87,29,9.63,2.3,2.1,1,"HD 132648 ",225.47195,-47.00747
497,160859,0.617,11,0.17,-4.92,20,9.72,2.7,2.5,1,"HD 160859 ",266.64971,-62.75184
493,158630,0.6,9,0.157,-5.0,,9.82,2.5,2.5,1,"HD 158630 ",263.52195,-59.77578
485,154672,0.713,14,0.156,-5.04,,9.87,2.1,2.1,0,"HD 154672 ",257.52047,-56.44927
489,156643,0.627,5,0.161,-4.98,23,9.79,2.5,2.4,1,"HD 156643 ",260.33079,-51.12284
454,145666,0.603,11,0.193,-4.8,15,9.51,3.1,4.9,0,"HD 145666 ",243.76733,-56.37454
456,146124,0.76,6,0.293,-4.61,19,9.09,2.8,6.8,1,"HD 146124 ",244.22124,-49.85675
478,152079,0.711,11,0.164,-4.99,34,9.81,2.2,2.1,0,"HD 152079 ",253.3739,-46.33296
469,149189,0.653,1,0.136,-5.18,,10.01,2.1,2.3,0,"HD 149189 ",248.85556,-48.69832
464,148156,0.56,2,0.151,-5.03,,9.85,2.4,2.7,0,"HD 148156 ",247.07202,-46.31763
466,148290,0.502,1,0.148,-5.03,,9.86,2.4,3.0,0,"HD 148290 ",247.23291,-43.45839
494,159902,0.682,1,0.149,-5.08,,9.9,2.3,2.2,0,"HD 159902 ",264.8661,-45.88639
492,158469,0.556,6,0.133,-5.19,,10.02,2.1,2.7,0,"HD 158469 ",262.83232,-39.16531
490,157830,0.685,7,0.195,-4.84,24,9.57,3.1,3.6,1,"HD 157830 ",261.84148,-38.06145
484,154682,0.617,7,0.143,-5.11,,9.91,2.2,2.5,0,"HD 154682 ",257.13654,-36.64303
487,156152,0.644,6,0.143,-5.12,,9.92,2.2,2.3,0,"HD 156152 ",259.32998,-32.06588
452,144899,0.66,4,0.15,-5.07,,9.89,2.3,2.3,0,"HD 144899 ",242.57272,-47.91429
442,143137,0.518,2,0.129,-5.23,,10.07,2.1,2.9,0,"HD 143137 ",240.14337,-45.92852
441,143120,0.78,3,0.131,-5.21,,10.04,2.0,4.3,0,"HD 143120 ",240.09585,-45.45275
433,141366,0.683,2,0.142,-5.13,,9.94,2.2,4.3,0,"HD 141366 ",237.64275,-44.5651
443,143361,0.773,13,0.167,-5.0,41,9.82,2.2,2.1,0,"HD 143361 ",240.45978,-44.43453
458,146817,0.666,10,0.149,-5.07,,9.9,2.3,2.2,0,"HD 146817 ",244.9983,-40.81824
445,143846,0.6,3,0.165,-4.94,19,9.75,2.6,2.5,1,"HD 143846 ",241.0397,-37.30741
423,135625,0.617,3,0.146,-5.09,,9.91,2.3,2.5,0,"HD 135625 ",229.4517,-45.92241
420,135309,0.64,3,0.17,-4.94,23,9.73,2.7,2.4,0,"HD 135309 ",229.02817,-45.4813
426,137214,0.593,2,0.149,-5.06,,9.88,2.3,2.6,0,"HD 137214 ",231.5636,-42.86229
417,134928,0.759,2,0.212,-4.82,30,9.54,2.4,2.1,0,"HD 134928 ",228.49495,-41.46299
418,134929,0.81,1,0.193,-4.91,39,9.69,2.3,2.1,0,"HD 134929 ",228.4957,-41.45833
422,135562,0.652,1,0.129,-5.25,,10.09,1.9,2.6,0,"HD 135562 ",229.26603,-37.72482
437,141885,0.652,2,0.122,-5.34,,10.19,1.8,4.3,1,"HD 141885 ",238.21701,-37.39859
435,141815,0.542,2,0.129,-5.24,,10.08,2.1,2.8,0,"HD 141815 ",238.05802,-34.12182
471,149396,0.704,6,0.257,-4.65,18,9.19,2.6,6.8,0,"HD 149396 ",248.98184,-37.36306
450,144848,0.648,2,0.152,-5.05,,9.87,2.4,2.3,0,"HD 144848 ",242.32096,-35.49867
462,147873,0.575,4,0.128,-5.26,,10.1,2.0,2.6,0,"HD 147873 ",246.43814,-33.56712
444,143673,0.802,4,0.163,-5.02,,9.85,2.1,2.2,0,"HD 143673 ",240.73735,-32.16197
448,144550,0.682,4,0.159,-5.01,,9.84,2.4,2.2,0,"HD 144550 ",241.89335,-31.55244
457,146835,0.585,3,0.199,-4.77,13,9.45,3.2,6.0,1,"HD 146835 ",244.88141,-30.90185
434,141599,0.757,5,0.209,-4.82,30,9.55,2.4,2.1,0,"HD 141599 ",237.7718,-30.08643
455,146070,0.614,2,0.212,-4.73,14,9.37,3.4,6.3,1,"HD 146070 ",243.82956,-27.21026
335,108953,0.8,11,0.179,-4.96,41,9.76,2.2,2.1,0,"HD 108953 ",187.89792,-59.20797
332,107820,0.863,1,0.14,-5.16,,9.97,2.0,4.3,0,"HD 107820 ",185.895,-59.54184
374,120056,0.724,3,0.135,-5.19,,10.02,2.0,4.3,0,"HD 120056 ",207.13184,-55.61488
370,119329,0.735,1,0.147,-5.1,,9.9,2.1,2.5,0,"HD 119329 ",205.93564,-51.62658
343,110273,0.538,2,0.142,-5.1,,9.9,2.3,2.8,0,"HD 110273 ",190.37136,-56.30457
322,106290,0.623,1,0.17,-4.93,21,9.72,2.7,2.4,0,"HD 106290 ",183.46989,-55.2074
328,107077,0.435,7,0.165,-4.92,4,9.7,2.4,3.0,0,"HD 107077 ",184.73817,-53.87243
341,109908,0.583,11,0.268,-4.55,7,8.93,4.4,15.3,0,"HD 109908 ",189.70456,-51.2156
351,112456,0.569,4,0.16,-4.97,16,9.78,2.6,2.7,0,"HD 112456 ",194.34006,-48.63599
350,112121,0.728,4,0.149,-5.09,,9.91,2.1,2.1,0,"HD 112121 ",193.66606,-48.06183
395,128760,0.568,4,0.158,-4.98,16,9.79,2.5,2.7,0,"HD 128760 ",220.05286,-45.54596
392,127423,0.569,13,0.225,-4.67,9,9.23,3.7,9.8,0,"HD 127423 ",218.10238,-37.81736
369,119119,0.589,2,0.126,-5.29,,10.14,1.9,2.6,0,"HD 119119 ",205.58989,-47.25013
383,124595,0.61,5,0.149,-5.06,,9.89,2.3,2.5,0,"HD 124595 ",213.85289,-37.95916
389,126653,0.574,2,0.164,-4.94,16,9.74,2.6,2.6,0,"HD 126653 ",216.93856,-35.25393
380,124227,0.529,1,0.172,-4.88,10,9.64,2.8,4.6,0,"HD 124227 ",213.2528,-31.23917
334,108446,0.872,11,0.302,-4.7,28,9.29,2.7,4.0,1,"HD 108446 ",186.95199,-50.3366
325,106869,0.574,8,0.14,-5.12,,9.93,2.2,2.7,0,"HD 106869 ",184.3828,-48.92559
319,105837,0.57,13,0.159,-4.97,16,9.79,2.5,2.7,1,"HD 105837 ",182.74139,-46.32198
327,107008,0.841,7,0.257,-4.76,31,9.42,2.6,2.1,0,"HD 107008 ",184.6236,-42.42747
337,109591,0.666,12,0.148,-5.09,,9.91,2.3,2.2,0,"HD 109591 ",189.02744,-42.8523
316,104760,0.645,4,0.157,-5.01,,9.83,2.4,2.3,0,"HD 104760 ",180.94289,-44.12281
345,110619,0.664,14,0.169,-4.95,27,9.75,2.6,2.2,1,"HD 110619 ",190.92802,-37.70814
344,110605,0.73,8,0.171,-4.96,35,9.77,2.2,2.1,0,"HD 110605 ",190.88355,-31.38588
379,122245,0.485,1,0.164,-4.92,7,9.71,2.6,4.1,0,"HD 122245 ",210.35737,-31.6207
375,120250,0.461,5,0.126,-5.27,,10.12,1.9,3.0,0,"HD 120250 ",207.22147,-29.66117
352,113027,0.569,13,0.187,-4.82,12,9.53,3.0,5.2,0,"HD 113027 ",195.27828,-33.48013
357,114432,0.756,9,0.357,-4.5,13,8.77,3.1,10.5,1,"HD 114432 ",197.6942,-24.17924
361,116220,0.667,1,0.138,-5.16,,9.99,2.1,2.2,1,"HD 116220 ",200.64197,-22.95191
411,132996,0.613,15,0.154,-5.02,,9.84,2.4,2.5,0,"HD 132996 ",225.82563,-36.92461
401,129946,0.71,1,0.28,-4.6,16,9.06,2.7,8.0,0,"HD 129946 ",221.59369,-33.76616
424,136762,0.624,3,0.236,-4.66,13,9.21,3.8,2.5,0,"HD 136762 ",230.88652,-34.74558
416,134664,0.662,9,0.172,-4.93,26,9.73,2.7,2.3,1,"HD 134664 ",228.04315,-30.88629
419,135446,0.649,7,0.124,-5.31,,10.16,1.9,2.6,1,"HD 135446 ",229.01382,-30.73042
425,136894,0.721,8,0.173,-4.95,33,9.75,2.2,2.1,1,"HD 136894 ",231.01012,-27.30522
412,133131A,0.622,13,0.16,-4.99,23,9.8,2.5,2.4,0,ADS 9488 A,225.89769,-27.84255
413,133131B,0.622,2,0.164,-4.96,22,9.77,2.6,2.4,0,ADS 9488 B,225.8992,-27.84099
405,131900,0.747,1,0.17,-4.97,37,9.79,2.2,2.1,0,"HD 131900 ",224.20274,-20.48998
453,145518,0.616,6,0.209,-4.75,15,9.4,3.4,6.0,1,"HD 145518 ",243.01023,-18.23262
449,144766,0.562,12,0.157,-4.98,15,9.8,2.5,2.7,1,"HD 144766 ",242.02968,-18.24313
429,139061,0.412,1,0.148,-5.04,,9.87,2.0,3.0,0,"HD 139061 ",234.14956,-17.01519
432,141514,0.588,10,0.152,-5.03,,9.86,2.4,2.6,0,"HD 141514 ",237.50254,-14.05115
391,127321,0.615,1,0.13,-5.24,,10.09,2.0,2.5,0,"HD 127321 ",217.80143,-19.97779
396,128987,0.71,13,0.36,-4.45,9,8.64,3.1,14.2,2,"HD 128987 ",220.12961,-16.20929
414,134048,0.727,3,0.139,-5.16,,9.98,2.0,2.6,1,"HD 134048 ",227.02671,-12.05142
421,135725,0.748,6,0.166,-4.99,38,9.81,2.2,2.1,0,"HD 135725 ",229.22089,-8.28556
397,129679,0.6,1,0.315,-4.46,6,8.66,5.2,21.1,0,"HD 129679 ",221.07009,-11.61735
399,129903,0.576,1,0.386,-4.32,2,8.22,6.5,43.3,0,"HD 129903 ",221.33443,-6.73448
596,198477,0.9,6,0.227,-4.88,41,9.64,2.4,2.1,0,"HD 198477 ",320.79105,-87.05228
569,189310,0.896,3,0.381,-4.6,23,9.06,3.1,5.3,1,"HD 189310 ",303.31848,-82.02814
663,222669,0.608,3,0.166,-4.94,20,9.75,2.6,2.5,1,"HD 222669 ",355.98901,-82.5085
628,213401,0.669,2,0.151,-5.06,,9.89,2.3,2.5,0,"HD 213401 ",338.81498,-78.61408
530,175169,0.721,4,0.159,-5.02,,9.85,2.1,2.1,0,"HD 175169 ",286.78529,-80.55246
513,169506,0.608,3,0.13,-5.24,,10.09,2.0,3.0,0,"HD 169506 ",279.26094,-79.6291
517,171990,0.593,13,0.139,-5.14,,9.95,2.2,2.6,0,"HD 171990 ",281.95471,-77.86825
652,220718,0.651,5,0.132,-5.22,,10.05,2.0,2.6,0,"HD 220718 ",351.78069,-72.88162
632,214691,0.735,5,0.149,-5.08,,9.91,2.1,2.1,0,"HD 214691 ",340.64711,-73.24234
524,175167,0.751,9,0.152,-5.07,,9.9,2.1,2.6,0,"HD 175167 ",285.00348,-69.94424
533,177409,0.6,7,0.166,-4.94,19,9.74,2.6,2.5,1,"HD 177409 ",287.47731,-68.29969
568,190125,0.708,10,0.278,-4.6,16,9.07,2.7,8.0,0,"HD 190125 ",302.0133,-67.74705
577,195145,0.738,6,0.178,-4.94,34,9.73,2.2,2.1,0,"HD 195145 ",308.25144,-62.49636
561,187101,0.584,5,0.141,-5.12,,9.93,2.2,2.6,0,"HD 187101 ",297.84856,-58.50987
580,197069,0.579,5,0.168,-4.92,16,9.72,2.7,2.6,0,"HD 197069 ",311.14952,-63.13614
594,202457,0.689,6,0.146,-5.1,,9.9,2.2,2.1,1,"HD 202457 ",319.68459,-61.35281
585,199065,0.658,4,0.246,-4.65,15,9.18,4.0,7.8,0,"HD 199065 ",314.34348,-59.07596
605,205158,0.596,13,0.13,-5.24,,10.09,2.0,2.6,0,"HD 205158 ",323.91883,-59.6932
591,201757,0.714,6,0.14,-5.14,,9.96,2.1,2.6,0,"HD 201757 ",318.36538,-49.79461
662,222743,0.559,4,0.153,-5.02,,9.84,2.5,2.7,0,"HD 222743 ",355.91591,-63.96098
672,224538,0.581,4,0.153,-5.02,,9.84,2.4,2.6,0,"HD 224538 ",359.71568,-61.58677
665,224010,0.628,6,0.146,-5.09,,9.91,2.3,2.4,0,"HD 224010 ",358.65278,-60.34935
640,219011,0.727,6,0.149,-5.09,,9.91,2.1,2.1,0,"HD 219011 ",348.34308,-60.44568
669,224376,0.486,3,0.186,-4.8,6,9.5,3.0,7.5,0,"HD 224376 ",359.36612,-58.96448
671,224464,0.465,2,0.158,-4.96,6,9.77,2.5,3.0,0,"HD 224464 ",359.55482,-57.19679
642,219533,0.684,3,0.138,-5.16,,9.98,2.1,2.4,0,"HD 219533 ",349.24333,-51.31938
629,213941,0.67,4,0.178,-4.91,26,9.69,2.8,2.2,1,"HD 213941 ",339.0321,-54.61062
626,213241,0.463,5,0.149,-5.03,,9.85,2.3,3.0,0,"HD 213241 ",337.76795,-50.39634
633,215456,0.636,7,0.133,-5.2,,10.04,2.0,2.4,1,"HD 215456 ",341.53348,-48.97882
627,213717,0.817,9,0.189,-4.93,40,9.72,2.3,2.1,0,"HD 213717 ",338.54498,-43.06773
643,219556,0.759,3,0.158,-5.04,,9.86,2.1,2.1,0,"HD 219556 ",349.28392,-45.67756
660,221954,0.75,4,0.145,-5.11,,9.92,2.1,2.6,0,"HD 221954 ",354.18573,-42.36231
634,216054,0.741,8,0.176,-4.94,35,9.74,2.2,2.1,1,"HD 216054 ",342.54387,-41.49011
655,220981,0.74,5,0.142,-5.14,,9.95,2.1,2.1,0,"HD 220981 ",352.11196,-37.75717
658,221275,0.799,2,0.236,-4.77,30,9.45,2.5,2.1,1,"HD 221275 ",352.72525,-35.10651
648,220426,0.581,4,0.146,-5.07,,9.9,2.3,2.6,0,"HD 220426 ",350.94953,-33.3789
611,206683,0.657,7,0.15,-5.07,,9.89,2.3,2.3,0,"HD 206683 ",326.29984,-50.44657
612,207315,0.401,2,0.17,-4.89,3,9.66,2.2,3.0,0,"HD 207315 ",327.36419,-49.11848
610,206255,0.727,6,0.131,-5.22,,10.06,2.0,4.3,0,"HD 206255 ",325.59122,-50.09361
609,206025,0.555,14,0.134,-5.18,,10.01,2.1,2.7,0,"HD 206025 ",325.17885,-48.71622
621,210193,0.66,8,0.172,-4.93,25,9.73,2.7,2.3,0,"HD 210193 ",332.39421,-41.22489
601,204807,0.717,2,0.197,-4.85,28,9.59,2.3,2.1,0,"HD 204807 ",323.04793,-40.19814
587,200733,0.519,3,0.135,-5.16,,9.99,2.2,2.9,0,"HD 200733 ",316.65382,-41.38461
597,203432,0.741,6,0.186,-4.9,33,9.68,2.3,2.1,1,"HD 203432 ",320.84402,-41.55251
618,209566,0.758,5,0.156,-5.05,,9.88,2.1,2.1,0,"HD 209566 ",331.27394,-35.18173
604,205045,0.591,6,0.137,-5.16,,9.99,2.1,2.6,0,"HD 205045 ",323.41207,-34.94635
608,205860,0.5,4,0.142,-5.09,,9.91,2.3,3.0,0,"HD 205860 ",324.72802,-31.9093
607,205739,0.546,15,0.139,-5.12,,9.93,2.2,2.8,0,"HD 205739 ",324.53502,-31.73749
619,209659,0.609,6,0.142,-5.12,,9.93,2.2,2.6,0,"HD 209659 ",331.39779,-30.70782
620,209913,0.763,6,0.167,-4.99,40,9.81,2.2,2.1,0,"HD 209913 ",331.86421,-30.42914
622,211366,0.659,10,0.172,-4.93,25,9.72,2.7,2.3,0,"HD 211366 ",334.28547,-30.15366
614,207970,0.733,8,0.155,-5.05,,9.88,2.1,2.1,1,"HD 207970 ",328.42422,-28.67061
631,214385,0.64,5,0.155,-5.03,,9.85,2.4,2.4,1,"HD 214385 ",339.54592,-27.44343
507,165499,0.592,4,0.156,-5.0,19,9.82,2.5,2.6,1,"HD 165499 ",272.60901,-62.0022
528,176354,0.888,7,0.178,-5.01,,9.83,2.1,4.3,0,"HD 176354 ",285.80096,-56.99667
526,176110,0.698,16,0.144,-5.12,,9.92,2.2,3.2,0,"HD 176110 ",285.49492,-56.9721
540,180257,0.644,1,0.13,-5.24,,10.08,2.0,2.5,0,"HD 180257 ",289.82193,-58.72201
557,186268,0.468,2,0.174,-4.86,5,9.61,2.8,2.7,0,"HD 186268 ",296.47753,-52.53121
556,186194,0.697,2,0.15,-5.07,,9.9,2.3,2.1,0,"HD 186194 ",296.36071,-50.868
511,169303,0.564,4,0.13,-5.23,,10.07,2.0,2.6,0,"HD 169303 ",276.82323,-55.95428
521,174545,0.884,5,0.194,-4.95,45,9.76,2.2,2.1,1,"HD 174545 ",283.48861,-54.90628
515,172582,0.685,9,0.16,-5.01,,9.83,2.5,2.2,0,"HD 172582 ",280.91898,-50.16501
525,176151,0.698,4,0.14,-5.15,,9.96,2.1,2.6,0,"HD 176151 ",285.37932,-51.64782
570,191760,0.668,4,0.145,-5.11,,9.91,2.2,2.6,0,"HD 191760 ",303.36145,-46.20103
576,195284,0.709,2,0.301,-4.56,14,8.95,2.8,9.5,0,"HD 195284 ",307.96975,-40.90169
574,193567,0.788,3,0.158,-5.05,,9.87,2.1,2.1,0,"HD 193567 ",305.55512,-35.67636
575,193995,0.716,3,0.14,-5.15,,9.96,2.0,2.6,0,"HD 193995 ",306.12722,-34.71631
567,190647,0.743,4,0.147,-5.1,,9.9,2.1,2.6,0,"HD 190647 ",301.83195,-35.53863
514,172063,0.756,6,0.179,-4.93,36,9.73,2.2,2.1,0,"HD 172063 ",280.13963,-48.56827
510,168788,0.845,4,0.263,-4.75,31,9.4,2.6,3.6,0,"HD 168788 ",275.96219,-45.13999
536,179699,0.596,4,0.131,-5.22,,10.06,2.0,2.6,0,"HD 179699 ",288.83448,-39.66296
504,165271,0.655,5,0.137,-5.17,,10.0,2.1,2.6,0,"HD 165271 ",271.8592,-46.89881
522,175073,0.857,2,0.323,-4.64,25,9.17,2.9,4.9,1,"HD 175073 ",283.82836,-37.49835
520,174541,0.631,4,0.143,-5.12,,9.92,2.2,2.4,0,"HD 174541 ",283.13589,-36.58418
512,170641,0.438,13,0.148,-5.03,,9.86,2.2,3.0,0,"HD 170641 ",278.05782,-38.09878
546,183804,0.564,4,0.273,-4.53,6,8.87,4.5,18.2,0,"HD 183804 ",293.22938,-39.74027
547,184081,0.757,2,0.165,-5.0,,9.82,2.2,3.4,0,"HD 184081 ",293.57296,-37.53722
549,185615,0.734,3,0.156,-5.04,,9.87,2.1,2.1,0,"HD 185615 ",295.30698,-32.87335
539,180204,0.607,3,0.145,-5.09,,9.92,2.3,2.5,0,"HD 180204 ",289.27207,-34.19845
560,187154,0.624,8,0.288,-4.53,9,8.86,4.7,14.3,0,"HD 187154 ",297.43365,-32.76397
559,186853,0.669,6,0.2,-4.81,22,9.52,3.2,4.1,1,"HD 186853 ",296.96292,-29.15928
553,186265,0.79,5,0.146,-5.11,,9.91,2.1,2.1,0,"HD 186265 ",296.0989,-26.94922
535,179640,0.738,7,0.3,-4.58,17,9.01,2.8,8.1,0,"HD 179640 ",288.66039,-31.78905
529,177122,0.591,3,0.151,-5.04,,9.86,2.4,2.6,0,"HD 177122 ",286.17282,-31.37269
531,178076,0.787,9,0.398,-4.47,12,8.68,3.3,10.8,2,"HD 178076 ",287.13221,-30.97265
541,181010,0.842,3,0.207,-4.88,39,9.65,2.3,2.1,0,"HD 181010 ",289.98399,-30.46912
534,179205,0.579,4,0.266,-4.55,7,8.94,4.4,15.4,0,"HD 179205 ",288.17916,-25.6694
542,182228,0.63,3,0.148,-5.08,,9.9,2.3,2.4,0,"HD 182228 ",291.13943,-23.17586
583,197823,0.759,4,0.222,-4.79,28,9.48,2.4,3.7,1,"HD 197823 ",311.81925,-35.15408
592,202041,0.578,3,0.151,-5.03,,9.86,2.4,2.6,0,"HD 202041 ",318.59751,-32.5389
603,205067,0.656,4,0.158,-5.01,,9.83,2.4,2.3,0,"HD 205067 ",323.3791,-27.89026
588,200869,0.851,6,0.157,-5.07,,9.9,2.1,2.1,0,"HD 200869 ",316.73824,-28.44877
581,197499,0.576,5,0.148,-5.05,,9.88,2.4,2.6,0,"HD 197499 ",311.30844,-30.95564
600,204313,0.697,8,0.161,-5.0,,9.82,2.5,2.1,0,"HD 204313 ",322.05086,-21.72626
602,204941,0.878,4,0.218,-4.88,40,9.65,2.3,2.1,1,"HD 204941 ",323.09796,-20.95742
593,202206,0.714,10,0.214,-4.78,25,9.47,2.4,4.1,0,"HD 202206 ",318.7407,-20.78921
617,208704,0.64,3,0.152,-5.05,,9.88,2.3,2.4,1,"HD 208704 ",329.60135,-12.66466
582,197818,0.62,8,0.159,-4.99,23,9.81,2.5,2.4,1,"HD 197818 ",311.64278,-17.1629
558,186803,0.689,9,0.254,-4.65,17,9.18,4.1,7.2,1,"HD 186803 ",296.82542,-18.74666
566,190613,0.629,5,0.145,-5.1,,9.9,2.2,2.4,0,"HD 190613 ",301.59955,-14.91213
589,201796A,0.654,7,0.313,-4.49,9,8.77,5.1,14.7,0,HD 201796A,318.09402,-15.00001
590,201796B,0.654,7,0.317,-4.49,9,8.74,5.2,15.2,0,HD 201796B,318.09326,-14.99933
579,197210,0.711,6,0.183,-4.9,30,9.68,2.2,2.1,0,"HD 197210 ",310.62253,-5.30124
