recno,Star,BJD,RV,e_RV
1,GL433,2451634.67328,0.38,0.9
2,GL433,2451634.67803,-1.8,0.9
3,GL433,2451634.68277,1.19,0.94
4,GL433,2451654.49573,0.24,0.82
5,GL433,2451654.50061,0.9,0.86
6,GL433,2451654.50532,0.34,0.91
7,GL433,2451682.55321,-6.22,1.11
8,GL433,2451682.55807,-2.53,1.45
9,GL433,2451682.56302,-6.08,2.04
10,GL433,2451688.49066,-4.34,0.91
11,GL433,2451688.49549,-5.47,0.94
12,GL433,2451688.50032,-3.49,0.9
13,GL433,2451707.56575,2.35,1.05
14,GL433,2451707.57063,2.74,1.2
15,GL433,2451707.57533,1.8,1.14
16,GL433,2451737.47642,4.63,1.17
17,GL433,2451737.48124,7.36,1.29
18,GL433,2451737.48598,4.17,1.26
19,GL433,2451740.47281,1.79,0.97
20,GL433,2451740.47763,2.25,0.88
21,GL433,2451740.48237,4.68,0.98
22,GL433,2451761.52361,-3.86,1.21
23,GL433,2451761.52807,-2.45,1.28
24,GL433,2451762.48384,-4.46,1.06
25,GL433,2451762.48858,-6.97,1.22
26,GL433,2451762.49366,-7.03,1.23
27,GL433,2451916.81492,-3.07,0.96
28,GL433,2451916.81975,-1.41,1.01
29,GL433,2451916.82446,0.93,0.95
30,GL433,2451946.77336,2.03,0.91
31,GL433,2451946.77816,1.84,0.97
32,GL433,2451946.7829,-0.75,0.83
33,GL433,2452266.83139,0.12,0.87
34,GL433,2452266.8362,2.52,0.88
35,GL433,2452266.84094,0.74,0.9
36,GL433,2452317.65327,5.66,0.84
37,GL433,2452317.65802,4.39,0.84
38,GL433,2452317.66273,6.93,0.84
39,GL433,2452327.66176,-2.98,0.94
40,GL433,2452327.66651,-2.71,0.87
41,GL433,2452327.67127,-4.29,0.87
42,GL433,2452424.50259,-1.53,1.17
43,GL433,2452424.50615,-0.49,1.07
44,GL433,2452424.50966,1.19,1.13
45,GL433,2452425.58549,1.25,1.58
46,GL433,2452425.58898,-5.57,1.46
47,GL433,2452425.59259,-6.0,1.37
48,GL433,2452438.47753,-0.99,1.05
49,GL433,2452438.48112,-1.32,1.04
50,GL433,2452438.48464,-0.3,1.09
51,GL433,2452613.82875,1.84,1.21
52,GL433,2452613.83229,1.3,1.29
53,GL433,2452613.83587,1.62,1.49
54,GL433,2452615.79653,-0.95,1.26
55,GL433,2452615.80005,-2.21,1.13
56,GL433,2452615.80364,-3.05,1.16
57,GL433,2452618.83946,-3.91,1.31
58,GL433,2452618.84302,-2.13,1.38
59,GL433,2452618.84654,-2.54,1.25
60,GL433,2452632.83651,-4.79,1.19
61,GL433,2452632.84003,-3.18,1.28
62,GL433,2452632.8436,-4.13,1.23
63,GL433,2452708.59582,0.0,1.48
64,GL433,2452708.59918,0.74,1.38
65,GL433,2452708.60254,-1.21,1.37
66,GL433,2452709.62359,3.4,1.22
67,GL433,2452709.62692,5.63,1.07
68,GL433,2452709.63035,0.75,1.12
69,GL433,2452744.48549,1.13,1.07
70,GL433,2452744.48887,1.36,1.01
71,GL433,2452744.49224,2.06,0.97
72,GL433,2452761.49128,0.24,1.21
73,GL433,2452761.49462,-0.28,1.35
74,GL433,2452761.49802,1.14,1.12
75,GL433,2453072.86104,-0.66,1.16
76,GL433,2453072.86456,-1.61,1.13
77,GL433,2453072.86819,-2.01,1.15
78,GL433,2453076.71659,2.68,0.99
79,GL433,2453076.72013,3.66,1.1
80,GL433,2453076.7237,2.13,1.05
81,GL433,2453088.81095,-4.19,0.93
82,GL433,2453088.81455,-5.78,1.04
83,GL433,2453088.81809,-4.53,0.99
84,GL433,2453090.83115,0.26,1.37
85,GL433,2453090.83465,-0.64,1.37
86,GL433,2453090.83831,-1.74,1.66
87,GL433,2453095.83449,0.73,1.48
88,GL433,2453095.84243,0.17,1.53
89,GL433,2453095.84605,3.75,1.52
90,GL433,2453098.73917,-1.59,1.02
91,GL433,2453098.74273,-5.13,1.08
92,GL433,2453098.74629,-2.37,1.07
93,GL433,2453112.54094,-7.91,1.04
94,GL433,2453112.54443,-2.04,1.09
95,GL433,2453112.54797,-3.3,1.17
96,GL433,2453126.49569,-6.43,1.55
97,GL433,2453126.49924,-3.5,1.28
98,GL433,2453126.50269,-6.76,1.25
99,GL433,2453354.80356,-2.16,1.5
100,GL433,2453354.80699,-3.66,1.56
101,GL433,2453354.81058,-1.89,1.66
102,GL433,2453395.83084,2.58,1.12
103,GL433,2453395.83437,1.3,1.03
104,GL433,2453395.83794,1.97,1.07
105,GL433,2453401.85844,-0.98,1.17
106,GL433,2453401.86193,-3.61,1.15
107,GL433,2453401.86554,-3.95,1.19
108,GL433,2453430.80152,1.37,1.07
109,GL433,2453430.80507,5.02,0.97
110,GL433,2453430.80864,-0.75,1.0
111,GL433,2453453.60838,6.98,1.13
112,GL433,2453453.61186,6.98,1.08
113,GL433,2453453.61547,4.54,1.03
114,GL433,2453457.58369,-1.38,1.08
115,GL433,2453457.58724,-3.19,1.02
116,GL433,2453457.5908,-2.02,1.1
117,GL433,2453487.6431,-1.85,1.12
118,GL433,2453487.6467,-0.41,1.28
119,GL433,2453487.65025,-2.3,1.27
120,GL433,2453520.49243,5.88,2.26
121,GL433,2453520.49604,3.04,1.65
122,GL433,2453520.49947,4.93,1.86
123,GL433,2453572.47818,4.91,1.08
124,GL433,2453572.48165,7.41,1.19
125,GL433,2453572.48523,5.17,1.18
126,GL433,2453747.85791,4.37,0.98
127,GL433,2453747.8617,0.73,1.06
128,GL433,2453747.86549,5.88,0.99
129,GL433,2453752.66887,0.59,1.05
130,GL433,2453752.67262,-1.66,1.09
131,GL433,2453752.67636,1.85,1.06
132,GL433,2453754.77969,7.29,0.99
133,GL433,2453754.78341,5.98,1.3
134,GL433,2453754.7872,9.05,1.22
135,GL433,2453756.84182,5.66,1.02
136,GL433,2453756.84556,6.53,1.16
137,GL433,2453756.84935,6.03,1.01
138,GL433,2453778.81911,4.38,0.9
139,GL433,2453778.82288,4.46,1.04
140,GL433,2453778.82664,6.46,1.0
141,GL433,2453782.69717,2.34,1.09
142,GL433,2453782.70094,1.05,1.15
143,GL433,2453782.7047,-2.02,1.05
144,GL433,2453783.68386,4.04,1.05
145,GL433,2453783.68762,4.35,1.05
146,GL433,2453783.69138,3.12,1.01
147,GL433,2454106.80064,-5.74,1.38
148,GL433,2454106.80428,-0.85,1.77
149,GL433,2454106.80789,-6.64,2.6
150,GL433,2454106.81312,-5.23,1.49
151,GL433,2454106.81672,-4.42,1.49
152,GL433,2454106.82032,-5.55,1.21
153,GL433,2454158.88339,-4.22,1.66
154,GL433,2454158.88698,-3.09,1.67
155,GL433,2454158.89069,-3.54,1.67
156,GL433,2454170.83197,-1.75,1.32
157,GL433,2454170.83552,-0.08,1.29
158,GL433,2454170.83894,-0.88,1.32
159,GL433,2454178.72798,-0.87,1.08
160,GL433,2454178.73146,-1.46,1.22
161,GL433,2454178.73505,-2.0,1.13
162,GL433,2454187.62845,4.29,1.14
163,GL433,2454187.63206,4.87,1.03
164,GL433,2454187.6355,3.2,1.08
165,GL433,2454188.58389,3.84,1.22
166,GL433,2454188.5875,6.12,1.27
167,GL433,2454188.59099,5.95,1.33
168,GL551,2451634.72189,2.91,0.97
169,GL551,2451634.73153,5.0,1.08
170,GL551,2451634.74109,2.45,1.07
171,GL551,2451654.58788,1.2,1.14
172,GL551,2451654.62677,-2.15,1.41
173,GL551,2451654.63613,0.77,1.23
174,GL551,2451681.76602,-1.93,1.24
175,GL551,2451681.77565,-4.03,1.32
176,GL551,2451681.78538,-2.28,1.36
177,GL551,2451688.53832,2.5,1.06
178,GL551,2451688.54814,2.24,1.02
179,GL551,2451688.55751,2.24,0.98
180,GL551,2451707.61532,0.02,1.0
181,GL551,2451707.62497,-0.26,0.99
182,GL551,2451707.63471,0.7,0.98
183,GL551,2451737.5222,-2.5,1.19
184,GL551,2451737.53193,-2.6,1.43
185,GL551,2451737.54149,0.22,1.58
186,GL551,2451740.57018,0.96,1.02
187,GL551,2451740.58,1.11,1.22
188,GL551,2451740.58963,3.03,1.26
189,GL551,2451761.54208,-1.14,0.91
190,GL551,2451761.55173,-0.93,0.88
191,GL551,2451761.56164,-1.53,0.88
192,GL551,2451818.49052,-2.27,1.18
193,GL551,2451818.50033,-1.41,1.18
194,GL551,2451818.5098,-0.7,1.48
195,GL551,2451919.83423,1.83,1.04
196,GL551,2451919.84408,-1.89,0.97
197,GL551,2451919.85339,-0.51,1.01
198,GL551,2451946.79657,-0.83,1.08
199,GL551,2451946.80631,0.32,1.05
200,GL551,2451946.81936,0.22,0.99
201,GL551,2452118.50875,0.97,1.13
202,GL551,2452118.518,-1.08,1.2
203,GL551,2452118.52799,-2.62,1.34
204,GL551,2452119.48868,-2.65,1.29
205,GL551,2452119.49893,-1.35,1.29
206,GL551,2452119.50801,-2.26,1.05
207,GL551,2452120.4883,-0.78,1.02
208,GL551,2452120.49792,-1.65,0.89
209,GL551,2452120.50755,-2.18,0.98
210,GL551,2452121.49339,1.65,0.96
211,GL551,2452121.50311,1.5,0.9
212,GL551,2452121.51265,0.61,0.95
213,GL551,2452122.49306,-1.02,0.92
214,GL551,2452122.5026,1.69,1.0
215,GL551,2452122.51222,2.58,0.94
216,GL551,2452123.50478,1.61,0.82
217,GL551,2452123.5144,1.24,0.99
218,GL551,2452123.52401,1.1,0.89
219,GL551,2452124.49806,1.59,0.9
220,GL551,2452124.50769,1.07,1.02
221,GL551,2452124.5174,0.1,1.03
222,GL551,2452125.49342,-0.23,0.87
223,GL551,2452125.50305,-0.85,0.96
224,GL551,2452125.51269,0.59,0.84
225,GL551,2452126.49772,0.22,0.9
226,GL551,2452126.50739,0.46,0.89
227,GL551,2452126.51706,0.29,0.87
228,GL551,2452127.49141,-0.33,0.99
229,GL551,2452127.50122,0.0,0.92
230,GL551,2452127.51084,-0.92,0.95
231,GL551,2452128.49829,-1.84,1.0
232,GL551,2452128.50794,0.26,1.01
233,GL551,2452128.51761,-2.89,0.98
234,GL551,2452129.50666,-1.57,0.97
235,GL551,2452129.51619,-2.15,0.92
236,GL551,2452129.52583,-1.21,0.95
237,GL551,2452130.50888,-1.8,0.95
238,GL551,2452130.51849,-1.39,0.96
239,GL551,2452130.52801,-3.55,0.89
240,GL551,2452131.49324,-1.19,0.93
241,GL551,2452131.50267,-2.26,0.94
242,GL551,2452131.51239,-2.24,1.03
243,GL551,2452134.50975,0.04,1.1
244,GL551,2452134.51947,1.5,1.18
245,GL551,2452134.52913,1.37,1.11
246,GL551,2452135.52639,-0.58,1.11
247,GL551,2452135.53604,-0.13,1.04
248,GL551,2452135.5457,0.36,1.21
249,GL551,2452308.85001,-2.64,0.9
250,GL551,2452308.85961,-4.77,0.94
251,GL551,2452308.86913,-1.76,0.89
252,GL551,2452320.83178,1.18,1.14
253,GL551,2452320.84129,-0.85,1.11
254,GL551,2452320.85098,1.81,1.22
255,GL551,2452336.82615,-1.19,0.94
256,GL551,2452336.83656,1.41,1.18
257,GL551,2452336.84544,1.43,0.93
258,GL551,2452336.85642,-0.01,0.9
259,GL551,2452336.86594,-0.36,0.92
260,GL551,2452336.87555,0.43,0.93
261,GL551,2452380.66878,-1.1,1.14
262,GL551,2452380.67816,-3.5,1.18
263,GL551,2452380.68789,0.21,1.16
264,GL551,2452394.72134,-2.84,1.07
265,GL551,2452394.73098,-2.62,0.95
266,GL551,2452394.7407,-1.16,1.01
267,GL551,2452415.58722,-0.96,1.41
268,GL551,2452415.59704,0.55,1.4
269,GL551,2452415.6065,-1.8,1.52
270,GL551,2452424.61133,0.91,1.15
271,GL551,2452424.62079,-0.55,1.15
272,GL551,2452424.63042,0.26,1.08
273,GL551,2452425.64032,0.81,1.35
274,GL551,2452425.64987,-0.51,1.48
275,GL551,2452425.65961,0.65,1.27
276,GL551,2452437.5399,1.3,1.01
277,GL551,2452437.54954,0.58,1.03
278,GL551,2452437.5592,0.7,1.05
279,GL551,2452482.63496,0.0,1.34
280,GL551,2452482.64469,-1.42,1.43
281,GL551,2452482.65416,-0.64,1.65
282,GL551,2452490.58633,-2.04,1.34
283,GL551,2452490.59686,-0.71,1.48
284,GL551,2452490.60559,-0.92,1.55
285,GL551,2452530.49787,0.1,0.98
286,GL551,2452530.50769,0.09,1.01
287,GL551,2452530.51556,-4.09,1.3
288,GL551,2452532.50028,-2.3,1.04
289,GL551,2452532.50983,-1.52,0.94
290,GL551,2452532.51938,0.87,1.14
291,GL551,2452657.82423,-1.57,1.25
292,GL551,2452657.83389,-3.81,1.15
293,GL551,2452657.84355,-1.59,1.15
294,GL551,2452659.78945,-1.23,1.19
295,GL551,2452659.79929,-0.95,1.18
296,GL551,2452659.80885,-1.85,1.13
297,GL551,2452684.81657,-1.46,1.17
298,GL551,2452684.82603,-0.64,1.31
299,GL551,2452684.83575,-3.71,1.32
300,GL551,2452709.68304,-3.73,1.05
301,GL551,2452709.69197,-1.44,1.13
302,GL551,2452709.70096,-4.5,1.13
303,GL551,2452743.8276,3.66,0.99
304,GL551,2452743.83669,-0.78,1.13
305,GL551,2452743.8457,1.53,1.06
306,GL551,2452761.50986,-1.58,1.13
307,GL551,2452761.51887,-0.27,1.1
308,GL551,2452761.52795,0.04,1.06
309,GL551,2452767.88772,-0.8,1.36
310,GL551,2452767.8969,-2.18,1.35
311,GL551,2452767.90607,-2.41,1.53
312,GL551,2452788.48712,2.19,1.24
313,GL551,2452788.49604,2.28,1.15
314,GL551,2452788.50504,0.75,1.22
315,GL551,2453071.87217,-2.67,1.17
316,GL551,2453071.88163,-2.56,1.14
317,GL551,2453071.89126,-2.47,1.04
318,GL551,2453076.88044,-1.9,1.17
319,GL551,2453076.89009,-5.25,1.21
320,GL551,2453076.89963,-6.5,1.35
321,GL551,2453088.82792,3.15,1.08
322,GL551,2453088.83755,2.46,0.97
323,GL551,2453088.84719,3.34,0.94
324,GL551,2453090.8767,-0.26,1.26
325,GL551,2453090.88624,-0.02,1.14
326,GL551,2453090.89569,1.0,1.13
327,GL551,2453095.88502,5.22,1.27
328,GL551,2453095.89485,3.54,1.19
329,GL551,2453095.9043,2.82,1.31
330,GL551,2453096.86669,4.81,1.22
331,GL551,2453096.88055,4.47,1.11
332,GL551,2453096.89019,6.72,1.21
333,GL551,2453098.78582,2.83,1.11
334,GL551,2453098.79543,1.87,1.07
335,GL551,2453098.80505,3.29,1.12
336,GL551,2453112.6903,-2.72,1.39
337,GL551,2453118.54446,1.1,1.27
338,GL551,2453118.55666,-0.57,1.06
339,GL551,2453118.56638,1.42,1.32
340,GL551,2453125.68419,-3.1,1.11
341,GL551,2453125.69382,-3.96,1.04
342,GL551,2453125.70335,-2.5,1.08
343,GL551,2453128.5895,1.56,1.12
344,GL551,2453128.59913,3.46,1.03
345,GL551,2453128.60876,1.78,1.07
346,GL551,2453133.52598,2.16,1.29
347,GL551,2453133.53541,0.68,1.34
348,GL551,2453133.54513,2.43,1.45
349,GL551,2453207.47671,0.41,1.16
350,GL551,2453207.48597,0.15,1.35
351,GL551,2453207.49587,0.77,1.28
352,GL551,2453394.84317,-2.4,1.15
353,GL551,2453394.85272,-3.47,1.09
354,GL551,2453394.86243,-3.64,0.97
355,GL551,2453413.82546,0.46,1.28
356,GL551,2453413.83472,1.71,1.19
357,GL551,2453413.84429,0.27,1.15
358,GL551,2453430.83272,-0.93,0.99
359,GL551,2453430.84225,-0.46,1.0
360,GL551,2453430.85196,-1.64,0.93
361,GL551,2453443.86194,1.52,0.95
362,GL551,2453443.87128,3.5,1.1
363,GL551,2453443.88109,3.95,1.1
364,GL551,2453453.75713,2.59,1.06
365,GL551,2453453.76685,2.45,1.15
366,GL551,2453453.77638,4.08,1.02
367,GL551,2453465.818,0.54,1.27
368,GL551,2453465.82765,-2.97,1.37
369,GL551,2453465.83737,-0.24,1.43
370,GL551,2453487.6767,4.45,1.2
371,GL551,2453487.68625,4.26,1.16
372,GL551,2453487.69588,3.63,1.1
373,GL551,2453495.71989,2.23,1.12
374,GL551,2453495.7296,5.35,1.07
375,GL551,2453495.73914,2.48,1.15
376,GL551,2453520.5112,2.65,1.51
377,GL551,2453520.52055,1.21,1.44
378,GL551,2453520.53016,3.9,1.72
379,GL551,2453748.85372,0.19,1.12
380,GL551,2453748.86379,0.96,1.14
381,GL551,2453748.87295,3.15,1.16
382,GL551,2453783.70404,1.59,1.26
383,GL551,2453783.7137,2.78,1.18
384,GL551,2453783.72364,1.24,1.04
385,GL551,2453813.67416,-1.61,1.11
386,GL551,2453813.68426,-1.23,1.15
387,GL551,2453813.69393,-1.14,1.07
388,GL551,2453823.59914,3.2,1.32
389,GL551,2453823.60887,1.53,1.12
390,GL551,2453823.61887,-0.39,1.1
391,GL551,2454170.85026,-0.93,1.1
392,GL551,2454170.86006,0.04,1.05
393,GL551,2454170.86947,0.51,1.09
394,GL551,2454188.87566,-3.19,1.04
395,GL551,2454188.88516,-1.02,1.11
396,GL551,2454188.89467,-3.1,1.22
397,GL551,2454189.70382,-4.48,1.18
398,GL551,2454189.71351,-0.61,1.2
399,GL551,2454189.72302,-2.07,1.21
400,GL699,2451655.72529,1.79,1.13
401,GL699,2451655.72921,0.05,1.22
402,GL699,2451655.73309,-1.26,1.17
403,GL699,2451681.80795,0.89,1.06
404,GL699,2451681.81196,-0.73,0.98
405,GL699,2451681.81573,2.28,1.29
406,GL699,2451688.66317,-1.28,0.91
407,GL699,2451688.66714,-0.42,0.9
408,GL699,2451688.67106,0.14,0.88
409,GL699,2451707.67233,-1.03,0.88
410,GL699,2451707.68185,-0.29,0.8
411,GL699,2451707.68578,-1.54,0.82
412,GL699,2451737.69886,-5.24,1.02
413,GL699,2451737.70276,-5.15,1.14
414,GL699,2451737.7066,-4.52,1.18
415,GL699,2451740.67769,-1.6,0.87
416,GL699,2451740.68155,-1.04,0.8
417,GL699,2451740.68549,-1.61,0.82
418,GL699,2451761.59655,0.5,0.91
419,GL699,2451761.6005,-0.57,0.8
420,GL699,2451761.60443,0.79,0.84
421,GL699,2451801.5532,-0.19,0.98
422,GL699,2451801.55715,0.03,1.02
423,GL699,2451801.56062,-1.07,1.53
424,GL699,2451802.54067,0.36,0.87
425,GL699,2451802.54468,-0.46,0.94
426,GL699,2451802.54843,0.44,0.96
427,GL699,2451818.5302,-1.69,0.82
428,GL699,2451818.53411,-1.66,0.79
429,GL699,2451818.53803,-2.77,0.86
430,GL699,2451946.89728,0.16,1.26
431,GL699,2451946.90122,-0.48,1.16
432,GL699,2451946.90512,0.55,1.2
433,GL699,2451975.90765,0.44,0.92
434,GL699,2451975.91157,0.36,0.86
435,GL699,2451975.9155,1.07,0.86
436,GL699,2452118.53856,-0.14,1.02
437,GL699,2452118.54204,-1.28,0.93
438,GL699,2452118.54553,0.39,0.99
439,GL699,2452119.5182,1.14,1.03
440,GL699,2452119.52162,0.76,0.98
441,GL699,2452119.52519,0.1,0.88
442,GL699,2452120.51797,1.98,0.96
443,GL699,2452120.52142,1.96,0.93
444,GL699,2452120.52498,0.56,1.0
445,GL699,2452121.52311,1.74,0.94
446,GL699,2452121.52662,1.51,1.05
447,GL699,2452121.53012,3.51,0.93
448,GL699,2452122.52367,-1.54,0.93
449,GL699,2452122.52713,-1.45,1.04
450,GL699,2452122.53065,-0.5,0.97
451,GL699,2452123.5354,-0.1,1.01
452,GL699,2452123.53891,1.21,0.86
453,GL699,2452123.54236,-0.41,0.95
454,GL699,2452124.5286,0.34,0.89
455,GL699,2452124.53203,-1.3,0.94
456,GL699,2452124.53562,-1.32,0.92
457,GL699,2452125.52336,-1.02,0.87
458,GL699,2452125.52684,1.08,0.91
459,GL699,2452125.53031,-1.1,0.83
460,GL699,2452126.52804,-0.29,1.02
461,GL699,2452126.53152,-1.85,0.98
462,GL699,2452126.5351,-0.79,0.84
463,GL699,2452127.523,1.04,0.89
464,GL699,2452127.52655,0.72,0.95
465,GL699,2452127.53007,1.33,0.84
466,GL699,2452128.52911,1.59,1.06
467,GL699,2452128.5326,-1.08,1.03
468,GL699,2452128.53609,2.02,1.0
469,GL699,2452129.53706,-0.16,0.84
470,GL699,2452129.54053,1.14,0.93
471,GL699,2452129.54402,0.42,0.84
472,GL699,2452130.53969,2.15,0.87
473,GL699,2452130.54322,2.97,0.9
474,GL699,2452130.54672,3.27,0.87
475,GL699,2452131.52388,1.27,0.89
476,GL699,2452131.52741,2.22,0.9
477,GL699,2452131.53087,1.07,0.97
478,GL699,2452134.54076,0.21,0.94
479,GL699,2452134.54436,2.47,0.88
480,GL699,2452134.5478,0.46,0.96
481,GL699,2452135.55738,-1.1,0.95
482,GL699,2452135.56103,1.19,1.02
483,GL699,2452135.56445,-0.58,1.02
484,GL699,2452340.83342,-0.22,1.01
485,GL699,2452340.83731,2.53,1.04
486,GL699,2452340.84113,1.41,1.05
487,GL699,2452341.84974,0.43,0.95
488,GL699,2452341.85348,-0.72,1.01
489,GL699,2452341.85759,-1.13,1.06
490,GL699,2452366.87559,1.56,0.96
491,GL699,2452366.87953,2.52,0.89
492,GL699,2452366.88338,1.49,0.83
493,GL699,2452424.76525,-3.07,0.85
494,GL699,2452424.76905,-0.09,0.92
495,GL699,2452424.77282,0.18,0.96
496,GL699,2452438.64147,-4.4,0.94
497,GL699,2452438.6453,-1.16,1.03
498,GL699,2452438.64903,-1.78,0.93
499,GL699,2452466.69582,-1.59,1.03
500,GL699,2452466.69976,0.6,1.0
501,GL699,2452466.70356,0.42,1.11
502,GL699,2452478.68958,-1.01,0.96
503,GL699,2452478.69341,-0.63,0.89
504,GL699,2452478.69718,1.38,0.99
505,GL699,2452492.56711,4.33,0.94
506,GL699,2452492.57088,5.26,0.91
507,GL699,2452492.57471,5.5,0.98
508,GL699,2452496.47103,7.08,0.83
509,GL699,2452496.47482,6.78,0.86
510,GL699,2452496.4787,6.67,0.87
511,GL699,2452497.46462,5.95,1.01
512,GL699,2452497.46839,3.76,0.95
513,GL699,2452497.47214,5.62,1.01
514,GL699,2452498.47004,5.62,1.07
515,GL699,2452498.47403,6.27,0.94
516,GL699,2452498.47776,5.73,0.92
517,GL699,2452499.49384,5.58,0.8
518,GL699,2452499.49762,6.04,0.83
519,GL699,2452499.50143,7.69,0.84
520,GL699,2452501.48483,2.92,0.89
521,GL699,2452501.48863,0.47,0.87
522,GL699,2452501.49248,2.32,0.83
523,GL699,2452502.48636,2.72,1.06
524,GL699,2452502.49452,4.85,1.07
525,GL699,2452502.49826,2.36,1.0
526,GL699,2452535.5529,-0.21,0.86
527,GL699,2452535.55674,-0.36,0.83
528,GL699,2452535.56053,0.22,0.8
529,GL699,2452536.49987,-1.67,0.99
530,GL699,2452536.50366,-0.27,1.03
531,GL699,2452536.50743,0.61,1.03
532,GL699,2452538.5335,-2.21,0.9
533,GL699,2452538.53732,-0.93,0.88
534,GL699,2452538.54108,-1.37,0.86
535,GL699,2452539.51134,1.18,0.83
536,GL699,2452539.51509,0.49,0.85
537,GL699,2452539.51888,-1.6,0.79
538,GL699,2452540.5086,-0.24,0.91
539,GL699,2452540.51233,0.49,0.86
540,GL699,2452540.5162,0.47,0.91
541,GL699,2452687.87473,-4.98,1.02
542,GL699,2452687.87896,-3.2,1.07
543,GL699,2452687.88292,-2.76,1.04
544,GL699,2452687.8868,-1.75,1.0
545,GL699,2452709.88046,0.56,0.98
546,GL699,2452709.88419,0.57,1.03
547,GL699,2452709.88793,1.4,0.9
548,GL699,2452743.88736,1.56,0.97
549,GL699,2452743.89108,3.49,0.91
550,GL699,2452743.89479,1.08,0.94
551,GL699,2452763.89349,3.19,0.99
552,GL699,2452763.89705,4.22,1.16
553,GL699,2452763.90103,2.63,1.11
554,GL699,2452804.66115,-2.21,0.89
555,GL699,2452804.66483,-0.1,0.91
556,GL699,2452804.66868,-0.36,0.94
557,GL699,2452839.58427,1.09,1.03
558,GL699,2452839.58794,2.52,0.94
559,GL699,2452839.59174,3.23,1.05
560,GL699,2453070.88331,-0.46,0.84
561,GL699,2453070.88719,-1.59,0.85
562,GL699,2453070.89116,0.6,0.92
563,GL699,2453082.887,-5.52,0.85
564,GL699,2453082.8909,-5.88,0.83
565,GL699,2453082.89481,-4.83,0.86
566,GL699,2453088.88186,-7.86,0.83
567,GL699,2453088.8858,-5.88,0.78
568,GL699,2453088.88971,-8.17,0.91
569,GL699,2453099.86131,-1.68,0.85
570,GL699,2453099.86521,-0.2,0.93
571,GL699,2453099.86908,-0.09,0.92
572,GL699,2453125.87877,-1.74,1.06
573,GL699,2453125.88267,-2.37,1.01
574,GL699,2453125.88656,-3.43,1.19
575,GL699,2453165.78051,-0.6,0.94
576,GL699,2453165.7845,-0.46,1.09
577,GL699,2453165.78819,-0.03,0.93
578,GL699,2453191.6434,-5.89,0.85
579,GL699,2453191.6473,-6.16,0.93
580,GL699,2453191.65119,-5.61,0.82
581,GL699,2453277.53227,0.87,0.81
582,GL699,2453277.53617,2.14,0.85
583,GL699,2453277.54017,2.13,0.91
584,GL699,2453430.86182,0.65,1.01
585,GL699,2453430.86571,0.69,1.01
586,GL699,2453430.86961,0.7,0.99
587,GL699,2453445.89056,-3.57,0.9
588,GL699,2453445.89445,-2.51,0.92
589,GL699,2453445.89834,-1.27,0.88
590,GL699,2453446.82094,-4.55,1.05
591,GL699,2453446.82482,-5.25,0.97
592,GL699,2453446.82868,-4.68,1.0
593,GL699,2453483.86019,-1.11,0.85
594,GL699,2453483.86759,-1.13,0.82
595,GL699,2453483.875,-0.38,0.8
596,GL699,2453505.85941,-0.05,1.19
597,GL699,2453505.8634,-2.31,1.22
598,GL699,2453505.86719,2.32,0.99
599,GL699,2453520.68081,-5.84,2.03
600,GL699,2453520.6846,-1.86,1.67
601,GL699,2453533.69441,-2.2,1.06
602,GL699,2453533.69815,-1.72,1.1
603,GL699,2453533.70212,-3.71,0.96
604,GL699,2453549.7332,-0.46,0.91
605,GL699,2453549.73716,-1.1,0.97
606,GL699,2453549.741,-0.88,0.93
607,GL699,2453622.49141,2.36,0.85
608,GL699,2453622.49532,2.45,0.81
609,GL699,2453622.49919,0.1,0.92
610,GL699,2453658.50631,-2.01,1.01
611,GL699,2453658.51028,-2.64,1.07
612,GL699,2453658.51416,-2.97,1.12
613,GL699,2453813.8394,-5.19,0.91
614,GL699,2453813.84357,-3.52,0.86
615,GL699,2453813.84768,-3.98,0.88
616,GL699,2453991.50268,-0.43,1.24
617,GL699,2453991.50673,0.74,1.15
618,GL699,2453991.5106,1.75,1.18
619,GL699,2454012.55419,1.69,0.93
620,GL699,2454012.55814,1.9,0.96
621,GL699,2454012.56204,-0.44,0.93
622,GL699,2454013.50699,0.5,0.83
623,GL699,2454013.51094,1.91,0.9
624,GL699,2454013.5148,1.78,0.82
625,HD225213,2451865.58963,-2.75,1.93
626,HD225213,2451865.59047,-3.03,1.92
627,HD225213,2451865.59131,-3.57,1.91
628,HD225213,2451889.55473,1.46,2.4
629,HD225213,2451889.55558,0.0,2.48
630,HD225213,2451889.55644,-1.55,2.37
631,HD225213,2451892.64547,-5.1,2.09
632,HD225213,2451892.64633,6.19,2.08
633,HD225213,2451892.64718,2.19,2.54
634,HD225213,2452808.89983,4.11,1.0
635,HD225213,2452808.90119,5.61,1.01
636,HD225213,2452808.90256,4.35,0.97
637,HD225213,2452816.91764,1.71,0.96
638,HD225213,2452816.91903,2.36,0.99
639,HD225213,2452816.92034,-2.35,0.97
640,HD225213,2452851.65724,-0.12,1.32
641,HD225213,2452851.65859,-2.73,1.32
642,HD225213,2452851.65995,0.43,1.21
643,HD225213,2452854.85169,-0.83,1.16
644,HD225213,2452854.85305,-1.2,1.15
645,HD225213,2452854.85442,-1.85,1.07
646,HD225213,2453185.77441,0.75,0.95
647,HD225213,2453192.8535,1.32,1.01
648,HD225213,2453202.93304,0.28,0.8
649,HD225213,2453217.83385,-1.25,0.76
650,HD225213,2453217.8368,1.12,0.69
651,HD225213,2453291.7085,-0.88,0.94
652,HD225213,2453328.54944,-1.62,0.87
653,HD225213,2453575.79369,2.16,0.78
654,HD225213,2453596.67581,4.8,0.85
655,HD225213,2453632.66792,-0.22,0.8
656,HD225213,2453645.75215,4.63,0.78
657,HD225213,2453660.65348,4.07,0.73
658,HD225213,2453671.75649,0.74,1.0
659,HD225213,2453687.57106,-0.83,0.72
660,HD225213,2453750.54828,0.63,0.91
661,HD225213,2453993.83476,-0.73,0.81
662,HD225213,2454014.50657,-0.03,0.88
663,HD225213,2454034.59861,-0.62,1.03
664,HD225213,2454040.50819,-0.7,0.86
665,HD42581,2451863.84375,-3.78,1.73
666,HD42581,2451863.8446,-3.91,1.78
667,HD42581,2451863.84544,-4.39,1.43
668,HD42581,2451892.81403,2.23,1.67
669,HD42581,2451892.81487,0.48,1.63
670,HD42581,2451892.81573,0.76,1.7
671,HD42581,2451902.86025,7.76,2.23
672,HD42581,2451902.86109,5.92,2.62
673,HD42581,2451902.86194,7.93,2.46
674,HD42581,2451918.71734,-5.16,1.93
675,HD42581,2451918.71819,-7.76,1.77
676,HD42581,2451918.71906,1.85,1.84
677,HD42581,2451946.57143,1.63,1.99
678,HD42581,2451946.5723,1.05,1.94
679,HD42581,2451946.57314,-0.1,1.92
680,HD42581,2451962.54485,-14.08,1.96
681,HD42581,2451962.54571,-9.27,1.76
682,HD42581,2451962.54657,-14.07,2.01
683,HD42581,2451975.53691,-4.63,1.77
684,HD42581,2451975.53778,-1.55,1.79
685,HD42581,2451975.53861,-5.18,1.74
686,HD42581,2452190.85709,-7.75,1.14
687,HD42581,2452190.85832,-5.77,1.13
688,HD42581,2452190.85953,-9.05,1.18
689,HD42581,2452213.75558,-9.97,1.09
690,HD42581,2452213.7568,-8.64,1.13
691,HD42581,2452213.75803,-8.41,1.24
692,HD42581,2452235.85373,-6.9,1.16
693,HD42581,2452235.85496,-8.68,1.07
694,HD42581,2452235.85619,-4.14,1.13
695,HD42581,2452247.79485,-4.87,1.48
696,HD42581,2452247.79605,-8.29,1.33
697,HD42581,2452247.79727,-5.96,1.89
698,HD42581,2452280.67069,4.04,0.98
699,HD42581,2452280.67192,-1.57,1.07
700,HD42581,2452280.67315,0.95,1.16
701,HD42581,2452308.52581,1.11,0.99
702,HD42581,2452308.52703,-0.4,1.0
703,HD42581,2452308.52826,0.0,1.08
704,HD42581,2452618.80045,-4.65,1.07
705,HD42581,2452618.80195,-3.13,1.06
706,HD42581,2452618.80347,-6.35,1.06
707,HD42581,2452632.82778,1.51,1.36
708,HD42581,2452632.82929,0.37,1.13
709,HD42581,2452632.83086,0.73,1.14
710,HD42581,2452657.66536,-1.43,0.89
711,HD42581,2452657.66688,0.96,0.9
712,HD42581,2452657.66841,-1.77,0.93
713,HD42581,2452659.72482,-2.22,0.99
714,HD42581,2452659.72638,-2.18,0.94
715,HD42581,2452659.72796,-1.37,1.01
716,HD42581,2452684.67316,-6.67,0.96
717,HD42581,2453328.83513,0.68,0.84
718,HD42581,2453328.8371,3.01,0.79
719,HD42581,2453328.8391,1.19,0.91
720,HD42581,2453352.56132,6.09,3.03
721,HD42581,2453352.5633,7.36,2.69
722,HD42581,2453352.56536,3.84,2.78
723,HD42581,2453363.57235,2.99,0.89
724,HD42581,2453363.57646,2.35,0.79
725,HD42581,2453363.57848,1.16,0.92
726,HD42581,2453363.58047,1.45,0.91
727,HD42581,2453642.87927,2.31,0.72
728,HD42581,2453643.88308,2.85,0.68
729,HD42581,2453658.87218,-1.95,0.6
730,HD42581,2453690.77707,-4.37,0.68
731,HD42581,2453711.59161,1.51,0.63
732,HD42581,2454013.80723,0.71,0.65
733,HD42581,2454027.85061,1.4,0.7
734,HD42581,2454077.81064,3.7,0.74
735,HD42581,2454086.84947,4.61,0.71
736,HD42581,2454130.64294,1.36,0.6
737,HD42581,2454187.56217,6.61,0.72
738,HD42581,2454188.53545,6.23,0.8
739,HIP104059,2452483.80171,-1.35,1.08
740,HIP104059,2452483.81565,1.95,1.12
741,HIP104059,2452483.82948,0.93,1.27
742,HIP104059,2452490.66359,-3.76,1.14
743,HIP104059,2452490.67754,-3.5,1.43
744,HIP104059,2452490.69191,-1.66,1.5
745,HIP104059,2452501.58531,0.99,1.0
746,HIP104059,2452501.59913,0.32,0.94
747,HIP104059,2452501.61295,5.02,0.97
748,HIP104059,2452521.67198,5.12,1.31
749,HIP104059,2452521.68552,1.98,1.26
750,HIP104059,2452521.69958,1.37,1.56
751,HIP104059,2452527.59455,1.39,1.42
752,HIP104059,2452527.70303,-0.05,1.01
753,HIP104059,2452527.71672,3.69,0.93
754,HIP104059,2452527.73041,3.19,0.93
755,HIP104059,2452531.50612,-0.54,1.02
756,HIP104059,2452531.5198,1.98,1.14
757,HIP104059,2452531.53386,1.41,1.11
758,HIP104059,2452538.55399,-0.81,1.01
759,HIP104059,2452538.56742,1.3,0.97
760,HIP104059,2452538.58124,3.35,1.09
761,HIP104059,2452763.81252,0.35,2.25
762,HIP104059,2452763.82334,-5.61,2.06
763,HIP104059,2452763.83478,-3.12,2.12
764,HIP104059,2452802.75355,2.16,1.44
765,HIP104059,2452802.76457,0.67,1.24
766,HIP104059,2452802.77547,4.12,1.3
767,HIP104059,2452822.7476,-4.65,1.85
768,HIP104059,2452822.75831,-0.16,1.57
769,HIP104059,2452822.76894,0.0,1.54
770,HIP104059,2452830.73438,-2.6,1.23
771,HIP104059,2452830.74541,0.04,1.18
772,HIP104059,2452830.75645,-2.42,1.08
773,HIP104059,2452839.62048,-4.87,1.4
774,HIP104059,2452839.63109,-2.63,1.77
775,HIP104059,2452839.64284,-3.22,1.58
776,HIP104059,2453125.90361,-1.61,1.5
777,HIP104059,2453147.84237,5.44,1.07
778,HIP104059,2453280.55706,-2.12,1.24
779,HIP104059,2453320.57575,-0.07,1.91
780,HIP104059,2453505.87997,-2.24,1.33
781,HIP104059,2453534.7745,1.35,1.37
782,HIP104059,2453547.78761,-3.56,1.35
783,HIP104059,2453622.50995,-1.83,1.14
784,HIP104059,2453658.52646,-2.48,1.1
785,HIP104059,2453676.51454,0.1,1.07
786,HIP104059,2453991.48974,-7.0,2.72
787,HIP104059,2453999.65023,1.67,1.31
788,HIP104432,2452483.84279,-1.99,1.31
789,HIP104432,2452483.85113,-1.72,1.36
790,HIP104432,2452483.85932,1.38,1.21
791,HIP104432,2452521.71329,1.55,1.39
792,HIP104432,2452521.72131,-0.85,1.43
793,HIP104432,2452521.72972,1.02,1.29
794,HIP104432,2452527.64422,0.68,1.14
795,HIP104432,2452527.65217,0.93,1.12
796,HIP104432,2452527.6608,3.02,1.25
797,HIP104432,2452538.59512,0.78,1.01
798,HIP104432,2452538.60339,-0.59,1.09
799,HIP104432,2452538.61166,-0.92,1.09
800,HIP104432,2452540.52604,1.42,1.09
801,HIP104432,2452540.53414,0.19,1.2
802,HIP104432,2452540.54249,0.88,1.06
803,HIP104432,2452542.54456,2.96,1.02
804,HIP104432,2452542.55282,3.38,0.97
805,HIP104432,2452542.56092,0.96,1.14
806,HIP104432,2452763.84873,0.16,2.41
807,HIP104432,2452763.85536,-3.51,2.11
808,HIP104432,2452763.86192,-1.93,1.67
809,HIP104432,2452804.77557,0.81,1.17
810,HIP104432,2452804.7822,0.22,1.19
811,HIP104432,2452804.7887,1.42,1.12
812,HIP104432,2452822.7813,-1.49,1.95
813,HIP104432,2452822.78772,-0.62,1.53
814,HIP104432,2452822.79458,0.21,1.74
815,HIP104432,2453129.8428,1.68,1.19
816,HIP104432,2453129.84938,1.49,1.14
817,HIP104432,2453129.85594,0.19,1.06
818,HIP104432,2453138.83109,2.74,1.43
819,HIP104432,2453138.83768,-1.07,1.53
820,HIP104432,2453138.8443,-3.9,1.45
821,HIP104432,2453150.82258,-3.15,1.53
822,HIP104432,2453150.8294,-2.44,1.56
823,HIP104432,2453150.83595,-0.9,1.52
824,HIP104432,2453168.89151,4.46,1.13
825,HIP104432,2453168.89805,0.66,1.12
826,HIP104432,2453168.90456,1.45,1.09
827,HIP104432,2453185.91515,0.6,1.21
828,HIP104432,2453185.92172,-0.17,1.29
829,HIP104432,2453185.92834,0.89,1.37
830,HIP104432,2453205.77652,-5.81,2.08
831,HIP104432,2453205.78349,-5.47,2.17
832,HIP104432,2453205.78994,-5.49,1.57
833,HIP104432,2453221.73596,1.51,1.34
834,HIP104432,2453221.7426,-0.29,1.17
835,HIP104432,2453221.74915,3.05,1.24
836,HIP104432,2453232.72758,2.92,1.27
837,HIP104432,2453232.73414,-0.53,1.48
838,HIP104432,2453232.74083,2.04,1.57
839,HIP104432,2453249.62513,0.31,1.14
840,HIP104432,2453249.63169,-0.31,1.25
841,HIP104432,2453249.63838,1.96,1.34
842,HIP104432,2453250.67533,3.09,1.36
843,HIP104432,2453250.68185,-2.4,1.22
844,HIP104432,2453250.68841,1.63,1.33
845,HIP104432,2453251.69429,-1.89,1.22
846,HIP104432,2453251.70079,0.96,1.08
847,HIP104432,2453251.70742,-2.65,1.15
848,HIP104432,2453252.77826,-0.26,1.87
849,HIP104432,2453252.78648,-0.64,2.86
850,HIP104432,2453252.79178,-3.66,1.87
851,HIP104432,2453275.66313,0.05,1.13
852,HIP104432,2453275.6698,-3.27,1.27
853,HIP104432,2453275.67644,-2.36,1.25
854,HIP104432,2453275.68297,-1.12,1.32
855,HIP104432,2453280.56801,-0.17,1.28
856,HIP104432,2453280.57492,2.39,1.23
857,HIP104432,2453280.58177,-1.38,1.13
858,HIP104432,2453320.54649,1.85,1.64
859,HIP104432,2453320.55324,4.77,1.78
860,HIP104432,2453320.56028,-2.6,1.73
861,HIP104432,2453333.53858,0.72,1.5
862,HIP104432,2453333.54578,1.81,1.49
863,HIP104432,2453333.55274,-1.25,1.66
864,HIP104432,2453335.56331,-0.59,1.66
865,HIP104432,2453335.57023,-1.82,1.83
866,HIP104432,2453335.57701,0.38,1.87
867,HIP104432,2453505.8917,-0.33,1.44
868,HIP104432,2453505.89859,-0.91,1.27
869,HIP104432,2453505.90586,1.15,1.21
870,HIP104432,2453529.89939,3.98,1.28
871,HIP104432,2453529.90642,-0.34,1.21
872,HIP104432,2453529.91344,-1.28,1.18
873,HIP104432,2453549.78882,-2.51,1.19
874,HIP104432,2453549.79572,-2.23,1.13
875,HIP104432,2453549.80283,-2.8,1.27
876,HIP104432,2453593.63063,-1.52,1.24
877,HIP104432,2453593.63781,0.46,1.11
878,HIP104432,2453593.64464,1.17,1.29
879,HIP104432,2453638.52364,-1.9,1.48
880,HIP104432,2453638.53079,1.59,1.49
881,HIP104432,2453638.53795,0.0,1.54
882,HIP104432,2453652.57873,2.52,1.24
883,HIP104432,2453652.58575,2.6,1.36
884,HIP104432,2453652.59272,0.1,1.15
885,HIP104432,2453680.51598,-0.5,1.21
886,HIP104432,2453680.52308,-1.68,1.12
887,HIP104432,2453680.53006,-0.54,1.11
888,HIP104432,2453687.53639,1.96,0.94
889,HIP104432,2453687.54341,-0.51,1.09
890,HIP104432,2453687.55046,-0.51,1.07
891,HIP104432,2453999.62442,-3.19,1.45
892,HIP104432,2453999.63154,-4.5,1.39
893,HIP104432,2453999.63862,-1.8,1.34
894,HIP10812,2453281.8291,-1538.75,1.14
895,HIP10812,2453320.62305,0.0,1.28
896,HIP10812,2453578.90965,-2068.75,1.59
897,HIP10812,2453608.77055,-1928.2,1.21
898,HIP10812,2453624.71451,-1341.53,1.49
899,HIP10812,2453632.71824,-1024.38,1.03
900,HIP10812,2453660.67886,92.44,1.01
901,HIP10812,2453750.60317,-2194.97,1.28
902,HIP10812,2453993.8449,-84.44,1.02
903,HIP10812,2454006.76717,413.49,1.53
904,HIP10812,2454013.79635,671.24,1.14
905,HIP10812,2454014.60682,700.94,1.48
906,HIP10812,2454041.64917,1329.07,1.28
907,HIP10812,2454047.65061,1258.96,1.05
908,HIP108569,2453116.9047,2.84,1.88
909,HIP108569,2453127.86049,-1.93,0.88
910,HIP108569,2453133.91217,-2.59,1.06
911,HIP108569,2453135.90586,-3.12,0.94
912,HIP108569,2453146.85771,0.8,1.19
913,HIP108569,2453190.70951,-1.32,1.43
914,HIP108569,2453280.59105,0.58,1.01
915,HIP108569,2453329.52932,2.88,1.9
916,HIP108569,2453483.90741,2.05,1.55
917,HIP108569,2453487.87615,1.57,1.42
918,HIP108569,2453488.8802,-1.03,1.29
919,HIP108569,2453632.58902,0.08,1.11
920,HIP108569,2453645.49702,1.45,1.08
921,HIP108569,2453661.50531,-2.17,0.97
922,HIP108569,2453991.51882,-3.18,1.62
923,HIP108569,2453996.64703,-9.03,1.47
924,HIP108569,2454042.57978,0.0,1.08
925,HIP110534,2452480.77273,-1.79,1.25
926,HIP110534,2452480.78026,-2.36,1.3
927,HIP110534,2452480.78757,-3.96,1.61
928,HIP110534,2452482.80045,-8.3,1.33
929,HIP110534,2452482.80778,-6.19,1.32
930,HIP110534,2452482.81524,-3.61,1.24
931,HIP110534,2452521.75871,1.52,1.6
932,HIP110534,2452521.7663,2.93,1.4
933,HIP110534,2452521.77347,2.43,1.43
934,HIP110534,2452527.6744,0.09,1.04
935,HIP110534,2452527.68174,-2.2,1.01
936,HIP110534,2452527.68912,0.0,1.0
937,HIP110534,2452529.7785,1.31,1.12
938,HIP110534,2452529.78581,0.29,1.08
939,HIP110534,2452529.79317,1.51,1.19
940,HIP110534,2452531.61239,1.4,1.17
941,HIP110534,2452531.61963,0.02,1.08
942,HIP110534,2452531.627,-0.39,1.08
943,HIP110534,2452763.87299,-2.4,2.1
944,HIP110534,2452763.87862,-5.33,1.78
945,HIP110534,2452763.88445,-5.55,1.54
946,HIP110534,2452768.89633,1.87,1.18
947,HIP110534,2452768.90223,2.45,1.16
948,HIP110534,2452768.90814,5.64,1.17
949,HIP110534,2452792.79767,3.15,2.07
950,HIP110534,2452792.80348,4.58,2.31
951,HIP110534,2452792.80959,5.33,1.91
952,HIP110534,2453138.85547,11.0,1.11
953,HIP110534,2453175.89951,-0.67,1.01
954,HIP110534,2453280.5999,-3.22,1.22
955,HIP110534,2453329.54101,4.59,1.47
956,HIP110534,2453488.8904,4.08,1.23
957,HIP110534,2453495.90344,-1.21,1.22
958,HIP110534,2453632.59979,-4.47,0.9
959,HIP110534,2453658.54373,-3.47,0.94
960,HIP110534,2453670.51761,5.91,1.06
961,HIP110534,2453991.53076,-7.66,1.46
962,HIP110534,2453996.67143,-7.19,1.27
963,HIP110534,2454041.62089,-10.84,1.36
964,HIP112452,2453165.90663,0.22,1.81
965,HIP112452,2453191.90562,3.81,2.32
966,HIP112452,2453192.82921,4.39,1.9
967,HIP112452,2453281.55192,-8.63,1.53
968,HIP112452,2453320.59212,-1.86,1.61
969,HIP112452,2453488.9037,-4.88,1.71
970,HIP112452,2453495.91623,3.56,1.77
971,HIP112452,2453534.7915,3.49,1.95
972,HIP112452,2453632.61243,0.0,1.49
973,HIP112452,2453645.50696,-2.8,1.56
974,HIP112452,2453993.75633,-3.99,1.69
975,HIP112452,2453996.65816,7.88,1.69
976,HIP112452,2454013.5569,-4.92,1.4
977,HIP112452,2454040.53196,-5.83,1.34
978,HIP114411,2451864.56679,-0.2,2.9
979,HIP114411,2451864.56856,-0.47,2.97
980,HIP114411,2451864.57033,-12.42,3.2
981,HIP114411,2452792.82062,-1.01,1.48
982,HIP114411,2452792.82995,6.01,1.43
983,HIP114411,2452792.83896,2.98,1.4
984,HIP114411,2452793.80528,-1.88,1.92
985,HIP114411,2452793.81416,1.51,1.66
986,HIP114411,2452793.82339,4.98,1.59
987,HIP114411,2452802.83822,2.49,1.22
988,HIP114411,2452802.84744,1.68,1.19
989,HIP114411,2452802.85676,-0.24,1.19
990,HIP114411,2452822.80512,2.78,1.58
991,HIP114411,2452822.81445,1.82,1.57
992,HIP114411,2452822.82386,0.14,1.59
993,HIP114411,2452848.71683,3.28,1.11
994,HIP114411,2452848.72614,1.72,1.06
995,HIP114411,2452848.73539,-0.79,1.1
996,HIP114411,2453139.90889,3.34,0.97
997,HIP114411,2453205.74931,-3.97,1.13
998,HIP114411,2453281.56628,1.21,1.09
999,HIP114411,2453311.51369,3.17,1.12
1000,HIP114411,2453488.91695,-3.89,1.2
1001,HIP114411,2453505.91811,-0.77,1.07
1002,HIP114411,2453534.80592,-2.01,1.1
1003,HIP114411,2453547.77388,1.72,1.18
1004,HIP114411,2453595.89582,-3.25,1.5
1005,HIP114411,2453632.62605,-3.52,1.14
1006,HIP114411,2453660.53246,0.0,1.21
1007,HIP114411,2453670.53108,0.85,1.06
1008,HIP114411,2453991.56063,2.06,1.28
1009,HIP114411,2453999.68193,-3.62,1.09
1010,HIP114411,2454034.589,-0.84,1.6
1011,HIP114411,2454042.59012,1.91,1.09
1012,HIP117886,2452804.80101,0.61,1.73
1013,HIP117886,2452804.80766,-6.48,1.6
1014,HIP117886,2452804.81416,-3.65,1.76
1015,HIP117886,2452809.86307,-7.9,1.65
1016,HIP117886,2452809.86964,0.06,1.65
1017,HIP117886,2452822.83436,6.44,2.14
1018,HIP117886,2452822.84123,1.84,1.73
1019,HIP117886,2452822.84855,8.89,1.99
1020,HIP117886,2453150.91377,-2.06,1.6
1021,HIP117886,2453205.7626,-1.73,1.55
1022,HIP117886,2453311.52809,2.51,1.55
1023,HIP117886,2453350.55862,2.81,1.6
1024,HIP117886,2453534.82124,-1.51,1.57
1025,HIP117886,2453587.80972,-0.32,1.57
1026,HIP117886,2453593.65762,-3.27,1.63
1027,HIP117886,2453638.55113,-1.76,1.69
1028,HIP117886,2453680.54232,0.0,1.46
1029,HIP117886,2453687.56208,5.98,1.46
1030,HIP117886,2453991.54686,3.23,2.27
1031,HIP117886,2453999.66677,4.08,1.49
1032,HIP1276,2453291.71832,112.17,2.79
1033,HIP1276,2453328.53986,99.0,2.97
1034,HIP1276,2453575.80356,28.37,2.88
1035,HIP1276,2453596.6871,25.07,3.03
1036,HIP1276,2453632.67703,-19.59,2.91
1037,HIP1276,2453645.76193,40.97,2.4
1038,HIP1276,2453660.66351,1.67,2.38
1039,HIP1276,2453662.64317,0.0,2.16
1040,HIP1276,2453750.55751,-34.61,2.34
1041,HIP1276,2453993.7702,-594.86,4.2
1042,HIP1276,2454014.51726,-643.27,5.26
1043,HIP1276,2454034.60639,-686.22,6.64
1044,HIP1276,2454040.51848,-690.5,5.03
1045,HIP13389,2451863.81798,-8.33,3.83
1046,HIP13389,2451863.81984,-8.12,3.56
1047,HIP13389,2451892.6706,-3.7,2.6
1048,HIP13389,2451892.67248,2.44,2.47
1049,HIP13389,2451892.67438,0.0,2.99
1050,HIP13389,2451902.53017,12.89,3.53
1051,HIP13389,2451902.53211,8.26,3.6
1052,HIP13389,2451902.53404,14.12,3.56
1053,HIP13389,2451918.53895,2.62,3.66
1054,HIP13389,2451918.54084,10.96,3.81
1055,HIP13389,2451918.54275,11.98,3.73
1056,HIP13389,2452189.76575,-3.3,1.71
1057,HIP13389,2452189.77367,-6.12,1.59
1058,HIP13389,2452189.7815,-6.75,1.66
1059,HIP13389,2452213.67398,-5.13,1.19
1060,HIP13389,2452213.68204,-3.01,1.18
1061,HIP13389,2452213.68995,-0.52,1.26
1062,HIP13389,2452234.64424,1.98,1.61
1063,HIP13389,2452234.65217,2.37,1.3
1064,HIP13389,2452234.66023,5.6,1.33
1065,HIP13389,2452235.68677,3.47,1.2
1066,HIP13389,2452235.69476,4.94,1.15
1067,HIP13389,2452235.70268,3.76,1.12
1068,HIP13389,2452247.5909,4.54,1.45
1069,HIP13389,2452247.59888,4.79,1.41
1070,HIP13389,2452247.60672,3.92,1.4
1071,HIP13389,2452265.62707,-5.84,1.01
1072,HIP13389,2452265.63515,-3.4,1.0
1073,HIP13389,2452265.64315,-2.39,1.02
1074,HIP13389,2452280.61242,-3.98,1.12
1075,HIP13389,2452280.62044,-8.0,1.17
1076,HIP13389,2452280.62846,-4.63,1.21
1077,HIP13389,2452613.79276,-1.42,1.28
1078,HIP13389,2452613.80584,0.81,1.2
1079,HIP13389,2452613.81819,-3.31,1.17
1080,HIP13389,2452618.72492,-0.14,1.32
1081,HIP13389,2452618.7381,1.29,1.17
1082,HIP13389,2452618.75043,0.91,1.26
1083,HIP13389,2452637.60883,3.94,0.99
1084,HIP13389,2452637.62179,0.88,1.04
1085,HIP13389,2452637.63424,4.63,0.99
1086,HIP13389,2453281.84234,1.07,1.0
1087,HIP13389,2453328.58969,-1.53,1.09
1088,HIP13389,2453596.83941,2.98,1.02
1089,HIP13389,2453601.88905,-1.6,0.98
1090,HIP13389,2453632.73265,5.7,1.11
1091,HIP13389,2453660.69309,1.75,0.95
1092,HIP13389,2453993.82522,0.43,1.04
1093,HIP13389,2454014.59195,2.69,1.38
1094,HIP13389,2454042.67424,-4.12,1.01
1095,HIP13389,2454079.70625,-1.13,1.68
1096,HIP13389,2454129.59271,-1.03,2.22
1097,HIP1734,2451892.65265,-5.62,3.25
1098,HIP1734,2451892.65432,4.02,3.47
1099,HIP1734,2451892.65598,-13.97,3.67
1100,HIP1734,2452808.87576,0.9,1.16
1101,HIP1734,2452808.88412,-0.28,1.08
1102,HIP1734,2452808.89248,1.44,1.13
1103,HIP1734,2452822.85912,-3.87,1.32
1104,HIP1734,2452822.86738,-5.69,1.29
1105,HIP1734,2452822.87589,-3.17,1.34
1106,HIP1734,2452848.89778,-1.08,1.06
1107,HIP1734,2452848.90613,0.88,1.04
1108,HIP1734,2452848.91465,1.21,1.06
1109,HIP1734,2453185.78439,0.0,1.2
1110,HIP1734,2453192.84283,-1.26,1.19
1111,HIP1734,2453217.8453,-4.3,1.1
1112,HIP1734,2453291.77036,-3.6,1.64
1113,HIP1734,2453320.60796,9.14,0.93
1114,HIP1734,2453575.81708,2.95,1.04
1115,HIP1734,2453596.70334,4.77,0.98
1116,HIP1734,2453632.64093,2.61,1.03
1117,HIP1734,2453645.77529,-1.87,0.98
1118,HIP1734,2453658.55864,-3.75,0.93
1119,HIP1734,2453671.77038,1.69,1.23
1120,HIP1734,2453750.57263,3.17,1.35
1121,HIP1734,2453993.78434,-1.04,1.01
1122,HIP1734,2454014.53115,2.92,1.23
1123,HIP1734,2454034.62189,1.77,3.1
1124,HIP1734,2454040.54573,-1.14,0.95
1125,HIP17766,2451863.82595,-0.07,6.88
1126,HIP17766,2451863.82736,18.89,7.35
1127,HIP17766,2451892.67944,11.67,5.27
1128,HIP17766,2451892.68081,-3.61,5.02
1129,HIP17766,2451892.68218,-14.31,4.95
1130,HIP17766,2451903.51952,-13.98,7.5
1131,HIP17766,2451903.5209,-26.06,7.66
1132,HIP17766,2451946.55136,-27.04,7.29
1133,HIP17766,2452190.84033,-2.0,1.94
1134,HIP17766,2452190.84528,2.44,2.03
1135,HIP17766,2452190.85026,-2.01,2.0
1136,HIP17766,2452213.70044,-17.7,1.83
1137,HIP17766,2452213.70543,-16.6,1.99
1138,HIP17766,2452213.71042,-17.17,1.92
1139,HIP17766,2452234.67469,4.01,2.27
1140,HIP17766,2452234.67973,2.45,1.89
1141,HIP17766,2452234.68467,6.44,2.19
1142,HIP17766,2452235.56183,-2.01,2.54
1143,HIP17766,2452235.56686,2.37,2.33
1144,HIP17766,2452235.5718,1.21,2.6
1145,HIP17766,2452247.61866,3.77,2.61
1146,HIP17766,2452247.62356,8.63,2.59
1147,HIP17766,2452247.62868,0.96,2.49
1148,HIP17766,2452280.63963,1.69,1.75
1149,HIP17766,2452280.64464,-2.57,1.93
1150,HIP17766,2452280.64966,-1.41,1.9
1151,HIP19165,2452189.869,-4.8,1.4
1152,HIP19165,2452189.87221,-0.37,1.32
1153,HIP19165,2452189.87537,-4.71,1.22
1154,HIP19165,2452213.71795,1.06,1.3
1155,HIP19165,2452213.72117,-3.09,1.19
1156,HIP19165,2452213.72435,-4.36,1.34
1157,HIP19165,2452234.60131,-0.52,1.4
1158,HIP19165,2452234.6046,1.79,1.39
1159,HIP19165,2452234.60779,0.0,1.27
1160,HIP19165,2452235.67012,-2.74,1.41
1161,HIP19165,2452235.67333,0.02,1.25
1162,HIP19165,2452235.67655,-3.86,1.24
1163,HIP19165,2452247.6364,-4.75,1.43
1164,HIP19165,2452247.63948,-4.09,1.56
1165,HIP19165,2452247.64266,-2.97,1.42
1166,HIP19165,2452280.65732,-3.88,1.22
1167,HIP19165,2452280.66055,-3.43,1.22
1168,HIP19165,2452280.66374,0.83,1.15
1169,HIP19165,2452618.76115,7.96,1.53
1170,HIP19165,2452618.76428,4.75,1.55
1171,HIP19165,2452618.76735,0.72,1.65
1172,HIP19165,2452632.78397,-1.64,2.15
1173,HIP19165,2452632.78717,-3.2,1.86
1174,HIP19165,2452632.79179,3.03,2.12
1175,HIP19165,2452632.79492,-3.39,1.94
1176,HIP19165,2452652.64592,1.35,1.2
1177,HIP19165,2452652.64908,7.87,1.2
1178,HIP19165,2452652.65224,4.64,1.07
1179,HIP19165,2452685.64465,0.42,1.1
1180,HIP19165,2452685.64781,-2.61,1.24
1181,HIP19165,2452685.65094,1.6,1.22
1182,HIP19165,2453291.86144,-1.03,1.84
1183,HIP19165,2453291.86458,3.65,1.91
1184,HIP19165,2453291.86774,1.97,1.75
1185,HIP19165,2453328.63449,-5.28,1.39
1186,HIP19165,2453328.63766,-0.24,1.33
1187,HIP19165,2453328.64077,2.18,1.4
1188,HIP19165,2453350.56976,6.63,1.66
1189,HIP19165,2453350.57286,6.58,1.73
1190,HIP19165,2453350.57604,5.51,1.42
1191,HIP19165,2453640.84026,0.24,1.32
1192,HIP19165,2453640.84336,3.97,1.32
1193,HIP19165,2453640.8465,4.79,1.61
1194,HIP19165,2453660.71877,0.56,1.1
1195,HIP19165,2453660.72191,0.22,1.12
1196,HIP19165,2453660.72508,-0.41,1.13
1197,HIP19165,2453667.83706,-1.62,1.38
1198,HIP19165,2453667.84023,0.89,1.44
1199,HIP19165,2453667.84334,1.13,1.32
1200,HIP19165,2453671.78192,4.5,1.33
1201,HIP19165,2453671.78502,3.6,1.34
1202,HIP19165,2453671.78822,3.77,1.24
1203,HIP19165,2453676.84959,-0.08,1.14
1204,HIP19165,2453676.85275,-2.08,1.11
1205,HIP19165,2453676.85586,-1.78,1.08
1206,HIP19165,2453690.70527,1.36,1.19
1207,HIP19165,2453690.70837,2.61,1.16
1208,HIP19165,2453690.71156,4.56,1.11
1209,HIP19165,2453702.58905,-2.18,1.31
1210,HIP19165,2453702.59224,-5.78,1.39
1211,HIP19165,2453702.59532,-5.81,1.3
1212,HIP19165,2453711.52747,2.99,1.55
1213,HIP19165,2453711.53064,-0.15,1.5
1214,HIP19165,2453711.53375,1.94,1.36
1215,HIP19165,2453750.62453,3.03,1.16
1216,HIP19165,2453750.62792,-1.82,1.3
1217,HIP19165,2453750.63124,0.29,1.23
1218,HIP19165,2454005.75895,-1.76,1.12
1219,HIP19165,2454005.76213,7.71,1.21
1220,HIP19165,2454005.76532,4.08,1.13
1221,HIP19165,2454014.65737,0.54,1.7
1222,HIP19165,2454014.66054,-7.1,1.74
1223,HIP19165,2454014.66374,2.25,1.61
1224,HIP19165,2454129.61157,5.73,1.24
1225,HIP19165,2454129.61476,4.25,1.21
1226,HIP19165,2454129.61794,9.87,1.08
1227,HIP19165,2454187.51041,-7.61,1.4
1228,HIP19165,2454187.51344,-5.68,1.53
1229,HIP19165,2454187.51666,-6.84,1.65
1230,HIP19165,2454188.49549,-6.57,1.75
1231,HIP19165,2454188.49858,-8.15,1.84
1232,HIP19165,2454188.50167,-3.18,1.7
1233,HIP21556,2453291.85268,-3.22,1.26
1234,HIP21556,2453328.82769,-3.08,1.14
1235,HIP21556,2453642.85374,0.0,1.02
1236,HIP21556,2453660.7329,-4.24,0.93
1237,HIP21556,2453667.85265,-0.44,1.13
1238,HIP21556,2453680.65452,0.02,1.08
1239,HIP21556,2453690.72393,-1.79,0.96
1240,HIP21556,2453750.61612,1.05,1.14
1241,HIP21556,2454005.77348,7.1,0.81
1242,HIP21556,2454130.61009,-3.2,0.94
1243,HIP21556,2454187.52526,1.05,0.86
1244,HIP21556,2454188.51165,0.41,1.08
1245,HIP22762,2451889.72056,-8.06,3.27
1246,HIP22762,2452189.84436,-1.47,1.09
1247,HIP22762,2452189.85182,-2.88,1.1
1248,HIP22762,2452189.85927,0.24,1.18
1249,HIP22762,2452213.7327,-6.33,1.01
1250,HIP22762,2452213.74023,-1.42,0.94
1251,HIP22762,2452213.74775,-1.76,1.02
1252,HIP22762,2452234.617,2.46,1.25
1253,HIP22762,2452234.62495,2.94,1.56
1254,HIP22762,2452234.63222,0.0,1.5
1255,HIP22762,2452247.65172,-0.48,1.1
1256,HIP22762,2452247.65934,-1.3,1.11
1257,HIP22762,2452247.66702,-1.29,1.1
1258,HIP22762,2452256.70401,0.56,1.28
1259,HIP22762,2452256.71174,-0.37,1.11
1260,HIP22762,2452256.71914,2.71,1.02
1261,HIP22762,2452266.66676,-2.56,0.99
1262,HIP22762,2452266.67423,-4.86,0.92
1263,HIP22762,2452266.68183,-4.64,1.07
1264,HIP22762,2452618.77578,-5.14,1.1
1265,HIP22762,2452618.78426,-0.1,1.13
1266,HIP22762,2452618.79274,-2.19,1.17
1267,HIP22762,2452632.80298,0.6,1.49
1268,HIP22762,2452632.8114,0.29,1.47
1269,HIP22762,2452632.8198,-0.15,1.65
1270,HIP22762,2452652.66154,2.41,0.92
1271,HIP22762,2452652.6701,2.35,0.85
1272,HIP22762,2452652.67867,2.66,0.9
1273,HIP22762,2452659.69942,2.07,1.04
1274,HIP22762,2452659.70814,-1.92,1.0
1275,HIP22762,2452659.71664,2.06,1.03
1276,HIP22762,2453291.87767,0.32,1.16
1277,HIP22762,2453329.79964,0.22,1.07
1278,HIP22762,2453642.86617,4.7,1.03
1279,HIP22762,2453660.7468,-1.0,0.92
1280,HIP22762,2454005.78557,0.27,0.88
1281,HIP22762,2454130.6267,-2.89,0.87
1282,HIP22762,2454187.53789,-3.27,0.88
1283,HIP22762,2454188.52328,1.04,1.03
1284,HIP27359,2453291.8014,0.0,1.12
1285,HIP27359,2453634.84867,-0.44,0.94
1286,HIP27359,2453658.86222,-0.67,0.87
1287,HIP27359,2453750.64175,3.53,0.92
1288,HIP27359,2453754.60573,1.62,0.89
1289,HIP27359,2453993.85902,-0.3,0.89
1290,HIP27359,2454045.85034,3.23,1.05
1291,HIP27359,2454129.68195,-0.33,0.92
1292,HIP27359,2454187.55169,5.45,1.02
1293,HIP3143,2451864.57504,21.52,5.0
1294,HIP3143,2451864.57693,-3.65,4.34
1295,HIP3143,2451864.57881,5.78,4.9
1296,HIP3143,2451889.57096,2.41,4.03
1297,HIP3143,2451889.57286,-0.87,4.52
1298,HIP3143,2451889.57473,11.18,4.13
1299,HIP3143,2451892.6604,-0.47,4.16
1300,HIP3143,2451892.6623,6.66,4.37
1301,HIP3143,2451892.66418,3.58,4.13
1302,HIP3143,2451902.52317,-8.99,5.06
1303,HIP3143,2451916.56559,3.1,4.1
1304,HIP3143,2451916.5675,9.36,4.43
1305,HIP3143,2451916.56942,1.21,3.94
1306,HIP3143,2452189.79391,11.62,2.75
1307,HIP3143,2452189.8022,-3.88,2.73
1308,HIP3143,2452189.81012,-1.25,2.63
1309,HIP3143,2452213.6468,-7.07,1.37
1310,HIP3143,2452213.6548,-12.57,1.44
1311,HIP3143,2452213.66271,-8.09,1.44
1312,HIP3143,2452234.57537,2.13,1.6
1313,HIP3143,2452234.58337,3.93,1.66
1314,HIP3143,2452234.59137,2.46,1.63
1315,HIP3143,2452247.56056,-2.6,1.73
1316,HIP3143,2452247.56848,-1.87,1.89
1317,HIP3143,2452247.57656,-1.56,1.71
1318,HIP3143,2452261.56447,3.42,1.41
1319,HIP3143,2452261.57272,5.48,1.33
1320,HIP3143,2452261.58041,6.7,1.38
1321,HIP3143,2452265.59896,3.96,1.33
1322,HIP3143,2452265.60695,-0.36,1.44
1323,HIP3143,2452265.61494,-1.02,1.33
1324,HIP3143,2452618.68276,-1.29,1.55
1325,HIP3143,2452618.69535,-1.6,1.67
1326,HIP3143,2452618.70817,-6.19,2.34
1327,HIP3143,2452808.84284,4.73,1.49
1328,HIP3143,2452808.85315,3.29,1.5
1329,HIP3143,2452808.86356,-2.83,1.6
1330,HIP3143,2452822.88805,-4.03,1.84
1331,HIP3143,2452822.89865,-1.24,1.53
1332,HIP3143,2452822.90886,-3.45,1.5
1333,HIP3143,2452847.8673,0.84,1.83
1334,HIP3143,2452847.87693,-1.45,1.78
1335,HIP3143,2452847.88775,0.65,1.75
1336,HIP3143,2453185.79876,0.82,1.8
1337,HIP3143,2453192.86244,-2.11,1.71
1338,HIP3143,2453217.85986,8.92,1.4
1339,HIP3143,2453291.78587,-1.17,1.98
1340,HIP3143,2453328.52521,-1.98,1.4
1341,HIP3143,2453576.91322,-4.21,1.69
1342,HIP3143,2453599.77497,5.57,1.15
1343,HIP3143,2453632.69082,2.14,1.3
1344,HIP3143,2453645.78938,-1.81,1.2
1345,HIP3143,2453670.7569,-6.77,1.35
1346,HIP3143,2453687.58292,7.79,1.05
1347,HIP3143,2453993.79774,0.0,1.44
1348,HIP3143,2454014.55875,-1.94,1.77
1349,HIP3143,2454041.63467,5.29,1.46
1350,HIP37978,2453281.85645,3.96,1.46
1351,HIP37978,2453354.79103,-0.64,1.49
1352,HIP37978,2453661.87221,-0.08,1.11
1353,HIP37978,2453676.86576,3.0,1.12
1354,HIP37978,2453690.78852,-4.6,1.36
1355,HIP37978,2453713.65848,-0.94,1.39
1356,HIP37978,2453750.66426,-4.71,1.43
1357,HIP37978,2454020.86116,2.53,1.14
1358,HIP37978,2454047.85697,7.18,1.68
1359,HIP37978,2454077.8214,-1.48,2.01
1360,HIP37978,2454109.80657,6.03,1.32
1361,HIP37978,2454178.6982,0.0,1.6
1362,HIP47103,2452234.83832,0.9,0.92
1363,HIP47103,2452234.84592,4.68,0.87
1364,HIP47103,2452234.85352,4.2,0.93
1365,HIP47103,2452280.82245,1.49,0.99
1366,HIP47103,2452280.83008,0.65,0.88
1367,HIP47103,2452280.8377,1.9,1.0
1368,HIP47103,2452308.75304,2.85,0.89
1369,HIP47103,2452308.76064,3.18,0.87
1370,HIP47103,2452308.76816,0.54,0.88
1371,HIP47103,2452318.6743,-0.17,0.84
1372,HIP47103,2452318.68183,2.54,0.95
1373,HIP47103,2452318.68929,0.11,0.89
1374,HIP47103,2452319.60564,-1.69,0.87
1375,HIP47103,2452319.61321,1.22,0.87
1376,HIP47103,2452319.6208,-1.13,0.84
1377,HIP47103,2452321.62985,-7.2,1.01
1378,HIP47103,2452321.63743,-3.7,0.96
1379,HIP47103,2452321.64482,-2.75,0.91
1380,HIP47103,2452618.81274,4.69,0.97
1381,HIP47103,2452618.82139,5.02,0.97
1382,HIP47103,2452618.82979,1.42,0.91
1383,HIP47103,2452638.83976,0.33,0.82
1384,HIP47103,2452638.84832,-1.32,0.82
1385,HIP47103,2452638.85671,0.66,0.83
1386,HIP47103,2452649.69812,3.19,1.13
1387,HIP47103,2452649.70683,0.98,1.07
1388,HIP47103,2452649.71555,-0.48,1.11
1389,HIP47103,2452659.73702,1.7,0.98
1390,HIP47103,2452659.74537,-1.2,0.92
1391,HIP47103,2452659.75396,-1.85,0.95
1392,HIP47103,2452708.56054,-0.26,1.07
1393,HIP47103,2452708.56739,0.48,1.13
1394,HIP47103,2452708.57418,1.79,1.22
1395,HIP47103,2452709.51921,-1.66,1.07
1396,HIP47103,2452709.52608,-2.05,0.92
1397,HIP47103,2452709.53295,-3.3,1.01
1398,HIP47103,2452711.62188,-2.4,1.05
1399,HIP47103,2452711.63105,-0.76,1.01
1400,HIP47103,2452711.63791,-2.03,1.05
1401,HIP47103,2452711.6447,-3.22,1.01
1402,HIP47103,2453073.769,2.07,1.11
1403,HIP47103,2453073.77585,1.37,1.01
1404,HIP47103,2453073.78265,4.61,1.01
1405,HIP47103,2453341.83321,-2.16,1.13
1406,HIP47103,2453430.70542,0.29,0.89
1407,HIP47103,2453453.51421,-6.2,0.92
1408,HIP47103,2453455.51044,-1.79,0.98
1409,HIP47103,2453667.87003,-0.24,0.94
1410,HIP47103,2453691.84858,-0.53,0.69
1411,HIP47103,2453802.62379,0.44,0.84
1412,HIP47103,2454106.74454,2.17,0.79
1413,HIP47103,2454137.73139,1.64,0.77
1414,HIP47103,2454170.75174,-4.63,0.92
1415,HIP47103,2454184.6834,0.0,0.84
1416,HIP49091,2453099.57467,0.03,0.91
1417,HIP49091,2453112.52953,2.53,0.96
1418,HIP49091,2453342.81668,1.32,1.03
1419,HIP49091,2453352.76705,0.0,1.37
1420,HIP49091,2453453.5267,3.86,1.02
1421,HIP49091,2453455.5243,5.2,0.92
1422,HIP49091,2453747.83183,-0.54,1.06
1423,HIP49091,2453752.65728,-0.48,0.92
1424,HIP49091,2454106.75907,-1.43,0.99
1425,HIP49091,2454129.8518,0.84,1.04
1426,HIP49091,2454170.76518,-3.87,1.27
1427,HIP49091,2454187.60146,-4.34,0.98
1428,HIP49091,2454188.54541,-3.84,1.0
1429,HIP55042,2453076.73412,4.66,1.08
1430,HIP55042,2453076.74516,3.43,1.12
1431,HIP55042,2453076.75609,5.2,1.08
1432,HIP55042,2453090.79947,-6.77,1.26
1433,HIP55042,2453090.81071,-5.91,1.26
1434,HIP55042,2453090.8211,-5.76,1.2
1435,HIP55042,2453095.80029,-0.17,1.42
1436,HIP55042,2453095.81163,1.75,1.48
1437,HIP55042,2453095.82267,2.32,1.43
1438,HIP55042,2453096.80331,0.04,1.09
1439,HIP55042,2453096.81434,0.17,1.08
1440,HIP55042,2453096.82536,0.36,1.27
1441,HIP55042,2453374.81943,-1.94,2.59
1442,HIP55042,2453374.83427,-9.48,2.69
1443,HIP55042,2453395.84833,-5.8,0.97
1444,HIP55042,2453401.84508,1.54,1.02
1445,HIP55042,2453453.5847,-9.62,1.21
1446,HIP55042,2453457.56046,-3.92,0.9
1447,HIP55042,2453747.84634,0.0,1.01
1448,HIP55042,2453756.83113,-2.42,0.94
1449,HIP55042,2454106.77472,-0.24,0.95
1450,HIP55042,2454170.82273,0.87,1.17
1451,HIP55042,2454187.61604,-2.38,1.16
1452,HIP55042,2454188.55986,0.97,1.21
1453,HIP56466,2453099.72491,-6.19,1.09
1454,HIP56466,2453126.48604,-2.03,1.23
1455,HIP56466,2453395.86231,-0.34,1.17
1456,HIP56466,2453430.79199,5.29,1.08
1457,HIP56466,2453453.59894,0.45,1.16
1458,HIP56466,2453457.57402,-4.25,1.17
1459,HIP56466,2453748.80919,0.0,1.19
1460,HIP56466,2453782.68699,-3.71,1.2
1461,HIP56466,2454106.78966,3.81,1.14
1462,HIP56466,2454178.71774,3.68,1.04
1463,HIP56466,2454188.57379,-1.51,1.27
1464,HIP5812,2453281.80244,-0.61,1.07
1465,HIP5812,2453328.56058,-3.94,1.26
1466,HIP5812,2453578.89525,-7.82,1.61
1467,HIP5812,2453624.62294,-7.49,1.33
1468,HIP5812,2453629.57438,2.56,1.18
1469,HIP5812,2453632.70487,5.85,1.09
1470,HIP5812,2453658.61282,1.9,0.95
1471,HIP5812,2453993.81148,0.0,1.02
1472,HIP5812,2454014.54534,7.25,1.39
1473,HIP5812,2454042.60521,-2.04,1.11
1474,HIP61495,2453099.62493,-7233.94,0.96
1475,HIP61495,2453112.55863,-7324.41,1.0
1476,HIP61495,2453394.87546,-3569.17,1.16
1477,HIP61495,2453430.81811,-1522.89,1.09
1478,HIP61495,2453453.6247,0.0,1.04
1479,HIP61495,2453457.60029,249.83,1.07
1480,HIP61495,2453466.736,754.27,2.1
1481,HIP61495,2453488.64753,1213.09,1.31
1482,HIP63550,2453098.75641,4.18,1.13
1483,HIP63550,2453112.57182,-1.81,1.09
1484,HIP63550,2453395.87659,-4.47,0.91
1485,HIP63550,2453401.87636,-3.34,0.98
1486,HIP63550,2453453.63841,2.0,1.11
1487,HIP63550,2453457.61423,-3.65,1.08
1488,HIP63550,2453495.68974,2.39,1.23
1489,HIP63550,2453748.8248,1.2,1.02
1490,HIP63550,2453756.86082,-1.3,1.09
1491,HIP63550,2454109.82802,0.0,1.02
1492,HIP63550,2454178.74571,4.14,1.16
1493,HIP65520,2453072.87653,-4.61,1.35
1494,HIP65520,2453072.88416,-4.7,1.41
1495,HIP65520,2453072.89159,-0.43,1.32
1496,HIP65520,2453078.82427,-0.73,1.12
1497,HIP65520,2453078.83176,6.39,1.19
1498,HIP65520,2453078.83926,0.86,1.19
1499,HIP65520,2453084.80636,0.12,1.26
1500,HIP65520,2453084.81391,1.81,1.28
1501,HIP65520,2453084.82133,2.65,1.34
1502,HIP65520,2453087.88254,-8.72,1.33
1503,HIP65520,2453087.88997,-11.43,1.29
1504,HIP65520,2453087.89754,-9.39,1.33
1505,HIP65520,2453090.84904,-4.42,1.77
1506,HIP65520,2453090.85654,-5.37,1.84
1507,HIP65520,2453090.86436,-11.15,1.94
1508,HIP65520,2453095.85813,-0.21,1.59
1509,HIP65520,2453095.86555,4.59,1.67
1510,HIP65520,2453095.87312,0.07,1.66
1511,HIP65520,2453096.8402,-1.06,1.53
1512,HIP65520,2453096.84766,4.79,1.47
1513,HIP65520,2453096.85518,3.07,1.49
1514,HIP65520,2453098.77143,5.39,1.08
1515,HIP65520,2453112.58651,0.24,1.07
1516,HIP65520,2453394.82897,1.1,1.2
1517,HIP65520,2453435.84118,2.64,1.21
1518,HIP65520,2453453.65182,1.67,1.06
1519,HIP65520,2453466.70833,-0.48,2.83
1520,HIP65520,2453487.66166,-4.12,1.17
1521,HIP65520,2453495.70499,2.99,1.25
1522,HIP65520,2453748.83897,5.9,1.03
1523,HIP65520,2453779.75147,-2.53,1.05
1524,HIP65520,2453782.71527,-0.67,1.1
1525,HIP65520,2453783.73732,-2.59,1.04
1526,HIP65520,2454109.83993,0.53,1.21
1527,HIP65520,2454109.84563,-0.97,2.05
1528,HIP65520,2454131.87269,-1.46,0.99
1529,HIP65520,2454170.88255,0.0,1.3
1530,HIP65520,2454187.64661,8.51,1.07
1531,HIP7170,2453281.81594,-6.18,1.11
1532,HIP7170,2453328.57459,-6.44,1.14
1533,HIP7170,2453593.67508,0.0,1.83
1534,HIP7170,2453595.88044,-4.63,1.21
1535,HIP7170,2453640.82895,4.79,1.34
1536,HIP7170,2453660.70764,3.97,0.99
1537,HIP7170,2453750.58719,2.46,1.62
1538,HIP7170,2454003.76837,-3.33,1.06
1539,HIP7170,2454014.57399,8.62,1.3
1540,HIP77349,2453099.8189,-4054.83,5.23
1541,HIP77349,2453112.6404,-4329.0,4.17
1542,HIP77349,2453453.78915,-493.23,5.25
1543,HIP77349,2453480.67763,289.3,6.82
1544,HIP77349,2453488.66197,385.24,6.69
1545,HIP77349,2453505.82346,0.0,5.61
1546,HIP80268,2453098.89945,8.11,0.94
1547,HIP80268,2453114.85266,0.0,0.8
1548,HIP80268,2453483.84715,-0.88,0.86
1549,HIP80268,2453505.83771,0.03,1.84
1550,HIP80268,2453520.54804,-2.8,1.07
1551,HIP82256,2452396.87096,-1.11,1.25
1552,HIP82256,2452396.88363,0.03,1.27
1553,HIP82256,2452396.89594,-1.15,1.18
1554,HIP82256,2452422.72487,-4.87,1.53
1555,HIP82256,2452422.73765,-1.9,1.72
1556,HIP82256,2452422.74996,-1.06,1.49
1557,HIP82256,2452423.68836,4.7,2.94
1558,HIP82256,2452423.70125,-6.27,2.15
1559,HIP82256,2452423.71332,0.17,2.04
1560,HIP82256,2452437.57755,1.26,1.19
1561,HIP82256,2452437.58986,-1.29,1.14
1562,HIP82256,2452437.60253,2.03,1.1
1563,HIP82256,2452479.71719,2.47,1.32
1564,HIP82256,2452479.72974,2.02,1.23
1565,HIP82256,2452479.74217,6.09,1.37
1566,HIP82256,2452491.58679,-1.02,1.36
1567,HIP82256,2452491.59983,-3.54,1.3
1568,HIP82256,2452491.61213,2.71,1.4
1569,HIP82256,2452710.86098,2.43,2.81
1570,HIP82256,2452710.8708,-2.29,2.89
1571,HIP82256,2452710.88034,-11.5,3.24
1572,HIP82256,2452743.85749,5.34,1.25
1573,HIP82256,2452743.86729,3.97,1.21
1574,HIP82256,2452743.8771,0.0,1.39
1575,HIP82256,2452763.77724,-0.14,1.5
1576,HIP82256,2452763.78713,-2.51,1.71
1577,HIP82256,2452763.79712,5.53,1.78
1578,HIP82256,2453078.85297,-0.45,1.06
1579,HIP82256,2453078.86277,-0.32,1.12
1580,HIP82256,2453078.87257,2.32,1.05
1581,HIP82256,2453084.83489,-0.53,1.21
1582,HIP82256,2453084.84496,0.94,1.27
1583,HIP82256,2453084.85459,4.42,1.19
1584,HIP82256,2453099.83387,0.44,1.36
1585,HIP82256,2453116.81016,-9.59,2.43
1586,HIP82256,2453454.87418,4.66,1.33
1587,HIP82256,2453465.85339,-6.48,1.93
1588,HIP82256,2453487.70984,0.37,1.65
1589,HIP82256,2453495.75457,-3.1,1.48
1590,HIP82283,2453100.82731,-0.05,0.9
1591,HIP82283,2453125.86824,1.58,0.84
1592,HIP82283,2453454.8885,7.63,0.88
1593,HIP82283,2453505.84953,-2.15,1.61
1594,HIP82283,2453520.56019,0.0,0.97
1595,HIP86214,2452415.73263,-1.64,1.31
1596,HIP86214,2452415.74146,-2.77,1.15
1597,HIP86214,2452415.75012,-1.46,1.42
1598,HIP86214,2452424.64551,1.45,1.05
1599,HIP86214,2452424.65434,4.17,1.09
1600,HIP86214,2452424.66324,0.27,1.1
1601,HIP86214,2452425.72913,-0.75,1.2
1602,HIP86214,2452425.73788,-2.18,1.12
1603,HIP86214,2452425.74672,-1.66,1.16
1604,HIP86214,2452438.52449,2.74,1.1
1605,HIP86214,2452438.53357,0.98,1.02
1606,HIP86214,2452438.54223,2.72,0.98
1607,HIP86214,2452478.70678,4.0,1.01
1608,HIP86214,2452478.71571,-1.51,0.96
1609,HIP86214,2452478.72445,-0.61,0.93
1610,HIP86214,2452491.62647,-1.8,1.05
1611,HIP86214,2452491.63571,0.0,1.0
1612,HIP86214,2452491.64211,-2.62,1.19
1613,HIP86214,2452491.65401,-3.49,0.92
1614,HIP86214,2452521.56093,-3.52,1.18
1615,HIP86214,2452521.56935,-6.32,1.04
1616,HIP86214,2452521.5786,-1.77,1.2
1617,HIP86214,2452529.50311,-2.6,1.05
1618,HIP86214,2452529.51193,0.04,0.93
1619,HIP86214,2452529.52067,-1.17,0.89
1620,HIP86214,2452535.52452,-3.54,0.95
1621,HIP86214,2452535.53326,-1.3,0.95
1622,HIP86214,2452535.54219,0.73,0.93
1623,HIP86214,2452711.86931,-1.77,1.83
1624,HIP86214,2452711.87735,1.86,1.53
1625,HIP86214,2452711.88389,1.11,1.17
1626,HIP86214,2452745.86962,0.52,1.01
1627,HIP86214,2452745.87665,3.59,1.01
1628,HIP86214,2452745.88368,2.12,1.0
1629,HIP86214,2452763.64706,-2.07,2.26
1630,HIP86214,2452763.65401,-1.07,1.58
1631,HIP86214,2452763.66114,-3.09,1.55
1632,HIP86214,2453084.87854,7.36,0.97
1633,HIP86214,2453084.88557,8.74,0.94
1634,HIP86214,2453084.89262,6.51,0.95
1635,HIP86214,2453088.858,7.51,0.96
1636,HIP86214,2453088.86496,6.45,0.93
1637,HIP86214,2453088.87205,8.83,0.96
1638,HIP86214,2453099.84958,-2.12,0.9
1639,HIP86214,2453116.82457,-5.18,1.37
1640,HIP86214,2453454.90269,5.17,0.8
1641,HIP86214,2453465.86828,0.37,1.06
1642,HIP86214,2453520.57464,2.49,1.03
1643,HIP86214,2453549.72331,2.06,0.83
1644,HIP93206,2452425.84099,-4.2,1.18
1645,HIP93206,2452425.85178,-10.76,1.22
1646,HIP93206,2452425.86229,-5.89,1.38
1647,HIP93206,2452438.5578,1.44,1.14
1648,HIP93206,2452438.56841,1.56,1.05
1649,HIP93206,2452438.57882,1.75,0.87
1650,HIP93206,2452482.6685,0.33,0.97
1651,HIP93206,2452482.67902,1.61,0.97
1652,HIP93206,2452482.68954,2.37,0.96
1653,HIP93206,2452490.62773,5.33,1.11
1654,HIP93206,2452490.63864,2.68,1.1
1655,HIP93206,2452490.64888,1.87,1.0
1656,HIP93206,2452497.56543,1.44,0.82
1657,HIP93206,2452497.57595,0.82,0.8
1658,HIP93206,2452497.58636,3.43,0.84
1659,HIP93206,2452521.59062,-3.36,1.0
1660,HIP93206,2452521.59984,-2.38,1.26
1661,HIP93206,2452521.61233,-8.72,2.87
1662,HIP93206,2452522.65928,-1.93,1.03
1663,HIP93206,2452522.67037,-2.73,1.21
1664,HIP93206,2452522.68066,1.55,1.05
1665,HIP93206,2452527.55896,-0.41,0.89
1666,HIP93206,2452527.56946,2.01,0.82
1667,HIP93206,2452527.57957,0.88,0.79
1668,HIP93206,2452530.64518,0.86,0.99
1669,HIP93206,2452530.65568,-0.48,0.9
1670,HIP93206,2452530.66618,-0.07,0.9
1671,HIP93206,2452745.89414,2.92,0.91
1672,HIP93206,2452745.9025,4.31,0.89
1673,HIP93206,2452745.91086,2.23,0.94
1674,HIP93206,2452763.73619,0.15,1.13
1675,HIP93206,2452763.74439,-0.72,1.2
1676,HIP93206,2452763.75262,0.06,1.28
1677,HIP93206,2452771.80764,-6.61,2.27
1678,HIP93206,2452771.83003,-5.42,2.88
1679,HIP93206,2452771.847,-0.13,2.07
1680,HIP93206,2452792.61696,-1.5,1.16
1681,HIP93206,2452792.62517,0.0,1.18
1682,HIP93206,2452792.63386,-1.51,1.3
1683,HIP93206,2453082.86041,1.17,0.86
1684,HIP93206,2453082.86863,-0.13,0.9
1685,HIP93206,2453082.87691,1.0,0.87
1686,HIP93206,2453099.87982,-10.85,0.81
1687,HIP93206,2453116.83747,-2.99,1.32
1688,HIP93206,2453483.89115,-2.34,0.79
1689,HIP93206,2453487.85175,-5.71,1.1
1690,HIP93206,2453495.87681,-2.63,0.97
1691,HIP94997,2453099.89322,-35.33,1.86
1692,HIP94997,2453116.85135,-37.38,3.82
1693,HIP94997,2453463.89791,13.99,2.18
1694,HIP94997,2453487.86461,25.84,2.42
1695,HIP94997,2453495.89032,0.0,2.79
