recno,S,Name,n_Name,SpT,Age,q_Age,r_Age,P24,P70,P100,F24,e_F24,R24,F70,e_F70,chi70,F100,f_F100,e_F100,chi100,FIR?,DD,_RA,_DE
1,Db,"HD 000038 "," ",K6V,115.0,2,"1, 2",60,663.0,333.0,,,100.0,,,,1114.0,"  ",496.0,156.0,N,1,5115298.0,1.64923507E8
2,Db,"HD 000739 "," ",F5V,215.0,1,3,161,1801.0,871.0,163,163.0,101.0,201.0,26.0,76.0,2119.0,"  ",787.0,157.0,N,1,1.0560139E7,-1.26479223E8
3,Db,"HD 001237 "," ",G8V,30.0,3,"2, 3, 4, 5, 6",84,928.0,459.0,84,85.0,101.0,118.0,20.0,121.0,-426.0,"  ",338.0,-261.0,N,1,1.459017E7,-2.87464243E8
4,Db,"HD 001326 "," "," ",,," ",236,2608.0,1242.0,,,,,,,1745.0,"  ",511.0,97.0,N,0,1.654328E7,1.58482628E8
5,Db,"HD 001404 "," ",A2V,45.0,2,7,129,1427.0,706.0,155,156.0,120.0,438.0,61.0,455.0,2778.0,"  ",268.0,686.0,Y,0,1.6494862E7,1.32426811E8
6,Db,"HD 001581 "," ",F9.5V,382.0,3,"3, 5, 6, 8",557,6155.0,2923.0,557,557.0,100.0,712.0,57.0,143.0,4525.0,"  ",463.0,311.0,N,1,1.8063899E7,-2.33549255E8
7,Db,"HD 001835 "," ",G3V,44.0,3,"2, 3, 5, 6, 9, 10, 11, 12, 13, 14",80,884.0,437.0,,,106.0,,,,2241.0,"  ",642.0,277.0,N,1,2.0576827E7,-4.395397E7
8,Db,"HD 002262 "," ",A5IVn,72.0,2,7,282,3114.0,1502.0,310,310.0,110.0,730.0,25.0,943.0,3445.0,"  ",450.0,403.0,Y,0,2.3583027E7,-1.57247393E8
9,Db,"HD 003196 "," ",F7V+G4V,36.0,3,"2, 4, 15, 16",213,2442.0,1143.0,221,222.0,104.0,212.0,60.0,-53.0,1940.0,"  ",495.0,158.0,N,1,3.1723195E7,-1.2934237E7
10,Db,"HD 004391 "," ",G3V,120.0,3,"2, 3, 4, 5, 6",136,1503.0,763.0,,,101.0,,,,1890.0,"  ",725.0,154.0,N,1,4.1183895E7,-1.71187144E8
11,Db,"HD 004628 "," ",K2.5V,520.0,3,"2, 3, 4, 5, 6, 12, 13, 14, 15",276,3138.0,1467.0,284,285.0,103.0,,,,2469.0,"  ",442.0,218.0,N,1,4.354465E7,1.9010213E7
12,Db,"HD 004676 "," ",F8V,530.0,2,"2, 15",209,2354.0,1151.0,213,213.0,102.0,303.0,59.0,112.0,1867.0,"  ",620.0,114.0,N,1,4.4080621E7,6.0986313E7
13,Db,"HD 004747 "," ",G9V,225.0,3,"2, 3, 9, 10, 12",55,608.0,292.0,55,56.0,100.0,21.0,34.0,-117.0,1002.0,"  ",277.0,252.0,N,1,4.450148E7,-8.3564936E7
14,Db,"HD 004967 "," ",K7Vk,134.0,1,3,38,420.0,211.0,,,98.0,,,,225.0,"  ",639.0,2.0,N,1,4.6410301E7,-8.2476244E7
15,Db,"HD 005448 "," ",A5V,60.0,2,7,275,3039.0,1540.0,,,101.0,,,,2312.0,"  ",791.0,97.0,N,0,5.1078182E7,1.38597638E8
16,Db,"HD 007439 ",*,F5V,220.0,2,"2, 15",175,2022.0,963.0,183,184.0,105.0,140.0,71.0,-87.0,1205.0,"  ",582.0,41.0,N,1,6.6960606E7,-2.8522172E7
17,Db,"HD 007570 "," ",F9VFe,530.0,3,"2, 3, 5, 17",249,2862.0,1301.0,259,259.0,104.0,465.0,39.0,392.0,3045.0,"  ",665.0,256.0,Y,1,6.7666822E7,-1.63913995E8
18,Db,"HD 007788 "," ",F6V+K1V,70.0,3,"2, 16, 18",244,2696.0,1403.0,,,97.0,,,,2724.0,"  ",525.0,244.0,N,1,6.8192434E7,-2.47953336E8
19,Db,"HD 009540 "," ",K0V,150.0,3,"2, 3, 4, 9, 10, 11, 12",62,663.0,329.0,60,61.0,98.0,-23.0,49.0,-181.0,-236.0,"  ",329.0,-172.0,N,1,8.3937131E7,-8.7040657E7
20,Db,"HD 010307 "," ",G1.5V,695.0,2,"6, 15",279,3238.0,1533.0,293,294.0,105.0,389.0,55.0,112.0,1949.0,"  ",498.0,82.0,N,1,9.1607147E7,1.53408123E8
21,Db,"HD 010361 ",d,K5V,457.0,3,"3, 5, 6, 14",472,5215.0,2648.0,,,101.0,,,,2309.0,"  ",403.0,-81.0,N,1,8.9813355E7,-2.0230734E8
22,Db,"HD 010476 "," ",K1V,499.0,3,"3, 5, 9, 10, 11, 12, 13, 14, 15",385,4000.0,1886.0,362,362.0,94.0,512.0,70.0,152.0,3281.0,"  ",422.0,308.0,N,1,9.2246426E7,7.2966602E7
23,Db,"HD 011171 "," ",F3III,128.0,2,"16, 19",200,2365.0,1084.0,214,214.0,107.0,616.0,62.0,546.0,6623.0,"c ",503.0,920.0,Y,1,9.8626547E7,-3.8471067E7
24,Db,"HD 011636 ",d,A5V,55.0,2,7,854,9337.0,4698.0,845,845.0,99.0,,,,4181.0,"  ",540.0,-89.0,N,0,1.03176165E8,7.4908913E7
25,Db,"HD 013161 ",d,A5III,73.0,2,7,637,7035.0,3385.0,764,764.0,120.0,,,,52763.0,"  ",542.0,1833.0,Y,0,1.16589407E8,1.25954269E8
26,Db,"HD 013974 "," ",G0V,220.0,3,"2, 9, 10, 20",379,4110.0,1902.0,372,372.0,98.0,421.0,46.0,19.0,2190.0,"  ",523.0,54.0,N,1,1.23348452E8,1.23207226E8
27,Db,"HD 014055 "," ",A1Vnn,16.0,2,7,182,2008.0,995.0,298,298.0,164.0,8453.0,44.0,1942.0,79421.0,"  ",495.0,1960.0,Y,0,1.23583006E8,1.21849895E8
28,Db,"HD 015008 "," ",A3V,41.0,2,7,184,2033.0,988.0,184,185.0,100.0,233.0,23.0,117.0,1699.0,"  ",575.0,122.0,N,0,1.27574143E8,-2.47173904E8
29,Db,"HD 016160 "," ",K3V,610.0,3,"2, 3, 5, 6, 10, 13, 14, 15",341,3547.0,1693.0,321,321.0,94.0,323.0,63.0,-49.0,1941.0,"  ",503.0,48.0,N,1,1.4047342E8,2.4792747E7
30,Db,"HD 016555 "," ",A6V,55.0,2,7,108,1193.0,587.0,108,109.0,100.0,33.0,40.0,-217.0,576.0,"  ",307.0,-4.0,N,0,1.41665595E8,-1.89155085E8
31,Db,"HD 016673 "," ",F8VFe,110.0,3,"2, 3, 5, 13, 14, 15",111,1249.0,596.0,113,114.0,102.0,161.0,58.0,61.0,1562.0,"  ",562.0,170.0,N,1,1.44186323E8,-3.4030361E7
32,Db,"HD 016754 "," ",A1Vb,17.0,2,7,117,1304.0,638.0,118,119.0,101.0,84.0,52.0,-89.0,195.0,"  ",837.0,-53.0,N,0,1.43819848E8,-1.54410035E8
33,Db,"HD 016765 "," ",F7IV,34.0,3,"2, 4, 15, 16",109,1227.0,597.0,111,112.0,102.0,98.0,67.0,-37.0,-507.0,"  ",468.0,-236.0,N,1,1.45109958E8,-2504384.0
34,Db,"HD 016970 "," ",A3V,50.0,2,7,368,3989.0,1927.0,361,362.0,98.0,395.0,52.0,-7.0,1820.0,"  ",576.0,-18.0,N,0,1.46970586E8,1.1648939E7
35,Db,"HD 017051 "," ",F8V,120.0,3,"2, 3, 4, 5, 6, 14",163,1890.0,884.0,171,171.0,105.0,219.0,30.0,94.0,1527.0,"  ",330.0,190.0,N,1,1.46301985E8,-1.82881062E8
36,Db,"HD 017093 "," ",A7III,58.0,2,7,100,1105.0,556.0,,,104.0,,,,1443.0,"  ",310.0,279.0,N,0,1.48463692E8,4.480473E7
37,Db,"HD 017206 "," ",F7V,75.0,3,"2, 3, 4, 16",342,3823.0,1898.0,346,346.0,101.0,,,,961.0,"  ",359.0,-259.0,N,1,1.48592807E8,-6.6861215E7
38,Db,"HD 018978 "," ",A3IV-V,70.0,2,7,234,2586.0,1313.0,,,103.0,,,,2290.0,"  ",360.0,259.0,N,0,1.64152491E8,-8.5048094E7
39,Db,"HD 019107 "," ",A8V,7.0,2,7,87,961.0,486.0,,,103.0,,,,1562.0,"  ",296.0,352.0,?,0,1.65847756E8,-2.7363086E7
40,Db,"HD 019305 "," ",K5,255.0,1,1,45,486.0,231.0,44,45.0,97.0,-162.0,56.0,-370.0,310.0,"  ",243.0,33.0,N,1,1.67801049E8,7074631.0
41,Db,"HD 020010 ",d,F6V,480.0,2,"3, 21",663,6961.0,3396.0,630,630.0,95.0,1020.0,52.0,444.0,3652.0,"  ",273.0,78.0,N,1,1.7286791E8,-1.04355434E8
42,Db,"HD 020320 "," ",A9mA9V,80.0,2,7,153,1768.0,816.0,160,161.0,105.0,,,,9990.0,"c ",402.0,1431.0,Y,0,1.76250398E8,-3.1751022E7
43,Db,"HD 020630 "," ",G5Vv,40.0,3,"2, 4, 6, 12, 13, 14",352,4044.0,1804.0,366,366.0,104.0,356.0,69.0,-67.0,2516.0,"  ",376.0,180.0,N,1,1.79425445E8,1.2132715E7
44,Db,"HD 020794 "," ",G8V,620.0,3,"2, 3, 4, 5, 6",722,8376.0,3988.0,758,758.0,105.0,1070.0,38.0,353.0,7388.0,"  ",336.0,681.0,Y,1,1.79934764E8,-1.55051218E8
45,Db,"HD 021197 "," ",K4V,150.0,3,"2, 11, 15",65,718.0,346.0,65,66.0,99.0,-35.0,50.0,-215.0,1625.0,"  ",533.0,237.0,N,1,1.84495972E8,-1.9309523E7
46,Db,"HD 022001 "," ",F5V,280.0,2,"2, 22",234,2586.0,1268.0,234,234.0,100.0,283.0,25.0,85.0,3246.0,"  ",174.0,831.0,Y,1,1.88440159E8,-2.26575099E8
47,Db,"HD 022484 ",s,F8V,670.0,3,"4, 6, 9, 12",505,5912.0,2591.0,535,536.0,106.0,1081.0,52.0,654.0,7648.0,"  ",258.0,1096.0,Y,1,1.95185748E8,1445983.0
48,Db,"HD 022496 "," ",K5V,130.0,2,"2, 3",57,641.0,311.0,58,59.0,101.0,64.0,48.0,0.0,38.0,"  ",402.0,-68.0,N,1,1.93514099E8,-1.74308905E8
49,Db,"HD 023281 "," ",A5m,39.0,2,7,66,734.0,362.0,97,98.0,146.0,344.0,26.0,862.0,1488.0,"  ",637.0,176.0,Y,0,2.01207506E8,-3.7748359E7
50,Db,"HD 023754 "," ",F5IV-V,400.0,2,"2, 3, 4",389,4343.0,2034.0,393,393.0,101.0,488.0,30.0,140.0,4069.0,"  ",562.0,340.0,N,1,2.04163323E8,-8.3699005E7
51,Db,"HD 027290 "," ",F1V,210.0,1,2,295,3492.0,1558.0,316,316.0,107.0,2204.0,50.0,1530.0,18384.0,"c ",364.0,1702.0,Y,1,2.30423788E8,-1.85351941E8
52,Db,"HD 029875 "," ",F2V,150.0,2,"2, 16, 23",252,2895.0,1442.0,262,262.0,104.0,431.0,45.0,286.0,1860.0,"  ",588.0,70.0,N,1,2.52505696E8,-1.50709507E8
53,Db,"HD 030652 ",d,F6V,120.0,3,"2, 4, 9, 10, 16",1051,12077.0,5295.0,1093,1093.0,104.0,1293.0,55.0,100.0,9132.0,"  ",764.0,431.0,N,1,2.60856164E8,2.5060588E7
54,Db,"HD 032450 "," ",M0V,,," ",125,1470.0,689.0,133,133.0,,141.0,30.0,-20.0,916.0,"  ",407.0,55.0,N,1,2.72226305E8,-7.652392E7
55,Db,"HD 033111 ",d,A3III,39.0,2,7,806,9083.0,4058.0,822,822.0,102.0,916.0,56.0,10.0,3928.0,"  ",516.0,-24.0,N,0,2.77064782E8,-1.8311205E7
56,Db,"HD 033262 "," ",F9VFe,50.0,3,"2, 3, 4, 11, 16",311,3669.0,1650.0,332,333.0,107.0,663.0,49.0,504.0,3625.0,"  ",303.0,559.0,Y,0,2.74959852E8,-2.06901736E8
57,Db,"HD 033793 "," ",sdM1.0,170.0,1,2,93,1127.0,537.0,102,103.0,,43.0,39.0,-180.0,-222.0,"  ",510.0,-149.0,N,0,2.80508717E8,-1.6206629E8
58,Db,"HD 036435 "," ",G5V,50.0,3,"2, 3, 5, 6, 14",60,674.0,323.0,61,62.0,102.0,88.0,44.0,47.0,666.0,"  ",137.0,244.0,N,1,2.94890281E8,-2.17497586E8
59,Db,"HD 036705 "," ",K0V,1.0,3,"2, 3, 13, 16",99,1182.0,548.0,107,108.0,108.0,-31.0,61.0,-246.0,861.0,"  ",82.0,338.0,N,1,2.95872444E8,-2.35614856E8
60,Db,"HD 038393 ",d,F6V,298.0,3,"3, 5, 6",216,2320.0,1105.0,210,211.0,97.0,874.0,29.0,1219.0,5472.0,"  ",486.0,783.0,Y,1,3.10016863E8,-8.0814181E7
61,Db,"HD 038678 ",d,A2IV-V,23.0,2,7,342,3775.0,2091.0,878,878.0,257.0,2757.0,38.0,1665.0,12763.0,"  ",182.0,1608.0,Y,0,3.12260114E8,-5.335902E7
62,Db,"HD 039091 "," ",G0V,580.0,3,"2, 3, 5, 6",144,1591.0,770.0,144,144.0,100.0,232.0,30.0,227.0,865.0,"c ",187.0,49.0,N,1,3.03448377E8,-2.89688837E8
63,Db,"HD 042581 "," ",M1/M2V,,," ",188,2077.0,1004.0,,,,,,,830.0,"  ",247.0,-70.0,N,0,3.3351923E8,-7.8712712E7
64,Db,"HD 050241 "," ",A8VnkA6,70.0,2,7,641,7293.0,3325.0,660,660.0,103.0,861.0,59.0,181.0,4401.0,"  ",551.0,181.0,N,0,3.67371827E8,-2.22989001E8
65,Db,"HD 055892 "," ",F3VFe,390.0,2,"2, 23",247,2737.0,1355.0,270,270.0,109.0,340.0,31.0,186.0,,"  ",,,N,1,3.89304375E8,-1.68333495E8
66,Db,"HD 056537 "," ",A3V,55.0,2,7,330,3602.0,1798.0,326,327.0,99.0,352.0,66.0,-12.0,1094.0,"  ",483.0,-145.0,N,0,3.94283697E8,5.9545391E7
67,Db,"HD 056986 ",d,F0IV,480.0,2,"2, 23",648,7160.0,3570.0,,,105.0,,,,4652.0,"  ",886.0,118.0,N,1,3.96110697E8,7.9136338E7
68,Db,"HD 058946 "," ",F0V,170.0,2,"2, 16",350,4099.0,1904.0,371,371.0,106.0,464.0,64.0,80.0,2845.0,"  ",476.0,189.0,N,1,4.04200783E8,1.14424377E8
69,Db,"HD 060179 "," ",A1V,25.0,2,7,1826,20177.0,9400.0,,,,,,,9256.0,"  ",477.0,-22.0,N,0,4.09137945E8,1.1479779E8
70,Db,"HD 061421 ",*,F5IV-V,270.0,3,"2, 12, 15",13347,147481.0,70229.0,,,100.0,,,,86227.0,"  ",396.0,370.0,?,1,4.13371792E8,1.8809955E7
71,Db,"HD 061606 "," ",K2V,55.0,3,"2, 9, 10, 11, 15",81,884.0,432.0,80,81.0,99.0,-8.0,56.0,-170.0,263.0,"  ",788.0,-21.0,N,1,4.13989927E8,-1.2951029E7
72,Db,"HD 068146 "," ",F6.5V,327.0,1,3,134,1481.0,712.0,134,135.0,100.0,166.0,21.0,78.0,1163.0,"  ",1059.0,43.0,N,1,4.41597397E8,-4.9677146E7
73,Db,"HD 071155 "," ",A0V,17.0,2,7,192,2120.0,1063.0,307,308.0,160.0,2118.0,41.0,1677.0,7011.0,"c ",659.0,797.0,Y,0,4.5509448E8,-1.4063118E7
74,Db,"HD 071243 "," ",F5VFe,150.0,3,"3, 16, 21",418,4619.0,2292.0,,,106.0,,,,3345.0,"  ",606.0,167.0,N,1,4.48673298E8,-2.76910996E8
75,Db,"HD 075632 "," ",K5,43.0,1,2,117,1293.0,658.0,,,89.0,,,,402.0,"  ",569.0,-45.0,N,0,4.81872285E8,2.5485916E8
76,Db,"HD 076644 "," ",A7V,75.0,2,7,632,7193.0,3260.0,651,651.0,103.0,,,,3715.0,"  ",556.0,78.0,N,0,4.85286804E8,1.72950574E8
77,Db,"HD 076932 "," ",G2VFe,294.0,1,3,131,1481.0,708.0,134,135.0,102.0,146.0,22.0,-7.0,1131.0,"  ",593.0,71.0,N,1,4.84858996E8,-5.8077814E7
78,Db,"HD 076943 "," ",F4V,140.0,3,"2, 15, 16, 23",498,5724.0,2589.0,518,518.0,104.0,,,,3039.0,"  ",617.0,71.0,N,1,4.8657571E8,1.50418605E8
79,Db,"HD 078045 "," ",hA5mA5V,42.0,2,7,233,2652.0,1273.0,240,240.0,103.0,286.0,48.0,41.0,1745.0,"  ",625.0,75.0,N,0,4.88201939E8,-2.39025873E8
80,Db,"HD 078154 "," ",F6IV,490.0,2,"2, 12",271,2994.0,1519.0,,,98.0,,,,868.0,"  ",716.0,-91.0,N,1,4.9535319E8,2.41682464E8
81,Db,"HD 078209 "," ",A1m,80.0,2,7,208,2232.0,1071.0,202,202.0,97.0,338.0,41.0,259.0,1907.0,"  ",638.0,130.0,N,0,4.93983865E8,1.85776733E8
82,Db,"HD 079096 "," ",G9V,370.0,2,"2, 15",98,1072.0,522.0,97,98.0,99.0,,,,491.0,"  ",632.0,-5.0,N,1,4.97063231E8,5.3985738E7
83,Db,"HD 079210 "," ",M0.0V,50.0,1,2,216,2166.0,1031.0,196,196.0,,282.0,24.0,235.0,867.0,"  ",639.0,-26.0,N,1,4.98941873E8,1.89671721E8
84,Db,"HD 079439 "," ",A5V,71.0,2,7,130,1436.0,727.0,,,103.0,,,,585.0,"  ",634.0,-22.0,N,0,5.00569918E8,1.94478688E8
85,Db,"HD 080081 "," ",A3V,33.0,2,7,255,2818.0,1431.0,,,103.0,,,,1772.0,"  ",532.0,63.0,N,0,5.02959658E8,1.32489333E8
86,Db,"HD 081997 "," ",F6V,150.0,3,"1, 2, 4, 16",284,3204.0,1519.0,290,290.0,102.0,338.0,32.0,50.0,1452.0,"  ",622.0,-11.0,N,1,5.12233448E8,-9968265.0
87,Db,"HD 082328 ",d,F7V,580.0,1,15,1176,13514.0,6252.0,1223,1223.0,104.0,1436.0,73.0,83.0,6655.0,"  ",626.0,57.0,N,1,5.15571509E8,1.86038281E8
88,Db,"HD 082885 "," ",G8IIIv,130.0,3,"2, 11, 13, 15, 20",243,2685.0,1364.0,,,100.0,,,,333.0,"  ",656.0,-157.0,N,1,5.18092551E8,1.28916487E8
89,Db,"HD 084737 "," ",G0.5Va,930.0,3,"9, 12, 15, 24",253,2818.0,1338.0,255,256.0,101.0,356.0,39.0,171.0,24.0,"  ",574.0,-229.0,N,1,5.29730563E8,1.65675631E8
90,Db,"HD 085376 "," ",A5IV,45.0,2,7,89,983.0,497.0,,,102.0,,,,31.0,"  ",608.0,-77.0,N,0,5.326956E8,8.7823333E7
91,Db,"HD 087696 "," ",A7V,75.0,2,7,175,1929.0,927.0,213,214.0,122.0,375.0,57.0,303.0,2334.0,"  ",577.0,239.0,Y,0,5.46686444E8,1.26880896E8
92,Db,"HD 088955 "," ",A2Va,41.0,2,7,218,2552.0,1224.0,231,231.0,106.0,511.0,59.0,398.0,2225.0,"  ",601.0,164.0,Y,0,5.53262336E8,-1.51638993E8
93,Db,"HD 089021 "," ",A2IV,38.0,2,7,316,3492.0,1695.0,,,95.0,,,,1163.0,"  ",627.0,-84.0,N,0,5.55386743E8,1.54491681E8
94,Db,"HD 089125 "," ",F8Vbw,481.0,2,"4, 15",116,1260.0,632.0,114,115.0,98.0,,,,834.0,"  ",630.0,32.0,N,1,5.55518069E8,8.3182388E7
95,Db,"HD 089269 "," ",G5,590.0,3,"9, 12, 15, 24",70,762.0,373.0,69,70.0,99.0,,,,755.0,"  ",598.0,64.0,N,1,5.56979229E8,1.58573961E8
96,Db,"HD 089449 "," ",F6IV,310.0,2,"1, 15",244,2674.0,1281.0,242,242.0,99.0,291.0,34.0,64.0,224.0,"  ",602.0,-176.0,N,1,5.57762503E8,7.0095294E7
97,Db,"HD 090132 "," ",A8V,7.0,2,7,92,1017.0,505.0,,,105.0,,,,952.0,"  ",601.0,74.0,N,0,5.61139438E8,-1.36835417E8
98,Db,"HD 095418 ",d,A1V,31.0,2,7,837,9246.0,4403.0,1071,1071.0,128.0,4567.0,96.0,1471.0,39000.0,cb,3900.0,793.0,Y,0,5.95657148E8,2.02976734E8
99,Db,"HD 095608 "," ",A1m,32.0,2,7,135,1494.0,750.0,219,220.0,162.0,261.0,78.0,142.0,692.0,"  ",590.0,-10.0,N,0,5.96096637E8,7.2647427E7
100,Db,"HD 095735 "," ",M2.0V,200.0,1,"2, 14",434,5536.0,2636.0,501,501.0,,482.0,42.0,-147.0,2611.0,"  ",608.0,-4.0,N,0,5.9700291E8,1.29491568E8
101,Db,"HD 097584 "," ",K5,80.0,2,"2, 23",62,685.0,343.0,,,98.0,,,,332.0,"  ",621.0,-2.0,N,1,6.07678502E8,2.6451074E8
102,Db,"HD 097603 ",d,A4V,69.0,2,7,902,10066.0,4032.0,911,912.0,101.0,985.0,53.0,-30.0,3721.0,"  ",662.0,-45.0,N,0,6.06697521E8,7.3885385E7
103,Db,"HD 098231 ",d,G0V,35.0,1,"2, 5",1012,10961.0,5210.0,992,992.0,98.0,1094.0,81.0,-2.0,4834.0,"  ",594.0,-59.0,N,1,6.1036353E8,1.1350498E8
104,Db,"HD 098712 "," ",K5V,25.0,3,"3, 13, 14",61,674.0,333.0,,,102.0,,,,-186.0,"  ",651.0,-80.0,N,1,6.13299957E8,-7.3633624E7
105,Db,"HD 099211 "," ",A7V(n),57.0,2,7,265,2928.0,1473.0,,,104.0,,,,1226.0,"  ",605.0,-41.0,N,0,6.16393854E8,-6.366243E7
106,Db,"HD 099491 "," ",K0IV,410.0,3,"2, 9, 12",89,1017.0,494.0,92,93.0,103.0,59.0,74.0,-58.0,684.0,"  ",587.0,32.0,N,1,6.18079827E8,1.0847155E7
107,Db,"HD 100180 "," ",G0V,380.0,3,"2, 9, 10, 12, 13, 14, 15",76,862.0,432.0,78,79.0,102.0,52.0,61.0,-56.0,421.0,"  ",622.0,-2.0,N,1,6.2257416E8,5.1712207E7
108,Db,"HD 101177 "," ",G0V,523.0,3,"6, 9, 12, 15",87,961.0,487.0,,,,,,,-311.0,"  ",599.0,-133.0,N,1,6.28873503E8,1.62390305E8
109,Db,"HD 101501 "," ",G8V,90.0,3,"2, 6, 9, 10, 12, 13, 14, 15",267,2895.0,918.0,262,262.0,98.0,290.0,45.0,1.0,1715.0,"  ",672.0,118.0,N,1,6.30945245E8,1.23125884E8
110,Db,"HD 101581 "," ",K4.5Vk,260.0,2,"3, 17",67,729.0,364.0,66,67.0,99.0,70.0,53.0,-6.0,-1.0,"  ",615.0,-59.0,N,1,6.30937047E8,-1.5985868E8
111,Db,"HD 102124 "," ",A4V,48.0,2,7,114,1260.0,641.0,,,99.0,,,,872.0,"  ",591.0,39.0,N,0,6.34755604E8,2.9729215E7
112,Db,"HD 102365 "," ",G2V,600.0,3,"3, 4, 5, 6, 12",353,4011.0,1884.0,363,364.0,103.0,478.0,41.0,162.0,592.0,"  ",722.0,-179.0,N,1,6.35866089E8,-1.45801272E8
113,Db,"HD 102647 "," ",A3Va,10.0,2,7,1202,13284.0,6326.0,1647,1647.0,137.0,7430.0,47.0,1630.0,48000.0,"b ",3000.0,1085.0,Y,0,6.38153675E8,5.2459409E7
114,Db,"HD 102870 ",d,F9V,440.0,3,"2, 4, 9, 10, 12",881,9934.0,4598.0,899,899.0,102.0,1312.0,77.0,316.0,5325.0,"  ",669.0,101.0,N,1,6.39625774E8,6352991.0
115,Db,"HD 103287 ",d,A0Ve,40.0,2,7,792,8751.0,4176.0,792,792.0,100.0,951.0,39.0,124.0,3072.0,"  ",537.0,-198.0,N,0,6.4244771E8,1.93301135E8
116,Db,"HD 104513 "," ",A7m,15.0,2,7,103,1138.0,577.0,,,100.0,,,,-1814.0,"  ",662.0,-358.0,N,0,6.49901773E8,1.54964169E8
117,Db,"HD 105452 "," ",F1V,100.0,3,"2, 12, 16",398,4442.0,2093.0,402,402.0,101.0,484.0,43.0,80.0,2165.0,"  ",635.0,11.0,N,1,6.55572248E8,-8.902395E7
118,Db,"HD 106516 "," ",F9VFe,100.0,3,"1, 3, 15",80,884.0,442.0,80,81.0,100.0,64.0,62.0,-39.0,1066.0,"  ",621.0,100.0,N,1,6.6165836E8,-3.7124635E7
119,Db,"HD 106591 "," ",A3V,49.0,2,7,426,4751.0,2227.0,430,430.0,101.0,542.0,42.0,133.0,2137.0,"  ",592.0,-15.0,N,0,6.6188341E8,2.05317416E8
120,Db,"HD 108767 "," ",A0IVkB9,26.0,2,7,427,4718.0,2325.0,427,427.0,100.0,454.0,49.0,-34.0,1127.0,"  ",631.0,-189.0,N,0,6.74877827E8,-5.9455553E7
121,Db,"HD 108954 "," ",F9V,410.0,2,"2, 15",83,917.0,443.0,83,83.0,100.0,4.0,44.0,-197.0,1131.0,"  ",604.0,113.0,N,1,6.75752048E8,1.91075792E8
122,Db,"HD 109085 "," ",F2V,240.0,1,2,377,4163.0,1953.0,599,600.0,159.0,2591.0,41.0,1601.0,30000.0,cb,3000.0,836.0,Y,1,6.76863398E8,-5.8305616E7
123,Db,"HD 109358 ",d,G0V,490.0,3,"2, 9, 10, 12, 15, 20",541,6155.0,2900.0,557,557.0,103.0,600.0,52.0,-25.0,3122.0,"  ",660.0,33.0,N,1,6.78368172E8,1.48886925E8
124,Db,"HD 109536 "," ",A7V,81.0,2,7,105,1193.0,567.0,108,108.0,103.0,80.0,30.0,-128.0,-492.0,"  ",607.0,-174.0,N,0,6.80182977E8,-1.47679005E8
125,Db,"HD 109787 "," ",A2V,31.0,2,7,235,2729.0,1291.0,247,247.0,105.0,227.0,46.0,-97.0,231.0,"  ",630.0,-168.0,N,0,6.81932457E8,-1.7474869E8
126,Db,"HD 110304 ",d,A1IV+,45.0,2,7,979,11359.0,5356.0,1028,1028.0,105.0,1109.0,43.0,-38.0,5136.0,"  ",613.0,-33.0,N,0,6.85365601E8,-1.76255537E8
127,Db,"HD 110315 "," ",K4.5V,660.0,3,"12, 15",69,751.0,370.0,68,69.0,98.0,199.0,66.0,187.0,-358.0,"  ",646.0,-113.0,N,1,6.84997212E8,5.535598E7
128,Db,"HD 110379 ",d,F0V,118.0,2,"2, 16",1359,15171.0,6710.0,1373,1373.0,101.0,,,,6056.0,"  ",603.0,-97.0,N,0,6.85499745E8,-5218250.0
129,Db,"HD 110411 "," ",A0V,50.0,2,7,95,1048.0,512.0,147,148.0,155.0,2399.0,50.0,1767.0,14051.0,"c ",554.0,1513.0,Y,0,6.85695849E8,3.6848255E7
130,Db,"HD 111631 "," ",K7,60.0,1,2,89,972.0,452.0,88,89.0,99.0,88.0,62.0,-15.0,1679.0,"  ",584.0,208.0,N,1,6.93653505E8,-2765260.0
131,Db,"HD 112758 "," ",G9V,850.0,2,"3, 15",45,497.0,245.0,45,47.0,101.0,-54.0,52.0,-200.0,209.0,"  ",802.0,-5.0,N,1,7.01123452E8,-3.5402707E7
132,Db,"HD 114378 "," ",F5V,50.0,3,"2, 4, 14, 15, 16",387,4232.0,1990.0,383,384.0,99.0,516.0,51.0,162.0,2248.0,"  ",636.0,40.0,N,1,7.10989275E8,6.310586E7
133,Db,"HD 114710 "," ",G0V,400.0,3,"1, 2, 9, 10, 11, 12, 13",512,5713.0,2591.0,517,517.0,101.0,505.0,54.0,-112.0,2379.0,"  ",629.0,-33.0,N,1,7.12685907E8,1.00361454E8
134,Db,"HD 115617 "," ",G7V,502.0,3,"3, 4, 5, 9, 12, 13, 14",449,5061.0,2456.0,458,458.0,102.0,1560.0,83.0,927.0,15200.0,cb,600.0,1316.0,Y,1,7.18564714E8,-6.5920305E7
135,Db,"HD 115892 ",d,A3mA3va,26.0,2,7,623,6886.0,3436.0,698,698.0,112.0,971.0,46.0,425.0,2926.0,"  ",575.0,-86.0,N,0,7.20537261E8,-1.32164245E8
136,Db,"HD 116442 "," ",G5,674.0,3,"9, 12, 15",65,718.0,355.0,,,104.0,,,,534.0,"  ",600.0,30.0,N,1,7.23287317E8,9803954.0
137,Db,"HD 117043 "," ",G6V,690.0,3,12,82,906.0,455.0,,,104.0,,,,359.0,"  ",667.0,-14.0,N,0,7.25397878E8,2.27740591E8
138,Db,"HD 118098 "," ",A3V,49.0,2,7,423,4718.0,2294.0,427,427.0,101.0,433.0,58.0,-63.0,1957.0,"  ",571.0,-58.0,N,0,7.33226175E8,-2145380.0
139,Db,"HD 118926 "," ",K5,,," ",31,343.0,169.0,,,98.0,,,,-175.0,"  ",629.0,-55.0,N,0,7.38106959E8,-1.5069961E7
140,Db,"HD 119756 "," ",F2V,110.0,3,"2, 4, 16",326,3812.0,1767.0,345,346.0,106.0,,,,1350.0,"  ",658.0,-63.0,N,1,7.43118672E8,-1.189574E8
141,Db,"HD 119850 "," ",M4.0V,,," ",150,1823.0,817.0,165,165.0,,184.0,33.0,6.0,2019.0,"  ",606.0,196.0,N,0,7.4315665E8,5.3609463E7
142,Db,"HD 120036 "," ",K6+K7V,80.0,1,"2, 3",45,508.0,241.0,46,48.0,102.0,103.0,61.0,85.0,-351.0,"  ",650.0,-91.0,N,1,7.44932455E8,-1.1674814E8
143,Db,"HD 120467 "," ",K5.5Vk,435.0,3,"3, 12",65,707.0,340.0,64,65.0,98.0,-37.0,70.0,-153.0,-804.0,"  ",575.0,-198.0,N,1,7.46772087E8,-7.9599934E7
144,Db,"HD 124580 "," ",G0V,94.0,3,"3, 5, 6",80,884.0,431.0,80,81.0,101.0,,,,1337.0,"  ",610.0,148.0,N,1,7.70080277E8,-1.62002724E8
145,Db,"HD 125161 "," ",A7V,4.0,2,7,139,1591.0,771.0,144,145.0,104.0,185.0,35.0,71.0,1542.0,"  ",619.0,124.0,N,0,7.70548949E8,1.84922027E8
146,Db,"HD 125162 "," ",A0p,29.0,2,7,192,2120.0,1009.0,282,283.0,147.0,3783.0,67.0,1781.0,24049.0,"c ",555.0,1740.0,Y,0,7.70745282E8,1.65917901E8
147,Db,"HD 126660 ",d,F7V,50.0,3,"2, 4, 16, 23",546,6276.0,2900.0,568,568.0,104.0,708.0,52.0,128.0,2601.0,"  ",591.0,-49.0,N,1,7.78676955E8,1.86662677E8
148,Db,"HD 128167 "," ",F2V,170.0,2,"2, 12",280,3094.0,1568.0,,,102.0,,,,2962.0,"  ",389.0,335.0,N,1,7.87212255E8,1.07082459E8
149,Db,"HD 129502 "," ",F2V,180.0,1,"2, 23",520,5967.0,2748.0,540,541.0,104.0,559.0,36.0,-83.0,2549.0,"  ",598.0,-33.0,N,1,7.94754342E8,-2.0369533E7
150,Db,"HD 130109 "," ",A0V,29.0,2,7,246,2663.0,1292.0,241,241.0,98.0,-121.0,48.0,-808.0,-26.0,"  ",586.0,-225.0,N,0,7.9762388E8,6814384.0
151,Db,"HD 131156 "," ",G8V,28.0,3,"2, 5, 9, 10, 12, 13, 14, 15",489,5403.0,2741.0,,,101.0,,,,4068.0,"  ",599.0,210.0,N,1,8.02250699E8,6.8761699E7
152,Db,"HD 133640 "," ",G0Vnv,95.0,1,23,410,4530.0,2205.0,,,109.0,,,,3470.0,"  ",599.0,203.0,N,1,8.13409435E8,1.71554623E8
153,Db,"HD 135204 "," ",K0V,857.0,1,15,88,983.0,485.0,89,90.0,101.0,61.0,60.0,-63.0,871.0,"  ",567.0,68.0,N,1,8.22463422E8,-4864997.0
154,Db,"HD 136923 "," ",G9V,300.0,3,"9, 12, 15, 20",54,597.0,295.0,54,55.0,100.0,117.0,45.0,125.0,,"  ",,,N,1,8.30502503E8,6.8108246E7
155,Db,"HD 137107 "," ",G0V,260.0,1,2,248,2773.0,1350.0,251,251.0,101.0,420.0,58.0,232.0,1108.0,"  ",591.0,-41.0,N,1,8.30883465E8,1.0903756E8
156,Db,"HD 137763 "," ",G9V,667.0,3,"9, 10, 15",80,884.0,432.0,80,81.0,100.0,,,,372.0,"  ",591.0,-10.0,N,1,8.35344314E8,-3.3653152E7
157,Db,"HD 137898 "," ",A8IV,7.0,2,7,104,1138.0,546.0,103,104.0,99.0,156.0,39.0,108.0,-707.0,"  ",663.0,-189.0,N,0,8.35773551E8,6631485.0
158,Db,"HD 137909 "," ",F0p,81.0,2,7,366,3956.0,1873.0,358,359.0,98.0,,,,1606.0,"  ",625.0,-42.0,N,0,8.35045973E8,1.04780522E8
159,Db,"HD 139006 ",d,A0V,27.0,2,7,983,10866.0,5174.0,1298,1298.0,132.0,5095.0,98.0,1468.0,21148.0,"c ",621.0,1303.0,Y,0,8.4121902E8,9.6172894E7
160,Db,"HD 139763 "," ",K6Vk,160.0,3,"2, 3, 11",40,464.0,218.0,42,44.0,104.0,,,,636.0,"  ",617.0,68.0,N,1,8.46518544E8,-6.4976502E7
161,Db,"HD 140436 "," ",B9IV+,40.0,2,7,215,2453.0,1166.0,222,222.0,103.0,231.0,40.0,-34.0,269.0,"  ",655.0,-137.0,N,0,8.48468483E8,9.4664285E7
162,Db,"HD 141004 "," ",G0IV-V,530.0,3,"2, 4, 5, 9, 10, 12, 13, 14, 15",466,4939.0,2394.0,447,448.0,96.0,524.0,51.0,52.0,2576.0,"  ",544.0,33.0,N,1,8.51799213E8,2.6471045E7
163,Db,"HD 141272 "," ",G8V,70.0,3,"2, 9, 10, 12, 13, 14, 15",44,486.0,240.0,44,47.0,100.0,,,,321.0,"  ",567.0,14.0,N,1,8.53341938E8,5658272.0
164,Db,"HD 141795 "," ",A2m,52.0,2,7,280,3094.0,1572.0,,,103.0,,,,1879.0,"  ",586.0,52.0,N,0,8.55734493E8,1.6119831E7
165,Db,"HD 142267 "," ",G0V,480.0,3,"2, 9, 10, 12",109,1215.0,598.0,110,111.0,101.0,108.0,17.0,-76.0,637.0,"  ",592.0,7.0,N,1,8.57881463E8,4.7507849E7
166,Db,"HD 142373 "," ",F8Ve,621.0,3,"9, 12, 15",427,4818.0,2254.0,436,436.0,102.0,402.0,56.0,-134.0,945.0,"  ",600.0,-218.0,N,1,8.57408121E8,1.52825466E8
167,Db,"HD 142860 ",d,F6IV,460.0,3,"2, 4, 9, 10, 12",640,7348.0,3499.0,665,666.0,104.0,736.0,65.0,1.0,2736.0,"  ",680.0,-110.0,N,1,8.6080774E8,5.6381821E7
168,Db,"HD 146361 "," ",F6V+G0V,1.0,3,"2, 15, 16",179,2077.0,924.0,188,189.0,105.0,283.0,52.0,139.0,736.0,"  ",565.0,-33.0,N,1,8.77212834E8,1.2189095E8
169,Db,"HD 147379 "," ",M1V,,," ",79,917.0,437.0,83,83.0,,171.0,51.0,155.0,147.0,"  ",113.0,-256.0,N,1,8.79041184E8,2.42059849E8
170,Db,"HD 147584 "," ",F9V,170.0,3,"3, 5, 11, 14",296,3182.0,1506.0,288,288.0,97.0,,,,1464.0,"  ",620.0,-7.0,N,1,8.89622154E8,-2.52303842E8
171,Db,"HD 151288 "," ",K5,260.0,3,"2, 12, 15, 23",103,1127.0,542.0,102,103.0,99.0,164.0,16.0,281.0,18.0,"  ",608.0,-86.0,N,1,9.04595266E8,1.20633223E8
172,Db,"HD 154494 "," ",A4IV,40.0,2,7,97,1072.0,546.0,,,101.0,,,,276.0,"  ",575.0,-47.0,N,0,9.22840353E8,4.586697E7
173,Db,"HD 154577 "," ",K2.5Vk,483.0,2,"3, 17",66,729.0,356.0,66,67.0,100.0,,,,232.0,"  ",641.0,-19.0,N,1,9.27155264E8,-2.18623576E8
174,Db,"HD 155876 "," ",K5,,," ",118,1304.0,637.0,,,105.0,,,,174.0,"  ",242.0,-191.0,N,0,9.28918676E8,1.64397216E8
175,Db,"HD 156164 "," ",A3IV,35.0,2,7,513,5724.0,2694.0,518,518.0,101.0,574.0,48.0,4.0,2884.0,"  ",576.0,32.0,N,0,9.31528659E8,8.9421145E7
176,Db,"HD 159560 "," ",A4m,70.0,2,7,145,1602.0,814.0,,,101.0,,,,1366.0,"  ",626.0,88.0,N,0,9.4704037E8,1.9862265E8
177,Db,"HD 160032 "," ",F4V,222.0,1,2,236,2663.0,1287.0,241,241.0,102.0,474.0,44.0,420.0,3703.0,"  ",672.0,347.0,Y,1,9.54357372E8,-1.77896102E8
178,Db,"HD 160922 "," ",F4V,250.0,1,"2, 23",234,2696.0,1284.0,244,244.0,,321.0,52.0,95.0,841.0,"  ",583.0,-76.0,N,1,9.5125641E8,2.47528696E8
179,Db,"HD 162003 "," ",F5IV-V,420.0,2,"1, 2",300,3348.0,1626.0,303,303.0,101.0,471.0,50.0,247.0,1760.0,"  ",641.0,21.0,N,1,9.5574533E8,2.59735848E8
180,Db,"HD 165040 "," ",A7sp,80.0,2,7,221,2387.0,1134.0,216,216.0,98.0,-38.0,49.0,-566.0,1761.0,"  ",604.0,103.0,N,0,9.79722219E8,-2.29206791E8
181,Db,"HD 165189 "," ",A5V,1.0,3,"16, 25",118,1304.0,663.0,,,101.0,,,,932.0,"  ",660.0,41.0,N,0,9.7814844E8,-1.5633079E8
182,Db,"HD 165777 "," ",A4IVs,55.0,2,7,275,3039.0,1543.0,,,104.0,,,,1717.0,"  ",638.0,27.0,N,0,9.78614759E8,3.442985E7
183,Db,"HD 165908 "," ",F7V,720.0,3,"2, 9, 10",273,2983.0,1447.0,270,270.0,99.0,986.0,52.0,962.0,8700.0,cb,1000.0,665.0,Y,1,9.78323096E8,1.1002369E8
184,Db,"HD 166348 "," ",M0V,165.0,1,3,61,696.0,333.0,63,64.0,,192.0,48.0,249.0,361.0,"  ",677.0,4.0,N,1,9.83120875E8,-1.56401452E8
185,Db,"HD 167425 "," ",F9.5V,90.0,3,"2, 3, 5",77,851.0,426.0,,,104.0,,,,489.0,"  ",579.0,11.0,N,1,9.89701971E8,-2.29991628E8
186,Db,"HD 168151 "," ",F5V,250.0,2,"1, 2, 23",212,2365.0,1115.0,214,214.0,101.0,245.0,32.0,25.0,673.0,"  ",615.0,-72.0,N,1,9.845075E8,2.31830233E8
187,Db,"HD 170153 ",d,F7V,550.0,2,"2, 23",997,11238.0,5101.0,1017,1017.0,102.0,1298.0,50.0,212.0,4656.0,"  ",562.0,-73.0,N,1,9.90950738E8,2.61838252E8
188,Db,"HD 172555 "," ",A7V,1.0,2,7,136,1502.0,715.0,866,866.0,637.0,2264.0,60.0,1653.0,8152.0,"  ",604.0,1021.0,Y,0,1.012903507E9,-2.3353654E8
189,Db,"HD 173739 "," ",M3.0V,,," ",101,2077.0,989.0,188,188.0,,392.0,35.0,456.0,1950.0,"  ",304.0,301.0,Y,0,1.01050019E9,2.14669472E8
190,Db,"HD 176051 "," ",G0V+k1V,350.0,2,"2, 14",254,2729.0,1341.0,247,247.0,97.0,271.0,51.0,-3.0,1503.0,"  ",634.0,25.0,N,1,1.023324148E9,1.18444572E8
191,Db,"HD 176687 ",d,A2.5Va,48.0,2,7,796,8541.0,3989.0,773,773.0,97.0,656.0,73.0,-247.0,3100.0,"  ",597.0,-144.0,N,0,1.028350954E9,-1.07568228E8
192,Db,"HD 177196 "," ",A7V,59.0,2,7,104,1149.0,585.0,,,102.0,,,,1297.0,"  ",614.0,115.0,N,0,1.027295553E9,1.68965317E8
193,Db,"HD 179930 "," ",M0Vk,149.0,1,3,49,541.0,273.0,,,,,,,695.0,"  ",625.0,67.0,N,1,1.041043725E9,-1.6520167E8
194,Db,"HD 180161 "," ",G8V,60.0,3,"2, 9, 12, 13, 14",60,663.0,319.0,60,61.0,99.0,86.0,44.0,45.0,1513.0,"  ",625.0,190.0,N,1,1.036970361E9,2.07619129E8
195,Db,"HD 180777 "," ",A7V,10.0,2,7,129,1425.0,721.0,,,105.0,,,,-517.0,"  ",637.0,-194.0,N,0,1.034248189E9,2.75617804E8
196,Db,"HD 181321 "," ",G2V,15.0,3,"2, 3, 5, 6, 16",79,895.0,424.0,81,83.0,102.0,5.0,25.0,-338.0,190.0,"  ",563.0,-42.0,N,1,1.045346229E9,-1.25940471E8
197,Db,"HD 184006 "," ",A5V,45.0,2,7,358,3790.0,1826.0,343,344.0,96.0,387.0,60.0,12.0,1340.0,"  ",554.0,-87.0,N,0,1.052735381E9,1.86227206E8
198,Db,"HD 186219 "," ",A4III,58.0,2,7,84,928.0,469.0,,,103.0,,,,1188.0,"  ",615.0,116.0,N,0,1.070479602E9,-2.61012169E8
199,Db,"HD 186408 "," ",G1.5Vb,754.0,3,"9, 10, 12, 15",110,1083.0,516.0,98,99.0,89.0,110.0,60.0,3.0,686.0,"  ",606.0,28.0,N,1,1.063634301E9,1.81890215E8
200,Db,"HD 187642 ",d,A7V,70.0,2,7,5887,65050.0,30976.0,,,104.0,,,,29202.0,"  ",396.0,-117.0,N,0,1.071704978E9,3.1925956E7
201,Db,"HD 188228 "," ",A0Va,25.0,2,7,172,1978.0,921.0,179,179.0,104.0,735.0,59.0,773.0,4200.0,"c ",613.0,506.0,Y,0,1.080533334E9,-2.6247782E8
202,Db,"HD 189245 "," ",F7V,6.0,3,"2, 3, 4, 16",120,1381.0,642.0,125,126.0,104.0,106.0,23.0,-134.0,248.0,"  ",612.0,-64.0,N,1,1.080303717E9,-1.21332432E8
203,Db,"HD 190007 "," ",K4Vk:,180.0,3,"2, 3, 12, 13, 14, 15, 20",90,994.0,479.0,90,92.0,100.0,107.0,30.0,24.0,128.0,"  ",639.0,-55.0,N,1,1.08250568E9,1.197426E7
204,Db,"HD 190422 "," ",F9V,40.0,3,"2, 3, 5, 16",74,851.0,411.0,77,78.0,104.0,-4.0,64.0,-140.0,505.0,"  ",629.0,15.0,N,1,1.086826359E9,-1.98057647E8
205,Db,"HD 191849 "," ",M0V,100.0,1,"2, 17",169,2011.0,948.0,182,183.0,,338.0,24.0,469.0,3205.0,"  ",571.0,381.0,Y,1,1.092500965E9,-1.62590472E8
206,Db,"HD 192310 "," ",K2+V,610.0,3,"2, 3, 12, 17",260,2851.0,1334.0,258,258.0,99.0,237.0,37.0,-123.0,1139.0,"  ",664.0,-29.0,N,1,1.093760868E9,-9.7318712E7
207,Db,"HD 194640 "," ",G8V,492.0,3,"3, 5, 6",76,829.0,414.0,75,76.0,99.0,72.0,63.0,-18.0,393.0,"  ",629.0,-3.0,N,1,1.104963642E9,-1.11124246E8
208,Db,"HD 196877 "," ",K7V,455.0,1,3,50,597.0,288.0,54,56.0,108.0,36.0,19.0,-126.0,-261.0,"  ",572.0,-96.0,N,1,1.118081735E9,-1.89717343E8
209,Db,"HD 197076 "," ",G5V,475.0,3,"6, 9, 12, 15, 20",76,829.0,410.0,75,75.0,98.0,-40.0,52.0,-235.0,,"  ",,,N,1,1.116677106E9,7.1767934E7
210,Db,"HD 197157 "," ",A9IV,52.0,2,7,191,2110.0,1073.0,,,103.0,,,,1435.0,"  ",620.0,58.0,N,0,1.119635011E9,-1.86915497E8
211,Db,"HD 197692 "," ",F5V,100.0,3,"2, 3, 4, 16, 23",424,4685.0,2172.0,424,425.0,100.0,,,,1917.0,"  ",640.0,-39.0,N,1,1.121485989E9,-9.0975231E7
212,Db,"HD 200525 "," ",F9.5V,100.0,3,"2, 3, 5",157,1735.0,879.0,,,100.0,,,,1056.0,"  ",572.0,31.0,N,1,1.142436676E9,-2.63422672E8
213,Db,"HD 200779 "," ",K6V,555.0,2,"11, 15",54,597.0,304.0,,,97.0,,,,855.0,"  ",578.0,95.0,N,1,1.138796178E9,2.5449477E7
214,Db,"HD 200968 "," ",K1IV,125.0,3,"3, 11, 12",64,729.0,347.0,66,68.0,97.0,-30.0,60.0,-173.0,-267.0,"  ",630.0,-97.0,N,1,1.140455716E9,-5.0122547E7
215,Db,"HD 202275 "," ",F5V+,490.0,1,15,363,4044.0,1878.0,366,366.0,101.0,451.0,46.0,91.0,2013.0,"  ",625.0,21.0,N,1,1.14703223E9,3.6025126E7
216,Db,"HD 202560 "," ",M0V,478.0,2,17,511,5646.0,0.0,,,,,,,3670.0,"  ",813.0,440.0,Y,1,1.149529032E9,-1.39922496E8
217,Db,"HD 202730 "," ",A5V(n),60.0,2,7,162,1768.0,795.0,160,161.0,99.0,250.0,46.0,153.0,2032.0,"  ",632.0,193.0,N,0,1.151879843E9,-1.92417931E8
218,Db,"HD 203244 "," ",G5V,39.0,3,"2, 3, 5, 6",60,663.0,338.0,,,103.0,,,,741.0,"  ",609.0,66.0,N,1,1.156209657E9,-2.4562021E8
219,Db,"HD 203608 "," ",F9VFe,57.0,1,3,493,5602.0,2571.0,507,507.0,103.0,519.0,61.0,-63.0,2627.0,"  ",605.0,9.0,N,1,1.157799073E9,-2.35318314E8
220,Db,"HD 204961 "," ",M1.5,,," ",155,1867.0,845.0,169,169.0,,226.0,50.0,78.0,2739.0,"  ",586.0,315.0,N,0,1.16420963E9,-1.76432419E8
221,Db,"HD 206826 "," ",F6V,270.0,2,"2, 15",335,3735.0,1829.0,338,338.0,101.0,394.0,48.0,39.0,2697.0,"  ",597.0,142.0,N,1,1.173728835E9,1.0347338E8
222,Db,"HD 207098 ",d,kA5hF0,1.0,3,26,1012,11072.0,5371.0,1002,1002.0,99.0,,,0.0,5793.0,"  ",606.0,63.0,N,1,1.176336664E9,-5.8058234E7
223,Db,"HD 210027 ",d,F5V,520.0,2,"2, 23",643,7315.0,3392.0,662,662.0,103.0,712.0,53.0,-31.0,2863.0,"  ",602.0,-85.0,N,1,1.19430999E9,9.1242405E7
224,Db,"HD 210049 "," ",A1.5IVn,39.0,2,7,124,1370.0,697.0,,,103.0,,,,1274.0,"  ",616.0,93.0,N,0,1.195545121E9,-1.18758488E8
225,Db,"HD 210418 "," ",A1Va,50.0,2,7,341,3845.0,1821.0,348,348.0,102.0,469.0,48.0,158.0,1089.0,"  ",688.0,-106.0,N,0,1.197179779E9,2.2312308E7
226,Db,"HD 211970 "," ",K7Vk,170.0,1,3,44,486.0,241.0,44,45.0,100.0,113.0,58.0,111.0,191.0,"  ",611.0,-8.0,N,1,1.208043062E9,-1.96418223E8
227,Db,"HD 212330 "," ",G2IV-V,790.0,3,"3, 5, 6, 17, 24",242,2729.0,1283.0,247,247.0,102.0,290.0,43.0,37.0,1015.0,"  ",629.0,-43.0,N,1,1.210445847E9,-2.08070698E8
228,Db,"HD 212698 "," ",G2V,35.0,3,"2, 3, 11",164,1812.0,921.0,,,101.0,,,,1247.0,"  ",630.0,52.0,N,1,1.2119145E9,-6.02719E7
229,Db,"HD 212728 "," ",A4V,6.0,2,7,66,729.0,370.0,,,102.0,,,,326.0,"  ",612.0,-7.0,N,0,1.213765061E9,-2.42960615E8
230,Db,"HD 213398 "," ",A0V,18.0,2,7,139,1536.0,771.0,171,171.0,123.0,635.0,35.0,1015.0,3148.0,"  ",601.0,383.0,Y,0,1.216354956E9,-1.16445865E8
231,Db,"HD 213845 "," ",F7V,90.0,3,"2, 3, 4, 16",157,1790.0,837.0,162,163.0,103.0,-14.0,30.0,-653.0,1505.0,"  ",602.0,110.0,N,1,1.219224546E9,-7.4549578E7
232,Db,"HD 214749 "," ",K4.5Vk,60.0,3,"2, 3, 12",72,785.0,376.0,71,72.0,98.0,82.0,59.0,6.0,274.0,"  ",623.0,-16.0,N,1,1.224650751E9,-1.06828126E8
233,Db,"HD 214953 "," ",F9.5V,517.0,3,"3, 5, 6",105,1160.0,576.0,,,106.0,,,,249.0,"  ",565.0,-58.0,N,1,1.226353239E9,-1.69958925E8
234,Db,"HD 215648 "," ",F7V,500.0,3,"9, 12, 24",485,5359.0,2611.0,485,485.0,100.0,546.0,37.0,23.0,1334.0,"  ",693.0,-183.0,N,1,1.230023718E9,4.3822385E7
235,Db,"HD 215789 "," ",A2IVnSB,60.0,2,7,407,4133.0,1934.0,374,374.0,92.0,419.0,42.0,13.0,2828.0,"  ",600.0,145.0,N,0,1.231699475E9,-1.847407E8
236,Db,"HD 216133 "," ",M0.5V,,," ",31,343.0,166.0,,,,,,,386.0,"  ",574.0,38.0,N,1,1.233291365E9,-2.5524373E7
237,Db,"HD 216803 "," ",K4V,25.0,3,"2, 3, 5, 6, 12, 13, 14, 17, 20",230,2442.0,1163.0,221,221.0,96.0,264.0,31.0,58.0,459.0,"  ",625.0,-113.0,N,1,1.238760799E9,-1.13636035E8
238,Db,"HD 216899 "," ",M2.0V,,," ",133,1569.0,722.0,142,143.0,,183.0,34.0,74.0,1603.0,"  ",581.0,150.0,N,0,1.238922071E9,5.9592354E7
239,Db,"HD 217107 "," ",G8IV,848.0,3,"9, 10, 12, 15",111,1215.0,592.0,110,112.0,99.0,63.0,56.0,-103.0,120.0,"  ",634.0,-74.0,N,1,1.240433117E9,-8623384.0
240,Db,"HD 217987 "," ",M2V,,," ",404,5017.0,2389.0,454,455.0,,543.0,46.0,77.0,2828.0,"  ",606.0,71.0,N,0,1.247280541E9,-1.29071048E8
241,Db,"HD 218511 "," ",K6V,90.0,2,"2, 3",56,608.0,298.0,55,56.0,99.0,3.0,51.0,-114.0,535.0,"c ",624.0,38.0,N,1,1.250714269E9,-2.43838168E8
242,Db,"HD 219571 "," ",F4V,470.0,1,2,503,5613.0,2654.0,508,508.0,101.0,545.0,49.0,-30.0,2592.0,"  ",574.0,-11.0,N,1,1.257686583E9,-2.09648629E8
243,Db,"HD 222335 "," ",G9.5V,336.0,3,"3, 5, 6, 12, 17",57,630.0,307.0,57,58.0,99.0,9.0,55.0,-99.0,-43.0,"  ",619.0,-57.0,N,1,1.277869587E9,-1.17876264E8
244,Db,"HD 222345 "," ",A7IV,60.0,2,7,127,1403.0,714.0,,,102.0,,,,-222.0,"  ",655.0,-143.0,N,0,1.277806017E9,-5.1199838E7
245,Db,"HD 222368 "," ",F7V,520.0,2,"2, 12",536,5867.0,2696.0,531,531.0,99.0,700.0,54.0,177.0,,"  ",,,N,1,1.277955621E9,2.0254648E7
246,Db,"HD 222603 "," ",A7V,70.0,2,7,167,1845.0,475.0,,,101.0,,,,2046.0,"  ",575.0,269.0,N,0,1.279842092E9,6408148.0
247,Db,"HD 223352 "," ",A0V,22.0,2,7,108,1195.0,607.0,160,161.0,148.0,548.0,66.0,598.0,733.0,"  ",587.0,21.0,Y,0,1.286033199E9,-1.01268974E8
248,Db,"HD 224953 "," ",M0V,,," ",40,442.0,217.0,,,,,,,1419.0,"  ",622.0,192.0,N,1,1931042.0,-2.45810752E8
249,Db,"HD 234078 "," ",K5,85.0,1,15,50,541.0,262.0,49,49.0,97.0,109.0,51.0,107.0,200.0,"  ",549.0,-11.0,N,1,7.48800059E8,1.7982327E8
250,Db,"HD 265866 "," ",M4.0V,,," ",78,972.0,421.0,88,88.0,,,,,356.0,"  ",763.0,-8.0,N,0,3.73334401E8,1.19765439E8
251,"D ",HIP 000171," ",G5Vb,400.0,3,"1, 2,15, 23",209,2376.0,1132.0,215,215.0,103.0,275.0,49.0,73.0,1049.0,"  ",347.0,-24.0,N,2,1952347.0,9.749613E7
252,"D ",HIP 000544," ",K0V,24.0,3,"1, 2, 6, 15, 23",137,1518.0,718.0,158,153.0,115.0,1060.0,35.0,1435.0,5331.0,"  ",271.0,1213.0,Y,2,5951772.0,1.04477404E8
253,"D ",HIP 000910," ",F8VFe,300.0,3,"3, 4, 23, 24",264,2950.0,1384.0,267,389.0,101.0,374.0,37.0,192.0,1790.0,"  ",554.0,72.0,N,2,1.0137864E7,-5.5684726E7
254,"D ",HIP 002941," ",G8V,510.0,3,"1, 3, 5, 9, 24, 27",207,2265.0,1114.0,205,205.0,99.0,192.0,50.0,-67.0,786.0,"  ",441.0,-74.0,N,2,3.3610794E7,-8.9162184E7
255,"D ",HIP 003093," ",K0V,650.0,3,"1, 2, 5, 10, 13, 15",196,2166.0,1033.0,196,197.0,100.0,118.0,46.0,-212.0,768.0,"c ",397.0,-66.0,N,2,3.5427088E7,7.6501708E7
256,"D ",HIP 003497," ",G6VFe,570.0,3,"2, 3, 5, 12, 15, 23, 24",75,840.0,407.0,76,76.0,101.0,67.0,47.0,-36.0,684.0,"c ",285.0,96.0,N,1,4.0189006E7,-2.3633828E8
257,"D ",HIP 003821," ",G3V,540.0,3,"1, 2, 5, 10, 12, 24",1198,12707.0,6210.0,1150,1150.0,96.0,1250.0,58.0,-24.0,5144.0,"  ",384.0,-231.0,N,1,4.419436E7,2.08134676E8
258,"D ",HIP 003909," ",F7IV-V,400.0,3,"2, 4, 12, 15, 23, 24",197,2177.0,1045.0,197,198.0,100.0,255.0,28.0,123.0,1670.0,"  ",438.0,140.0,N,2,4.5113844E7,-3.8319583E7
259,"D ",HIP 004148," ",K2.5Vk,155.0,3,"2, 3, 17",84,884.0,418.0,80,81.0,95.0,347.0,51.0,480.0,1861.0,"c ",277.0,494.0,Y,2,4.7717024E7,-1.09284903E8
260,"D ",HIP 007513," ",F9V,400.0,3,"1, 2, 5, 10, 12, 23, 24",543,6000.0,2738.0,543,543.0,100.0,563.0,51.0,-64.0,3087.0,"  ",486.0,69.0,N,2,8.7117632E7,1.49059644E8
261,"D ",HIP 007978," ",F9V,190.0,3,"3, 4, 17",158,1747.0,804.0,196,196.0,124.0,10400.0,58.0,1954.0,81300.0,cb,8000.0,897.0,Y,2,9.2239726E7,-1.93467001E8
262,"D ",HIP 008768," ",M0V,60.0,2,"2, 13",72,785.0,367.0,71,71.0,98.0,141.0,28.0,218.0,375.0,"c ",289.0,3.0,N,2,1.01537592E8,-8.0765489E7
263,"D ",HIP 010138," ",G9V,220.0,3,"2, 3, 4, 5, 17",169,1834.0,872.0,166,167.0,98.0,34.0,56.0,-266.0,492.0,"c ",398.0,-95.0,N,2,1.17389014E8,-1.82965418E8
264,"D ",HIP 010798," ",G8V,450.0,3,"3, 5, 9, 10, 12",112,1238.0,599.0,112,113.0,100.0,107.0,23.0,-70.0,396.0,"  ",247.0,-82.0,N,2,1.25077571E8,-9.3404475E7
265,"D ",HIP 011452," ",M1V,,," ",73,762.0,372.0,69,71.0,95.0,-49.0,70.0,-179.0,1100.0,"c ",241.0,295.0,N,1,1.32987922E8,1.5955749E7
266,"D ",HIP 011964," ",K7V,1.0,3,"2, 3, 16",107,1138.0,518.0,103,104.0,96.0,12.0,32.0,-320.0,840.0,"c ",275.0,116.0,N,1,1.38938503E8,-1.57666877E8
267,"D ",HIP 012777," ",F7V,600.0,3,"2, 5, 23, 24",492,5602.0,2719.0,507,507.0,103.0,528.0,46.0,-60.0,2403.0,"  ",561.0,-55.0,N,1,1.47779806E8,1.77222411E8
268,"D ",HIP 013402," ",K1V,19.0,3,"1, 2, 3, 5, 12, 13, 17, 23",187,2144.0,992.0,194,195.0,104.0,647.0,62.0,621.0,4850.0,"  ",265.0,1074.0,Y,2,1.55281925E8,-4.5970969E7
269,"D ",HIP 014954," ",F8V,450.0,3,"4, 9, 10, 12, 15, 24",242,2696.0,1323.0,244,245.0,101.0,455.0,35.0,441.0,3226.0,"  ",312.0,542.0,Y,2,1.73496558E8,-4305961.0
270,"D ",HIP 015330," ",G4V,200.0,3,"2, 3, 5, 6, 11, 17",193,2155.0,1020.0,195,195.0,101.0,313.0,37.0,245.0,-509.0,"  ",407.0,-375.0,N,1,1.77992449E8,-2.25271156E8
271,"D ",HIP 015371," ",G0V,400.0,3,"2, 5, 15, 17, 28",230,2619.0,1234.0,237,237.0,103.0,417.0,33.0,398.0,3759.0,"c ",301.0,711.0,Y,2,1.78392278E8,-2.25022905E8
272,"D ",HIP 015799," ",K0V,230.0,2,"3, 5",95,1039.0,531.0,94,265.0,99.0,,,,540.0,"c ",267.0,3.0,N,1,1.8322892E8,-1.44274994E8
273,"D ",HIP 016134," ",K7V,50.0,2,"2, 3",77,818.0,395.0,74,74.0,96.0,83.0,49.0,3.0,433.0,"  ",301.0,13.0,N,2,1.8708609E8,-7.1296141E7
274,"D ",HIP 017420," ",K2V,200.0,1,"2, 3",88,917.0,441.0,83,84.0,94.0,243.0,54.0,274.0,1935.0,"c ",279.0,506.0,Y,2,2.01530143E8,-6.8799227E7
275,"D ",HIP 017439," ",K2V,60.0,3,"2, 3, 17",78,851.0,410.0,77,78.0,99.0,891.0,43.0,1299.0,7502.0,"c ",274.0,1527.0,Y,1,2.01737589E8,-1.37814379E8
276,"D ",HIP 019849," ",K0.5V,550.0,3,"1, 2, 3, 5, 9, 10, 12, 13, 15, 23, 27",761,8740.0,3962.0,791,791.0,104.0,866.0,25.0,-16.0,3570.0,"  ",361.0,-97.0,N,2,2.29744794E8,-2.755034E7
277,"D ",HIP 019884," ",K4.5Vk,450.0,2,"3, 17",77,851.0,429.0,77,78.0,100.0,132.0,45.0,104.0,244.0,"c ",295.0,-63.0,N,2,2.30353528E8,-1.91915304E8
278,"D ",HIP 022263," ",G1.5,70.0,3,"1, 2, 3, 4, 5, 9, 10, 12, 13, 23, 27",186,2133.0,1007.0,193,194.0,104.0,1200.0,37.0,1398.0,6995.0,"  ",271.0,1353.0,Y,2,2.58844372E8,-6.0964041E7
279,"D ",HIP 023311," ",K3V,550.0,3,"1, 2, 10, 15",244,2530.0,1192.0,229,230.0,94.0,252.0,28.0,-3.0,1228.0,"  ",552.0,7.0,N,2,2.70734997E8,-2.071323E7
280,"D ",HIP 027887," ",K2.5V,550.0,2,"3, 17",94,972.0,473.0,88,89.0,94.0,150.0,47.0,111.0,1153.0,"c ",268.0,248.0,N,2,3.18663599E8,-2.16084498E8
281,"D ",HIP 028103," ",F2V,250.0,1,"2, 23, 24",506,5594.0,2659.0,567,567.0,112.0,960.0,39.0,650.0,3952.0,"  ",619.0,199.0,Y,1,3.20764395E8,-5.1003719E7
282,"D ",HIP 028442," ",K6.5V,530.0,1,3,75,829.0,415.0,75,642.0,100.0,,,,28.0,"c ",282.0,-137.0,N,1,3.24292868E8,-1.1170361E8
283,"D ",HIP 029271," ",G7V,500.0,3,"2, 3, 5",329,3558.0,1699.0,322,322.0,98.0,391.0,54.0,61.0,436.0,"  ",550.0,-229.0,N,2,3.33217103E8,-2.69110958E8
284,"D ",HIP 029568," ",G5V,35.0,3,"2, 3, 9, 10, 12",95,1072.0,515.0,97,98.0,102.0,149.0,24.0,164.0,908.0,"  ",289.0,134.0,N,2,3.36379437E8,-8.5902976E7
285,"D ",HIP 032439," ",F7V,450.0,3,"1, 2, 6, 15, 24",158,1691.0,822.0,153,154.0,97.0,205.0,22.0,147.0,600.0,"  ",426.0,-52.0,N,2,3.65612252E8,2.86433318E8
286,"D ",HIP 032480," ",G0V,500.0,3,"1, 2, 4, 5, 12, 15",192,2210.0,1036.0,200,201.0,104.0,2970.0,33.0,1807.0,19213.0,"c ",266.0,1824.0,Y,2,3.66065073E8,1.56878727E8
287,"D ",HIP 033277," ",G0V,580.0,3,"1, 6, 9, 12, 15, 24",140,1547.0,727.0,140,141.0,100.0,89.0,40.0,-161.0,826.0,"c ",310.0,32.0,N,2,3.73780014E8,9.1352515E7
288,"D ",HIP 034017," ",G4V,640.0,3,"1, 4, 6, 9, 12, 15",116,1304.0,620.0,118,120.0,102.0,130.0,37.0,-1.0,1117.0,"  ",332.0,148.0,N,2,3.81156874E8,1.05613486E8
289,"D ",HIP 034065," ",G0V,610.0,3,"5, 15, 24, 28",172,1878.0,955.0,170,171.0,99.0,232.0,25.0,159.0,270.0,"  ",404.0,-169.0,N,2,3.81559748E8,-1.56988938E8
290,"D ",HIP 035136," ",G0V,570.0,3,"9, 12, 15, 24",167,1878.0,897.0,170,171.0,102.0,278.0,40.0,215.0,454.0,"  ",429.0,-103.0,N,2,3.92252073E8,1.70063867E8
291,"D ",HIP 036439," ",F6V,500.0,2,"1, 24",155,1691.0,814.0,153,154.0,99.0,170.0,35.0,3.0,1103.0,"  ",313.0,91.0,N,2,4.04939358E8,1.78820856E8
292,"D ",HIP 038382," ",G0V,550.0,3,"3, 24",251,2740.0,1300.0,248,248.0,99.0,171.0,55.0,-185.0,1102.0,"  ",548.0,-36.0,N,2,4.24594544E8,-5.0032917E7
293,"D ",HIP 038784," ",G8V,410.0,3,"1, 2, 6, 9, 10, 12",84,917.0,447.0,83,85.0,99.0,102.0,20.0,51.0,540.0,"c ",298.0,31.0,N,2,4.28658426E8,2.88955948E8
294,"D ",HIP 040693," ",G8+V,600.0,3,"2, 3, 4, 9, 10, 12",159,1755.0,898.0,235,236.0,148.0,159.0,21.0,-73.0,788.0,"  ",369.0,-30.0,N,2,4.48559206E8,-4.5475812E7
295,"D ",HIP 040843," ",F6V,460.0,3,"1, 9, 12, 15, 20",203,2199.0,1058.0,199,200.0,98.0,338.0,54.0,210.0,2971.0,"  ",453.0,401.0,Y,2,4.50057924E8,9.7983742E7
296,"D ",HIP 042430," ",G5IV,700.0,3,"2, 3, 4, 24",281,3348.0,1567.0,303,303.0,108.0,338.0,52.0,6.0,1696.0,"  ",573.0,22.0,N,1,4.67218516E8,-8.1582811E7
297,"D ",HIP 042438," ",G1.5Vb,25.0,3,"2, 6, 9, 10, 11, 12, 13, 20",156,1823.0,838.0,165,166.0,106.0,484.0,30.0,780.0,2006.0,"  ",289.0,382.0,Y,2,4.67275566E8,2.34075267E8
298,"D ",HIP 043587," ",G8V,710.0,3,"6, 9, 10, 12, 15",181,1956.0,928.0,177,178.0,98.0,198.0,32.0,7.0,1064.0,"  ",356.0,38.0,N,2,4.79337164E8,1.01990951E8
299,"D ",HIP 043726," ",G3V,220.0,3,"1, 2, 3, 5, 12, 13",118,1348.0,624.0,122,123.0,103.0,329.0,32.0,542.0,1484.0,"  ",286.0,291.0,Y,2,4.80869221E8,-1.9564058E7
300,"D ",HIP 044897," ",F9V,80.0,3,"1, 2, 10, 12, 13, 15, 23",109,1204.0,584.0,109,110.0,100.0,173.0,33.0,155.0,1137.0,"c ",287.0,189.0,N,2,4.93966064E8,1.21975985E8
301,"D ",HIP 045333," ",G0V,720.0,3,"4, 15, 23, 24",245,2707.0,1276.0,245,245.0,100.0,246.0,50.0,-48.0,1319.0,"  ",469.0,9.0,N,2,4.98908139E8,2.21123941E8
302,"D ",HIP 045617," ",K3V,200.0,2,"2, 15",94,972.0,477.0,88,89.0,94.0,70.0,111.0,-25.0,239.0,"c ",283.0,-84.0,N,1,5.02101837E8,1.02817863E8
303,"D ",HIP 046580," ",K3V,45.0,3,"1, 2, 6, 15",93,994.0,482.0,90,91.0,96.0,-22.0,64.0,-191.0,1045.0,"c ",264.0,209.0,N,2,5.12922372E8,2.0358485E7
304,"D ",HIP 049081," ",G3Va,810.0,3,"1, 9, 12, 15, 24",215,2331.0,1111.0,211,211.0,98.0,,,,705.0,"  ",558.0,-73.0,N,2,5.40909865E8,1.14925215E8
305,"D ",HIP 049908," ",K8V,120.0,3,"1, 2, 15",463,4807.0,2289.0,435,435.0,94.0,432.0,42.0,-103.0,1726.0,"  ",296.0,-182.0,N,2,5.50232108E8,1.78035257E8
306,"D ",HIP 051459," ",F8V,310.0,3,"1, 2, 4, 9, 10, 15",287,3105.0,1453.0,281,281.0,98.0,340.0,38.0,70.0,2794.0,"  ",614.0,213.0,N,2,5.67563701E8,2.01529932E8
307,"D ",HIP 051502," ",F2V,150.0,2,"16, 23, 24",143,1646.0,777.0,149,149.0,104.0,,,,4665.0,"  ",282.0,1062.0,Y,2,5.67969664E8,2.97210914E8
308,"D ",HIP 053721," ",G1V,650.0,3,"1, 9, 10, 12",278,2983.0,1443.0,270,270.0,97.0,330.0,42.0,70.0,578.0,"  ",578.0,-149.0,N,2,5.93519592E8,1.4554892E8
309,"D ",HIP 054646," ",K8V,120.0,1,2,81,840.0,417.0,76,77.0,94.0,122.0,49.0,77.0,851.0,"c ",295.0,146.0,N,2,6.03977582E8,1.09605658E8
310,"D ",HIP 056452," ",K0V,470.0,3,"2, 3, 4, 5, 9, 10, 12",189,2066.0,992.0,187,188.0,99.0,249.0,24.0,156.0,893.0,"  ",395.0,-25.0,N,2,6.25042305E8,-1.1819282E8
311,"D ",HIP 057507," ",G6V,510.0,2,"3, 5",87,961.0,465.0,87,88.0,100.0,100.0,22.0,16.0,654.0,"c ",287.0,66.0,N,2,6.36537124E8,-1.09031439E8
312,"D ",HIP 057939," ",G8Vp,450.0,3,"1, 2, 9, 10, 12, 15",133,1436.0,696.0,130,131.0,98.0,101.0,19.0,-218.0,,"  ",,,N,2,6.4168154E8,1.35787234E8
313,"D ",HIP 058345," ",K4+V,250.0,1,"2, 3",138,1580.0,762.0,143,143.0,104.0,102.0,49.0,-113.0,715.0,"  ",309.0,-15.0,N,2,6.46143103E8,-9.974537E7
314,"D ",HIP 062145," ",K3V,150.0,2,"1, 2, 6",94,994.0,480.0,90,91.0,96.0,13.0,47.0,-185.0,1012.0,"c ",340.0,155.0,N,2,6.87818177E8,1.86333488E8
315,"D ",HIP 062207," ",G0V,640.0,3,"1, 12, 15, 23",117,1282.0,623.0,116,117.0,99.0,585.0,25.0,1189.0,4726.0,"  ",316.0,1040.0,Y,2,6.88491076E8,1.41404106E8
316,"D ",HIP 062523," ",G5V,100.0,3,"2, 9, 10, 11, 12, 15",101,1094.0,532.0,99,100.0,98.0,204.0,24.0,369.0,357.0,"  ",272.0,-64.0,N,2,6.91905726E8,8.9424818E7
317,"D ",HIP 064792," ",G0V,34.0,3,"1, 2, 4, 5, 9, 12, 13, 23",219,2497.0,1162.0,226,227.0,103.0,136.0,51.0,-223.0,1194.0,"  ",392.0,8.0,N,2,7.17097739E8,3.3926959E7
318,"D ",HIP 064797," ",K1V+M1V,100.0,3,"1, 2, 10, 13, 15, 23",128,1414.0,667.0,128,129.0,100.0,96.0,54.0,-84.0,532.0,"c ",312.0,-43.0,N,2,7.17165797E8,6.1261844E7
319,"D ",HIP 065026," ",K0,80.0,1,2,143,1646.0,783.0,149,376.0,104.0,,,,1456.0,"c ",375.0,176.0,N,1,7.19784794E8,1.72000951E8
320,"D ",HIP 065721," ",G5V,830.0,3,"1, 4, 6, 9, 10, 12, 23, 24",382,4265.0,1983.0,386,386.0,101.0,758.0,43.0,579.0,3511.0,"  ",272.0,472.0,Y,1,7.27587129E8,4.9603639E7
321,"D ",HIP 067275," ",F6IV+M2,130.0,3,"1, 2, 4, 9, 10, 13, 16",340,3757.0,1813.0,340,340.0,100.0,327.0,55.0,-84.0,86.0,"  ",534.0,-323.0,N,2,7.44536151E8,6.2844855E7
322,"D ",HIP 067422," ",K4V+K6V,85.0,3,"1, 2, 15",101,1116.0,634.0,,,,,,,677.0,"c ",279.0,15.0,N,2,7.4616002E8,9.7127681E7
323,"D ",HIP 067620," ",G5+V,230.0,3,"2, 3, 5, 9, 10",96,1116.0,540.0,101,70.0,105.0,90.0,28.0,-79.0,477.0,"c ",340.0,-19.0,N,2,7.4820492E8,-8.7805333E7
324,"D ",HIP 068184," ",K3V,550.0,2,"2, 9",170,1912.0,910.0,173,173.0,102.0,177.0,66.0,-21.0,871.0,"  ",296.0,-13.0,N,2,7.53780863E8,2.21374301E8
325,"D ",HIP 068682," ",G8V,500.0,3,"1, 5, 6, 12, 15",123,1370.0,668.0,124,124.0,101.0,46.0,55.0,-165.0,693.0,"c ",306.0,8.0,N,2,7.59185266E8,3.8832401E7
326,"D ",HIP 069965," ",F9V,150.0,1,3,115,1282.0,644.0,116,128.0,100.0,,,,1046.0,"c ",322.0,123.0,N,2,7.73113427E8,-9.2935526E7
327,"D ",HIP 070319," ",G1V,520.0,3,"1, 5, 9, 12, 15, 24",99,1083.0,524.0,98,99.0,99.0,52.0,60.0,-93.0,520.0,"c ",279.0,-1.0,N,2,7.76929274E8,4469648.0
328,"D ",HIP 070857," ",G5,360.0,2,"9, 12",79,873.0,424.0,79,79.0,99.0,69.0,45.0,-41.0,516.0,"c ",283.0,32.0,N,2,7.82434446E8,2.90915476E8
329,"D ",HIP 071181," ",K3V,300.0,2,"1, 6",93,950.0,467.0,86,86.0,92.0,338.0,47.0,486.0,1394.0,"c ",251.0,356.0,Y,2,7.86133013E8,1.90471653E8
330,"D ",HIP 071908," ",A7V,,," ",608,6983.0,3482.0,632,632.0,104.0,,,,3694.0,"  ",596.0,34.0,N,1,7.94256294E8,-2.33910493E8
331,"D ",HIP 072567," ",G1V,45.0,3,"2, 5, 9, 10, 11, 12",119,1315.0,638.0,119,120.0,100.0,111.0,29.0,-68.0,544.0,"  ",280.0,-34.0,N,2,8.01237159E8,8.6082641E7
332,"D ",HIP 072603," ",F3V,30.0,3,"2, 18, 29",142,1580.0,868.0,143,144.0,101.0,,,0.0,558.0,"c ",259.0,-119.0,N,1,8.01617715E8,-5.7590048E7
333,"D ",HIP 072848," ",K2V,40.0,3,"2, 12, 15, 23",199,2221.0,1072.0,201,201.0,101.0,358.0,56.0,232.0,2002.0,"  ",269.0,324.0,Y,2,8.04056501E8,6.8950081E7
334,"D ",HIP 073100," ",F7V,400.0,3,"2, 4, 15, 24",126,1448.0,669.0,131,132.0,104.0,258.0,21.0,458.0,1439.0,"  ",312.0,240.0,Y,1,8.0674561E8,1.78662421E8
335,"D ",HIP 073184," ",K4V,110.0,3,"2, 3, 5",452,4641.0,684.0,420,420.0,93.0,527.0,32.0,152.0,1630.0,"  ",418.0,222.0,N,2,8.07720022E8,-7.7095713E7
336,"D ",HIP 073996," ",F5V,180.0,3,"1, 2, 16, 23",208,2298.0,1083.0,208,208.0,100.0,367.0,44.0,288.0,1360.0,"  ",423.0,65.0,N,2,8.16570991E8,8.9529101E7
337,"D ",HIP 077052," ",G2.5V,300.0,3,"2, 4, 5, 9, 10, 28",148,1602.0,831.0,145,531.0,98.0,,,,206.0,"  ",333.0,-188.0,N,2,8.49627311E8,9054634.0
338,"D ",HIP 078459," ",G0V,770.0,3,"1, 9, 10, 12, 15, 23, 24",204,2254.0,1073.0,204,204.0,100.0,307.0,41.0,185.0,186.0,"  ",476.0,-186.0,N,2,8.64939926E8,1.19892633E8
339,"D ",HIP 078775," ",G8V,650.0,3,"1, 6, 9, 10, 12, 15, 23",92,983.0,479.0,89,89.0,97.0,130.0,28.0,108.0,-882.0,"c ",371.0,-364.0,N,2,8.68451899E8,1.40963431E8
340,"D ",HIP 079248," ",K0V,820.0,3,"1, 6, 9, 10, 15",96,1039.0,503.0,94,95.0,98.0,103.0,18.0,-5.0,736.0,"  ",285.0,81.0,N,1,8.73364707E8,1.57743526E8
341,"D ",HIP 080725," ",K2V,150.0,1,2,77,818.0,431.0,74,389.0,96.0,,,,456.0,"c ",329.0,8.0,N,1,8.89989915E8,6.6290619E7
342,"D ",HIP 082860," ",F8V,170.0,3,"1, 2, 23",276,3017.0,1441.0,273,273.0,99.0,472.0,49.0,312.0,4351.0,"  ",275.0,830.0,Y,2,9.14425339E8,2.34485263E8
343,"D ",HIP 083389," ",G8V,430.0,3,"1, 6, 9, 12",72,785.0,383.0,71,71.0,98.0,53.0,51.0,-49.0,729.0,"c ",266.0,129.0,N,2,9.20346054E8,1.69494764E8
344,"D ",HIP 084862," ",G0V,690.0,3,"1, 9, 12, 24",220,2409.0,1151.0,218,218.0,99.0,239.0,42.0,-4.0,895.0,"  ",446.0,-57.0,N,1,9.36593505E8,1.1688368E8
345,"D ",HIP 085235," ",K0V,560.0,2,"5, 12",116,1249.0,922.0,113,114.0,97.0,538.0,16.0,1318.0,2995.0,"  ",275.0,662.0,Y,2,9.40501483E8,2.42304148E8
346,"D ",HIP 085295," ",K7V,110.0,3,"1, 2, 15",176,1901.0,605.0,172,173.0,98.0,183.0,30.0,-22.0,158.0,"  ",575.0,-78.0,N,2,9.4117849E8,7601121.0
347,"D ",HIP 086036," ",G0Va,100.0,1,2,253,2796.0,1345.0,253,253.0,100.0,304.0,46.0,50.0,1354.0,"  ",445.0,2.0,N,2,9.49493905E8,2.22748401E8
348,"D ",HIP 086796," ",G3IV-V,770.0,3,"3, 5, 24",267,3006.0,1478.0,272,272.0,102.0,315.0,73.0,19.0,1359.0,"  ",538.0,-22.0,N,1,9.57730517E8,-1.86602585E8
349,"D ",HIP 088601," ",K0V,120.0,3,"1, 2, 4, 5, 15, 23",879,9613.0,6800.0,870,870.0,99.0,1260.0,54.0,360.0,5546.0,"  ",575.0,-196.0,N,1,9.76909278E8,9000356.0
350,"D ",HIP 088972," ",K2V,580.0,3,"1, 2, 5, 6, 10, 13, 15",149,1657.0,789.0,150,151.0,101.0,93.0,46.0,-158.0,700.0,"c ",328.0,-27.0,N,2,9.80661244E8,1.38447996E8
351,"D ",HIP 089042," ",G0V,510.0,3,"3, 5, 24",174,1768.0,1017.0,160,884.0,92.0,,,,975.0,"  ",356.0,-12.0,N,2,9.81392443E8,-2.23207912E8
352,"D ",HIP 091009," ",K6Ve,1.0,3,"2, 15",88,972.0,486.0,88,88.0,100.0,77.0,24.0,-83.0,462.0,"c ",277.0,-9.0,N,1,1.00253659E9,1.86188907E8
353,"D ",HIP 092043," ",F6V,220.0,3,"1, 2, 4, 5, 16, 23",455,4873.0,2393.0,441,441.0,97.0,693.0,85.0,225.0,2835.0,"c ",822.0,53.0,N,1,1.013095886E9,7.3966717E7
354,"D ",HIP 095995," ",K2V,750.0,1,15,122,1249.0,626.0,113,113.0,93.0,136.0,52.0,21.0,129.0,"c ",304.0,-164.0,N,1,1.054019608E9,2.10909637E8
355,"D ",HIP 096100," ",G9V,350.0,3,"1, 2, 9, 10, 12, 15, 23",591,6530.0,2991.0,591,591.0,100.0,747.0,58.0,136.0,2880.0,"  ",594.0,-18.0,N,1,1.055123854E9,2.50780235E8
356,"D ",HIP 096441," ",F4V,150.0,1,"2, 23, 24",290,3304.0,1613.0,299,300.0,103.0,403.0,27.0,214.0,1543.0,"  ",535.0,-13.0,N,2,1.058798015E9,1.80795965E8
357,"D ",HIP 097944," ",K3V,75.0,1,"2, 3",197,2221.0,1066.0,201,201.0,102.0,,,,1214.0,"  ",436.0,34.0,N,1,1.074866179E9,-8.6187853E7
358,"D ",HIP 098959," ",G2V,450.0,3,"3, 5, 24",116,1271.0,611.0,115,116.0,99.0,235.0,26.0,373.0,1368.0,"c ",308.0,240.0,Y,2,1.084991469E9,-2.4235522E8
359,"D ",HIP 099461," ",K2.5V,700.0,3,"2, 3, 5, 12, 17, 23",481,5160.0,2450.0,467,467.0,97.0,507.0,85.0,-10.0,2462.0,"  ",575.0,2.0,N,2,1.090079074E9,-1.29964361E8
360,"D ",HIP 101955," ",K5V,90.0,1,2,106,1127.0,549.0,102,103.0,96.0,166.0,60.0,88.0,,"  ",,,N,1,1.115665645E9,1.789934E7
361,"D ",HIP 101997," ",G8V,550.0,3,"3, 4, 5, 9, 12",106,1138.0,547.0,103,105.0,97.0,37.0,28.0,-270.0,276.0,"c ",285.0,-95.0,N,2,1.116176342E9,-8.5585918E7
362,"D ",HIP 103389," ",F6V,45.0,3,"2, 3, 12, 16",118,1348.0,634.0,122,123.0,103.0,453.0,21.0,1030.0,2317.0,"c ",285.0,547.0,Y,2,1.13110997E9,-9.4666956E7
363,"D ",HIP 104214," ",K5V,110.0,2,"1, 2, 5, 10, 15",932,9779.0,4720.0,885,885.0,95.0,,,,3754.0,"  ",629.0,-147.0,N,1,1.140209287E9,1.39497985E8
364,"D ",HIP 105312," ",G7V,640.0,1,3,112,1249.0,599.0,113,114.0,101.0,110.0,67.0,-22.0,972.0,"c ",310.0,119.0,N,2,1.151784372E9,-9.4870381E7
365,"D ",HIP 106696," ",K1V,180.0,3,"2, 3, 5, 17",77,807.0,388.0,73,74.0,95.0,115.0,53.0,65.0,714.0,"c ",333.0,97.0,N,2,1.167018662E9,-1.83043389E8
366,"D ",HIP 107350," ",G0V,35.0,3,"1, 2, 3, 5, 12, 13, 15, 16, 23",111,1260.0,592.0,114,115.0,103.0,255.0,26.0,451.0,979.0,"  ",271.0,140.0,Y,2,1.174069938E9,5.3178981E7
367,"D ",HIP 107649," ",G2V,400.0,3,"2, 3, 5, 17",161,1834.0,867.0,166,167.0,103.0,3980.0,70.0,1799.0,23622.0,"c ",358.0,1844.0,Y,2,1.177436258E9,-1.70293016E8
368,"D ",HIP 108870," ",K5V,200.0,3,"2, 5, 15, 17",1147,12044.0,5389.0,1090,1090.0,95.0,1120.0,61.0,-102.0,5396.0,"  ",271.0,2.0,N,2,1.191024871E9,-2.04429517E8
369,"D ",HIP 109378," ",G0,810.0,3,"1, 9, 10, 12, 15",87,939.0,446.0,85,86.0,97.0,103.0,20.0,44.0,724.0,"  ",282.0,98.0,N,1,1.196547983E9,-2.7175155E7
370,"D ",HIP 109422," ",F6V,490.0,3,"3, 9, 16, 24",220,2431.0,1188.0,220,221.0,100.0,86.0,57.0,-275.0,1350.0,"  ",536.0,30.0,N,2,1.197131707E9,-1.17174269E8
371,"D ",HIP 113576," ",K7+Vk,110.0,1,2,139,1492.0,708.0,135,136.0,97.0,217.0,24.0,259.0,553.0,"  ",334.0,-46.0,N,2,1.242241823E9,-8.1087653E7
372,"D ",HIP 114948," ",F6V,33.0,2,"2, 3",119,1320.0,670.0,141,142.0,118.0,727.0,18.0,1462.0,3689.0,"  ",286.0,887.0,Y,2,1.257265292E9,-2.23204323E8
373,"D ",HIP 116745," ",K3+V,350.0,2,"2, 3, 17",113,1182.0,557.0,107,108.0,95.0,162.0,18.0,225.0,459.0,"  ",287.0,-34.0,N,2,1.277660832E9,-2.61799758E8
374,"D ",HIP 120005," ",M0.0V,44.0,1,2,374,4133.0,1968.0,,,,,,,1704.0,"  ",347.0,-74.0,N,1,4.98970436E8,1.89671093E8
