recno,Date,n_Date,n_Star,Star,m_Star,B-V,Vmag,SpType,SAAT,e_SAAT,logR'HK,_RA,_DE
1,2452125.0,,*,HD    142," ",0.519,5.7,G1IV,0.161,0.001,-4.95,1.5799,-49.07519
2,2452125.0,,*,HD   2039," ",0.656,9.0,G2/G3IV/V,0.18,0.001,-4.89,6.08449,-56.65005
3,2452125.0,," ",HD   2587," ",0.748,8.46,G6V,0.152,0.001,-5.07,7.29342,-50.61191
4,2452125.0,," ",HD   3823," ",0.564,5.89,G1V,0.16,0.001,-4.97,10.10696,-59.4546
5,2452125.0,," ",HD   6735," ",0.567,7.01,F8V,0.173,0.001,-4.89,16.88355,-41.7467
6,2452125.0,," ",HD   7199," ",0.849,8.06,K0IV/V,0.177,0.001,-4.99,17.69676,-66.18816
7,2452125.0,," ",HD   7570," ",0.571,4.97,F8V,0.166,0.001,-4.93,18.79634,-45.53166
8,2452125.0,," ",HD   9280," ",0.76,8.03,G5,0.148,0.001,-5.09,22.80811,-10.89654
9,2452125.0,," ",HD  10180," ",0.629,7.33,G1V,0.165,0.001,-4.96,24.47323,-60.51153
10,2452125.0,," ",HD  10647," ",0.551,5.52,F8V,0.213,0.001,-4.7,25.62215,-53.74083
11,2452125.0,," ",HD  11112," ",0.637,7.13,G4V,0.158,0.001,-5.0,27.08576,-41.49506
12,2452125.0,,*,HD  13445," ",0.812,6.12,K0V,0.302,0.002,-4.64,32.60806,-50.82372
13,2452125.0,," ",HD  16417," ",0.653,5.78,G1V,0.148,0.001,-5.08,39.2442,-34.57798
14,2452125.0,,*,HD  17051," ",0.561,5.4,G3IV,0.249,0.002,-4.59,40.63944,-50.80029
15,2452125.0,," ",HD  18907," ",0.794,5.88,G8/K0V,0.147,0.001,-5.11,45.40682,-28.09155
16,2452125.0,," ",HD  19632," ",0.678,7.29,G3/G5V,0.369,0.002,-4.41,47.21852,-24.88765
17,2452125.0,," ",HD  20029," ",0.561,7.05,F7V,0.156,0.001,-4.99,47.96908,-39.02322
18,2452125.0,," ",HD  20201," ",0.584,7.27,G0V,0.178,0.001,-4.87,48.22658,-47.15523
19,2452125.0,," ",HD  20766," ",0.641,5.53,G2V,0.27,0.002,-4.58,49.44235,-62.57532
20,2452125.0,,*,HD  20782," ",0.63,7.36,G3V,0.186,0.001,-4.85,50.01491,-28.85407
21,2452125.0,," ",HD  20807," ",0.6,5.24,G1V,0.184,0.001,-4.84,49.55341,-62.50636
22,2452125.0,," ",HD  22104," ",0.679,8.32,G3V,0.155,0.001,-5.04,51.90492,-73.43957
23,2452125.0,,*,HD  23079," ",0.583,7.12,F8/G0V,0.163,0.001,-4.95,54.92956,-52.91584
24,2452125.0,," ",HD  23127," ",0.69,8.58,G2V,0.162,0.001,-5.0,54.8485,-60.07784
25,2452125.0,," ",HD  23484," ",0.87,6.99,K1V,0.508,0.003,-4.43,56.03822,-38.28177
26,2452125.0,," ",HD  24112," ",0.56,7.24,F8V,0.155,0.001,-5.0,57.19514,-40.39923
27,2452125.0,," ",HD  25587," ",0.543,7.4,F7V,0.164,0.001,-4.93,60.67812,-27.48355
28,2452125.0,," ",HD  25874," ",0.667,6.74,G5IV-V,0.169,0.001,-4.95,60.61237,-61.35694
29,2452125.0,," ",HD  26754," ",0.551,7.16,F7/F8V,0.159,0.001,-4.97,62.53085,-61.59895
30,2452125.0,,*,HD  27442," ",1.078,4.44,K2IV,0.129,0.001,-5.35,64.12095,-59.30216
31,2452125.0,," ",HD  28255," ",0.659,6.28,G4V,0.188,0.001,-4.85,66.05086,-57.07134
32,2452125.0,,*,HD  30177," ",0.773,8.41,G8V,0.152,0.001,-5.08,70.47655,-58.02076
33,2452125.0,," ",HD  30876," ",0.901,7.49,K2V,0.468,0.003,-4.51,72.46805,-35.10763
34,2452125.0,," ",HD  31527," ",0.606,7.49,G2V,0.172,0.001,-4.91,73.90993,-23.24188
35,2452125.0,," ",HD  36108," ",0.59,6.78,G3V,0.155,0.001,-5.01,82.08762,-22.43393
36,2452125.0,," ",HD  38283," ",0.584,6.69,G0/G1V,0.161,0.001,-4.97,84.2584,-73.69934
37,2452125.0,," ",HD  38382," ",0.58,6.34,F8/G0V,0.167,0.001,-4.93,86.11831,-20.12657
38,2452125.0,," ",HD  38973," ",0.594,6.63,G2V,0.161,0.001,-4.97,86.61663,-53.21933
39,2452125.0,," ",HD  40307," ",0.935,7.17,K3V,0.265,0.002,-4.83,88.51767,-60.02347
40,2452125.0,," ",HD 202628," ",0.637,6.75,G5V,0.257,0.002,-4.61,319.61362,-43.33465
41,2452125.0,," ",HD 204385," ",0.596,7.14,G0IV,0.166,0.001,-4.94,322.69971,-62.1676
42,2452125.0,," ",HD 204961," ",1.521,8.66,M1V,0.985,0.007,-5.1,323.39156,-49.00901
43,2452125.0,," ",HD 205390," ",0.879,7.14,K2V,0.426,0.003,-4.53,324.17185,-50.84538
44,2452125.0,," ",HD 205536," ",0.755,7.07,G8V,0.164,0.001,-5.01,325.12406,-74.07428
45,2452125.0,," ",HD 209268," ",0.564,6.88,F7V,0.156,0.001,-4.99,330.89685,-55.97696
46,2452125.0,," ",HD 211317," ",0.65,7.26,G5III/IV,0.156,0.001,-5.02,334.70692,-68.3131
47,2452125.0,," ",HD 212168," ",0.599,6.12,G3IV,0.161,0.001,-4.97,336.46316,-75.01569
48,2452125.0,,*,HD 216437," ",0.66,6.04,G4IV-V,0.155,0.001,-5.03,343.66451,-70.07371
49,2452125.0,," ",HD 217987," ",1.483,7.35,M2/M3V,1.081,0.007,-5.01,346.46681,-35.85307
50,2452125.0,," ",HD 222237," ",0.989,7.09,K3V,0.296,0.002,-4.84,354.90578,-72.72215
51,2452125.0,," ",HD 222335," ",0.802,7.18,K1V,0.238,0.002,-4.77,354.96378,-32.74341
52,2452475.0,," ",GL 551," ",1.807,11.01,M5Ve,10.686,0.072,-4.28,217.42895,-62.67948
53,2452475.0,," ",GL 729," ",1.51,10.37,M3.5Ve,6.188,0.042,-4.29,282.45568,-23.83623
54,2452475.0,," ",HD   1273," ",0.655,6.84,G2V,0.192,0.001,-4.83,4.22456,-52.65115
55,2452475.0,," ",HD   1581," ",0.576,4.23,F9V,0.167,0.001,-4.92,5.01775,-64.87479
56,2452475.0,," ",HD   2071," ",0.681,7.27,G8IV,0.184,0.001,-4.88,6.17728,-53.984
57,2452475.0,," ",HD   5133," ",0.936,7.15,K2V,0.464,0.003,-4.56,13.25473,-30.35692
58,2452475.0,," ",HD   5562," ",0.808,7.17,G8IV,0.147,0.001,-5.11,14.08854,-63.95838
59,2452475.0,," ",HD   7570," ",0.571,4.97,F8V,0.159,0.001,-4.97,18.79634,-45.53166
60,2452475.0,," ",HD   7693," ",1.0,7.22,K2V,0.655,0.004,-4.48,18.75414,-68.81891
61,2452475.0,," ",HD   8581," ",0.569,6.85,F8V,0.152,0.001,-5.03,21.05126,-31.81196
62,2452475.0,," ",HD   9540," ",0.766,6.97,K0V,0.365,0.002,-4.49,23.31587,-24.17796
63,2452475.0,," ",HD  12042," ",0.487,6.1,F8V,0.161,0.001,-4.94,29.24994,-51.76624
64,2452475.0,," ",HD  13246," ",0.544,7.5,F8V,0.341,0.002,-4.38,31.85886,-59.67943
65,2452475.0,," ",HD  17925," ",0.862,6.05,K1V,0.674,0.004,-4.29,43.13387,-12.76971
66,2452475.0,,*,HD  22049," ",0.881,3.72,K2V,0.48,0.003,-4.47,53.23268,-9.45826
67,2452475.0,," ",HD  23456," ",0.511,6.97,G1V,0.166,0.001,-4.91,55.76984,-50.64308
68,2452475.0,," ",HD  27274," ",1.115,7.64,K5V,0.416,0.003,-4.86,63.98709,-53.30981
69,2452475.0,," ",HD  30295," ",0.812,8.86,K0/K1V,0.142,0.001,-5.13,70.58324,-61.62069
70,2452475.0,," ",HD  31827," ",0.77,8.26,G8IV,0.149,0.001,-5.09,74.0763,-51.04751
71,2452475.0,," ",HD  33811," ",0.765,8.71,G8IV/V,0.164,0.001,-5.01,77.67959,-44.57178
72,2452475.0,," ",HD  38110," ",0.696,8.18,G5,0.159,0.001,-5.02,85.74513,-7.48116
73,2452475.0,," ",HD  38393," ",0.481,3.59,F7V,0.167,0.001,-4.9,86.11579,-22.44838
74,2452475.0,," ",HD  40307," ",0.935,7.17,K3V,0.255,0.002,-4.85,88.51767,-60.02347
75,2452475.0,," ",HD  84117," ",0.534,4.93,G0V,0.158,0.001,-4.97,145.56007,-23.91557
76,2452475.0,," ",HD  85512," ",1.156,7.67,K5V,0.312,0.002,-5.05,147.77938,-43.50279
77,2452475.0,," ",HD  85512," ",1.156,7.67,K5V,0.383,0.002,-4.96,147.77938,-43.50279
78,2452475.0,," ",HD  85683," ",0.546,7.34,F8V,0.165,0.001,-4.93,147.9222,-54.65963
79,2452475.0,," ",HD  85683," ",0.546,7.34,F8V,0.168,0.001,-4.91,147.9222,-54.65963
80,2452475.0,," ",HD  85683," ",0.546,7.34,F8V,0.168,0.001,-4.91,147.9222,-54.65963
81,2452475.0,," ",HD  97998," ",0.626,7.36,G5V,0.187,0.001,-4.84,168.95424,-39.3235
82,2452475.0,," ",HD 101581," ",1.064,7.77,K5V,0.5,0.003,-4.7,175.26029,-44.40519
83,2452475.0,," ",HD 101805," ",0.528,6.48,G1V,0.16,0.001,-4.95,175.56216,-75.22732
84,2452475.0,,*,HD 102117," ",0.721,7.47,G6V,0.158,0.001,-5.03,176.21026,-58.70371
85,2452475.0,," ",HD 103026," ",0.554,5.85,F8V,0.15,0.001,-5.04,177.92337,-30.83481
86,2452475.0,," ",HD 103493,B,0.646,6.7,G5V,0.194,0.001,-4.82,178.75559,-56.09599
87,2452475.0,," ",HD 103975," ",0.527,6.76,G0V,0.162,0.001,-4.94,179.56503,-47.9771
88,2452475.0,," ",HD 105328," ",0.613,6.72,G2V,0.161,0.001,-4.97,181.91267,-23.97588
89,2452475.0,," ",HD 106453," ",0.711,7.47,K0/K1V,0.319,0.002,-4.52,183.67549,-24.77518
90,2452475.0,," ",HD 106869," ",0.574,6.81,G1V,0.162,0.001,-4.96,184.38279,-48.92558
91,2452475.0,," ",HD 110810," ",0.937,7.82,K3V,0.623,0.004,-4.42,191.31005,-57.358
92,2452475.0,," ",HD 112019," ",0.52,7.69,G0V,0.165,0.001,-4.92,193.42775,-27.40429
93,2452475.0,," ",HD 113027," ",0.569,7.56,G2V,0.189,0.001,-4.81,195.27828,-33.48013
94,2452475.0,," ",HD 114260," ",0.718,7.36,G6V,0.173,0.001,-4.95,197.42726,-22.1926
95,2452475.0,," ",HD 114613," ",0.693,4.85,G3V,0.157,0.001,-5.03,198.01327,-37.80302
96,2452475.0,," ",HD 114613," ",0.693,4.85,G3V,0.157,0.001,-5.03,198.01327,-37.80302
97,2452475.0,," ",HD 115585," ",0.742,7.43,G6IV-V,0.152,0.001,-5.07,199.96079,-70.85502
98,2452475.0,," ",HD 117105," ",0.583,7.2,G1V,0.167,0.001,-4.93,202.1273,-27.39185
99,2452475.0,," ",HD 117939," ",0.669,7.29,G3V,0.181,0.001,-4.89,203.63604,-38.90721
100,2452475.0,," ",HD 118475," ",0.618,6.97,G2/G3IV/V,0.166,0.001,-4.95,204.83452,-67.67082
101,2452475.0,," ",HD 118972," ",0.855,6.92,K1V,0.503,0.003,-4.42,205.26738,-34.46416
102,2452475.0,," ",HD 120780," ",0.891,7.37,K1V,0.264,0.002,-4.79,208.14946,-50.92175
103,2452475.0,," ",HD 122862," ",0.581,6.02,G1V,0.157,0.001,-4.99,212.11319,-74.85029
104,2452475.0,," ",HD 124584," ",0.59,7.29,G0/G1V,0.16,0.001,-4.98,214.2699,-66.31605
105,2452475.0,," ",HD 125072," ",1.017,6.66,K3V,0.283,0.002,-4.89,214.77014,-59.37904
106,2452475.0,," ",HD 125370," ",1.095,8.53,K0III,0.179,0.001,-5.21,215.34499,-63.4595
107,2452475.0,," ",HD 128674," ",0.672,7.39,G5V,0.188,0.001,-4.86,220.11776,-57.02956
108,2452475.0,," ",HD 129060," ",0.553,6.99,F7V,0.33,0.002,-4.41,221.05892,-69.67412
109,2452475.0,," ",HD 134606," ",0.74,6.86,G5IV,0.157,0.001,-5.04,228.81269,-70.51962
110,2452475.0,,*,HD 134987," ",0.691,6.47,G5V,0.155,0.001,-5.04,228.36945,-25.30935
111,2452475.0,," ",HD 136352," ",0.639,5.65,G2V,0.176,0.001,-4.9,230.45062,-48.31763
112,2452475.0,," ",HD 140785," ",0.66,7.38,G5V,0.154,0.001,-5.04,236.80359,-42.20473
113,2452475.0,," ",HD 140901," ",0.715,6.01,G6IV,0.256,0.002,-4.66,236.87125,-37.91631
114,2452475.0,,*,HD 142415," ",0.621,7.33,G1V,0.235,0.002,-4.66,239.41996,-60.20026
115,2452475.0,," ",HD 143114," ",0.606,7.34,G3V,0.171,0.001,-4.92,239.90945,-29.63256
116,2452475.0,," ",HD 144009," ",0.714,7.23,G8V,0.193,0.001,-4.86,242.30608,-71.06961
117,2452475.0,," ",HD 144628," ",0.856,7.11,K3V,0.193,0.001,-4.94,242.42831,-56.44515
118,2452475.0,," ",HD 145417," ",0.815,7.53,K0V,0.21,0.001,-4.86,243.45233,-57.57051
119,2452475.0,," ",HD 145809," ",0.617,6.68,G3V,0.154,0.001,-5.02,243.4181,-21.39996
120,2452475.0,," ",HD 146481," ",0.642,7.09,G4V,0.16,0.001,-4.99,244.83692,-54.5136
121,2452475.0,," ",HD 147723," ",0.625,5.4,G0IV,0.147,0.001,-5.08,246.16574,-29.70372
122,2452475.0,," ",HD 147723," ",0.625,5.4,G0IV,0.159,0.001,-4.99,246.16574,-29.70372
123,2452475.0,," ",HD 149612," ",0.616,7.01,G3V,0.179,0.001,-4.87,249.76726,-58.2582
124,2452475.0,," ",HD 150474," ",0.78,7.16,G8V,0.148,0.001,-5.1,250.69437,-37.34251
125,2452475.0,," ",HD 151337," ",0.901,7.38,K0V,0.147,0.001,-5.13,252.24736,-47.71877
126,2452475.0,," ",HD 152311," ",0.685,5.86,G5IV,0.15,0.001,-5.07,253.35509,-20.41555
127,2452475.0,," ",HD 153075," ",0.581,6.99,G0V,0.172,0.001,-4.9,255.13186,-57.2971
128,2452475.0,," ",HD 154577," ",0.889,7.38,K0V,0.245,0.002,-4.82,257.54313,-60.72877
129,2452475.0,,*,HD 154857," ",0.699,7.24,G5V,0.154,0.001,-5.05,257.81551,-56.6808
130,2452475.0,," ",HD 155918," ",0.607,7.0,G2V,0.175,0.001,-4.89,260.5527,-75.34815
131,2452475.0,," ",HD 155974," ",0.479,6.09,F6V,0.159,0.001,-4.95,259.09001,-35.7503
132,2452475.0,," ",HD 156274," ",0.764,5.47,M0V,0.176,0.001,-4.95,259.76597,-46.63623
133,2452475.0,," ",HD 157060," ",0.541,6.42,F8V,0.161,0.001,-4.95,260.6582,-35.9107
134,2452475.0,," ",HD 159868," ",0.714,7.24,G5V,0.171,0.001,-4.96,264.74803,-43.14551
135,2452475.0,," ",HD 162396," ",0.523,6.19,F8V,0.155,0.001,-4.98,268.2191,-41.99652
136,2452475.0,," ",HD 162521," ",0.451,6.36,F8V,0.227,0.001,-4.63,269.10123,-65.72174
137,2452475.0,," ",HD 163272," ",0.614,7.39,G2/G3V,0.163,0.001,-4.96,269.1018,-26.77339
138,2452475.0,," ",HD 165269," ",0.611,7.29,G1V,0.17,0.001,-4.92,271.55733,-27.49269
139,2452475.0,," ",HD 166553," ",0.599,7.27,G1/G2V,0.157,0.001,-5.0,273.24643,-39.16185
140,2452475.0,," ",HD 168060," ",0.759,7.34,G5V,0.148,0.001,-5.1,275.04776,-45.92225
141,2452475.0,,*,HD 169830," ",0.517,5.9,F8V,0.151,0.001,-5.02,276.95618,-29.81687
142,2452475.0,," ",HD 171990," ",0.593,6.39,G2V,0.15,0.001,-5.05,281.95471,-77.86825
143,2452475.0,," ",HD 179140," ",0.627,7.23,G2V,0.158,0.001,-5.0,288.69808,-58.00731
144,2452475.0,,*,HD 179949," ",0.548,6.25,F8V,0.198,0.001,-4.76,288.88845,-24.17935
145,2452475.0,," ",HD 183877," ",0.675,7.14,K0+.,0.183,0.001,-4.88,293.16805,-28.01981
146,2452475.0,," ",HD 184509," ",0.557,6.74,G1V,0.174,0.001,-4.88,293.89911,-20.78209
147,2452475.0,," ",HD 188641," ",0.626,7.34,G2V,0.159,0.001,-5.0,299.4048,-37.74505
148,2452475.0,," ",HD 190248," ",0.751,3.55,G5IV-V,0.16,0.001,-5.03,302.1817,-66.18207
149,2452475.0,," ",HD 191408," ",0.868,5.32,K2V,0.195,0.001,-4.94,302.79974,-36.10121
150,2452475.0,," ",HD 191849," ",1.431,7.97,M0V,1.63,0.011,-4.76,303.47248,-45.16402
151,2452475.0,," ",HD 192310," ",0.878,5.73,K3V,0.204,0.001,-4.92,303.82246,-27.03298
152,2452475.0,," ",HD 192865," ",0.558,6.91,F8V,0.158,0.001,-4.97,305.39861,-67.31284
153,2452475.0,," ",HD 193193," ",0.594,7.2,G2V,0.165,0.001,-4.95,304.93827,-25.2286
154,2452475.0,," ",HD 196068," ",0.64,7.18,G5V,0.15,0.001,-5.06,310.43956,-75.3464
155,2452475.0,," ",HD 196378," ",0.544,5.11,F8V,0.158,0.001,-4.97,310.01099,-60.54889
156,2452475.0,," ",HD 196390," ",0.626,7.33,G3V,0.203,0.001,-4.78,309.7605,-49.33142
157,2452475.0,," ",HD 196800," ",0.607,7.21,G1/G2V,0.162,0.001,-4.97,310.09306,-24.11803
158,2452475.0,," ",HD 202457," ",0.689,6.6,G5V,0.161,0.001,-5.0,319.68458,-61.3528
159,2452475.0,," ",HD 202560," ",1.397,6.69,M1/M2V,0.993,0.007,-4.93,319.31362,-38.86736
160,2452475.0,," ",HD 203985," ",0.876,7.49,K0V,0.19,0.001,-4.96,321.75553,-44.80857
161,2452475.0,," ",HD 204287," ",0.663,7.33,G3V,0.154,0.001,-5.04,322.31031,-50.31684
162,2452475.0,," ",HD 206395," ",0.559,6.67,G0IV,0.162,0.001,-4.95,325.75905,-43.4961
163,2452475.0,," ",HD 209100," ",1.056,4.69,K5V,0.45,0.003,-4.74,330.84024,-56.78598
164,2452475.0,," ",HD 210272," ",0.663,7.22,G3V,0.152,0.001,-5.05,332.70695,-55.45713
165,2452475.0,," ",HD 213042," ",1.08,7.65,K4V,0.325,0.002,-4.92,337.31349,-30.01841
166,2452475.0,,*,HD 216435," ",0.621,6.03,G3IV,0.157,0.001,-5.01,343.40805,-48.59829
167,2452475.0,," ",HD 216803," ",1.094,6.48,K4Vp,0.856,0.006,-4.51,344.10022,-31.56557
168,2452475.0,," ",HD 219048," ",0.733,6.9,G5V,0.161,0.001,-5.02,348.53457,-70.05819
169,2452475.0,," ",HD 221420," ",0.681,5.82,G2V,0.142,0.001,-5.13,353.33161,-77.38533
170,2452475.0,," ",HD 222668," ",0.835,7.35,G8IV/V,0.15,0.001,-5.09,355.82082,-70.81814
171,2452475.0,," ",HD 224619," ",0.741,7.47,G8V,0.184,0.001,-4.91,359.86846,-20.03471
172,2452475.0,," ",HD 225213," ",1.462,8.56,M2V,0.383,0.002,-5.43,1.35178,-37.35736
173,2452750.0,," ",HD   4447," ",0.908,8.78,K0,0.157,0.001,-5.1,11.69788,1.5441
174,2452750.0,," ",HD  30876," ",0.901,7.49,K2V,0.393,0.003,-4.59,72.46805,-35.10763
175,2452750.0,," ",HD  42902," ",0.623,8.92,G2/G3V,0.148,0.001,-5.07,92.80835,-44.22454
176,2452750.0,," ",HD  44821," ",0.663,7.37,K0/1V,0.319,0.002,-4.49,95.74029,-24.55604
177,2452750.0,," ",HD  44821," ",0.663,7.37,K0/1V,0.322,0.002,-4.48,95.74029,-24.55604
178,2452750.0,," ",HD  45701," ",0.66,6.45,G3III/IV,0.157,0.001,-5.02,96.11082,-63.42893
179,2452750.0,," ",HD  52447," ",0.605,8.38,G0V,0.148,0.001,-5.06,104.35991,-60.85143
180,2452750.0,," ",HD  52447," ",0.605,8.38,G0V,0.149,0.001,-5.06,104.35991,-60.85143
181,2452750.0,," ",HD  55693," ",0.66,7.17,G1V,0.164,0.001,-4.98,108.26114,-24.22557
182,2452750.0,," ",HD  55720," ",0.705,7.5,G6V,0.166,0.001,-4.98,107.88195,-49.4242
183,2452750.0,," ",HD  56560," ",0.737,7.33,G6IV/V,0.143,0.001,-5.12,108.07347,-67.78275
184,2452750.0,," ",HD  59468," ",0.694,6.72,G5IV-V,0.162,0.001,-5.0,111.85611,-51.4026
185,2452750.0,," ",HD  61686," ",0.693,8.54,G3V,0.136,0.001,-5.18,114.8971,-26.4743
186,2452750.0,," ",HD  61686," ",0.693,8.54,G3V,0.144,0.001,-5.12,114.8971,-26.4743
187,2452750.0,," ",HD  65907,A,0.573,5.59,G2V,0.173,0.001,-4.89,119.44548,-60.30307
188,2452750.0,," ",HD  67199," ",0.872,7.18,K1V,0.336,0.002,-4.64,120.62995,-66.02094
189,2452750.0,," ",HD  67556," ",0.548,7.3,F8V,0.175,0.001,-4.87,121.78648,-36.38141
190,2452750.0,," ",HD  69655," ",0.579,6.63,G1V,0.165,0.001,-4.94,123.85506,-52.0603
191,2452750.0,,*,HD  70642," ",0.692,7.17,G8:III,0.167,0.001,-4.97,125.36723,-39.70541
192,2452750.0,,*,HD  70642," ",0.692,7.17,G8:III,0.168,0.001,-4.97,125.36723,-39.70541
193,2452750.0,," ",HD  70889," ",0.6,7.09,G0V,0.237,0.002,-4.64,125.88255,-27.82235
194,2452750.0,," ",HD  72769," ",0.745,7.22,K1IV,0.147,0.001,-5.1,128.44044,-23.35555
195,2452750.0,," ",HD  73121," ",0.578,6.44,G1V,0.169,0.001,-4.92,128.80224,-39.97045
196,2452750.0,," ",HD  74868," ",0.567,6.56,G3IV,0.159,0.001,-4.98,131.21152,-44.5426
197,2452750.0,,*,HD  76700," ",0.745,8.16,G8V,0.13,0.001,-5.22,133.48131,-66.80099
198,2452750.0,,*,HD  76700," ",0.745,8.16,G8V,0.136,0.001,-5.18,133.48131,-66.80099
199,2452750.0,," ",HD  78429," ",0.664,7.31,G5V,0.202,0.001,-4.8,136.66179,-43.49198
200,2452750.0,," ",HD  80635," ",0.729,8.8,G3IV,0.135,0.001,-5.18,140.11449,-17.42469
201,2452750.0,," ",HD  80635," ",0.729,8.8,G3IV,0.141,0.001,-5.14,140.11449,-17.42469
202,2452750.0,," ",HD  80913," ",0.556,7.49,F6V,0.152,0.001,-5.02,138.10456,-81.76855
203,2452750.0,," ",HD  88201," ",0.558,7.45,G0V,0.357,0.002,-4.36,152.38237,-32.84666
204,2452750.0,," ",HD  90712," ",0.585,7.52,G2/G3V,0.388,0.003,-4.32,156.94907,-34.39948
205,2452750.0,," ",HD 109200," ",0.836,7.13,K0V,0.189,0.001,-4.94,188.38077,-68.75581
206,2453240.0,24," ",HD   7442," ",0.587,7.17,F8/G0V,0.151,0.001,-5.04,18.04409,-73.90707
207,2453240.0,24," ",HD  13578," ",0.62,7.5,G3IV,0.156,0.001,-5.01,32.5343,-64.35508
208,2453240.0,24," ",HD  16427," ",0.568,6.84,F8V,0.164,0.001,-4.94,38.43259,-72.34912
209,2453240.0,24," ",HD  17925," ",0.862,6.05,K1V,0.699,0.005,-4.27,43.13387,-12.76971
210,2453240.0,24," ",HD  21626," ",0.501,6.73,G0IV,0.147,0.001,-5.05,51.93243,-43.85589
211,2453240.0,24,*,HD  22049," ",0.881,3.72,K2V,0.563,0.004,-4.39,53.23268,-9.45826
212,2453240.0,24," ",HD  22924," ",0.552,6.94,F8/G0V,0.152,0.001,-5.02,54.97267,-28.51149
213,2453240.0,24," ",HD  23308," ",0.522,6.5,F8V,0.25,0.002,-4.57,55.54106,-45.95789
214,2453240.0,24," ",HD  28454," ",0.47,6.1,F8V,0.16,0.001,-4.95,66.77489,-46.9475
215,2453240.0,24," ",HD  31975," ",0.521,6.28,F8V,0.169,0.001,-4.9,73.27352,-72.40768
216,2453240.0,24," ",HD  32820," ",0.528,6.3,F8V,0.159,0.001,-4.96,75.9748,-41.74495
217,2453240.0,24," ",HD  33473," ",0.662,6.75,G3V,0.162,0.001,-4.99,77.12461,-41.21368
218,2453240.0,24," ",HD  34606," ",1.014,8.92,G5,0.168,0.001,-5.14,79.73758,6.03359
219,2453240.0,24," ",HD  38393," ",0.481,3.59,F7V,0.158,0.001,-4.96,86.11579,-22.44838
220,2453240.0,24,*,HD 142415," ",0.621,7.33,G1V,0.26,0.002,-4.59,239.41996,-60.20026
221,2453240.0,24," ",HD 146481," ",0.642,7.09,G4V,0.181,0.001,-4.88,244.83692,-54.5136
222,2453240.0,24," ",HD 147722," ",0.625,5.4,G0,0.168,0.001,-4.94,246.165,-29.70353
223,2453240.0,24," ",HD 147722," ",0.625,5.4,G0,0.181,0.001,-4.87,246.165,-29.70353
224,2453240.0,24," ",HD 149612," ",0.616,7.01,G3V,0.205,0.001,-4.76,249.76726,-58.2582
225,2453240.0,24," ",HD 150474," ",0.78,7.16,G8V,0.166,0.001,-5.0,250.69437,-37.34251
226,2453240.0,24," ",HD 151337," ",0.901,7.38,K0V,0.158,0.001,-5.09,252.24736,-47.71877
227,2453240.0,24," ",HD 153075," ",0.581,6.99,G0V,0.195,0.001,-4.79,255.13186,-57.2971
228,2453240.0,24," ",HD 154577," ",0.889,7.38,K0V,0.252,0.002,-4.81,257.54313,-60.72877
229,2453240.0,24,*,HD 154857," ",0.699,7.24,G5V,0.173,0.001,-4.94,257.81551,-56.6808
230,2453240.0,24," ",HD 155974," ",0.479,6.09,F6V,0.162,0.001,-4.93,259.09001,-35.7503
231,2453240.0,24," ",HD 179140," ",0.627,7.23,G2V,0.175,0.001,-4.9,288.69808,-58.00731
232,2453240.0,24,*,HD 179949," ",0.548,6.25,F8V,0.209,0.001,-4.72,288.88845,-24.17935
233,2453240.0,24," ",HD 183877," ",0.675,7.14,K0,0.194,0.001,-4.84,293.16805,-28.01981
234,2453240.0,24," ",HD 188641," ",0.626,7.34,G2V,0.171,0.001,-4.92,299.4048,-37.74505
235,2453240.0,24," ",HD 192310," ",0.878,5.73,K3V,0.238,0.002,-4.83,303.82246,-27.03298
236,2453240.0,24," ",HD 192865," ",0.558,6.91,F8V,0.164,0.001,-4.94,305.39861,-67.31284
237,2453240.0,24," ",HD 193193," ",0.594,7.2,G2V,0.186,0.001,-4.83,304.93827,-25.2286
238,2453240.0,24," ",HD 196068," ",0.64,7.18,G5V,0.16,0.001,-5.0,310.43956,-75.3464
239,2453240.0,24," ",HD 196378," ",0.544,5.11,F8V,0.162,0.001,-4.95,310.01099,-60.54889
240,2453240.0,24," ",HD 196390," ",0.626,7.33,G3V,0.243,0.002,-4.64,309.7605,-49.33142
241,2453240.0,24," ",HD 196800," ",0.607,7.21,G1/G2V,0.16,0.001,-4.98,310.09306,-24.11803
242,2453240.0,24," ",HD 202560," ",1.397,6.69,M1/M2V,1.076,0.007,-4.89,319.31362,-38.86736
243,2453240.0,24," ",HD 202560," ",1.397,6.69,M1/M2V,1.111,0.007,-4.88,319.31362,-38.86736
244,2453240.0,24," ",HD 203985," ",0.876,7.49,K0V,0.188,0.001,-4.96,321.75553,-44.80857
245,2453240.0,24," ",HD 203985," ",0.876,7.49,K0V,0.191,0.001,-4.95,321.75553,-44.80857
246,2453240.0,24," ",HD 204287," ",0.663,7.33,G3V,0.164,0.001,-4.97,322.31031,-50.31684
247,2453240.0,24," ",HD 207129," ",0.601,5.57,G2V,0.184,0.001,-4.85,327.06563,-47.30361
248,2453240.0,24," ",HD 212330," ",0.665,5.31,F9V,0.164,0.001,-4.98,336.23496,-57.79742
249,2453240.0,24,*,HD 216435," ",0.621,6.03,G3IV,0.164,0.001,-4.96,343.40805,-48.59829
250,2453240.0,24," ",HD 216803," ",1.094,6.48,K4Vp,1.084,0.007,-4.41,344.10022,-31.56557
251,2453240.0,24," ",HD 219048," ",0.733,6.9,G5V,0.162,0.001,-5.01,348.53457,-70.05819
252,2453240.0,24," ",HD 222668," ",0.835,7.35,G8IV/V,0.16,0.001,-5.05,355.82082,-70.81814
253,2453240.0,24," ",HD 224619," ",0.741,7.47,G8V,0.192,0.001,-4.88,359.86846,-20.03471
254,2453537.0,," ",HD  56957," ",0.701,7.57,G3V,0.148,0.001,-5.09,109.32511,-40.65656
255,2453537.0,," ",HD  63685," ",0.758,7.38,G5V,0.157,0.001,-5.04,116.59701,-61.43015
256,2453537.0,," ",HD  67556," ",0.548,7.3,F8V,0.196,0.001,-4.77,121.78648,-36.38141
257,2453537.0,," ",HD  69655," ",0.579,6.63,G1V,0.176,0.001,-4.88,123.85506,-52.0603
258,2453537.0,,*,HD  70642," ",0.692,7.17,G8:III,0.175,0.001,-4.93,125.36723,-39.70541
259,2453537.0,," ",HD  72769," ",0.745,7.22,K1IV,0.161,0.001,-5.02,128.44044,-23.35555
260,2453537.0,,*,HD  73526," ",0.737,8.99,G6V,0.154,0.001,-5.05,129.31868,-41.3191
261,2453537.0,," ",HD  74868," ",0.567,6.56,G3IV,0.165,0.001,-4.93,131.21152,-44.5426
262,2453537.0,,*,HD  76700," ",0.745,8.16,G8V,0.16,0.001,-5.02,133.48131,-66.80099
263,2453537.0,," ",HD  80913," ",0.556,7.49,F6V,0.166,0.001,-4.93,138.10456,-81.76855
264,2453537.0,," ",HD  94340," ",0.645,7.02,G3/G5V,0.293,0.002,-4.53,163.26897,-20.62816
265,2453537.0,," ",HD  95456," ",0.527,6.06,F8V,0.168,0.001,-4.91,165.16993,-31.83937
266,2453537.0,," ",HD 142022," ",0.79,7.7,K0V,0.166,0.001,-5.01,242.5626,-84.23161
