Name,HD,HIP,d,B1Age,DAge,YAge,B2Age,ARange,<Age>
85 Peg,"224930 ",171,12.2,,,,,,
HD 225239,"225239 ",394,39.2,5.45,6.84,5.73,4.94,1.89,5.74
HD 38A,"38A    ",473,11.8,,5.97,3.84,5.29,2.12,5.03
HD 38B,"38B    ",,,,5.81,3.18,6.27,3.09,5.09
HD 123B,"123B   ",,,9.84,8.02,5.89,11.75,5.86,8.87
HD 123A,"123A   ",518,21.5,5.01,2.24,3.5,2.33,2.77,3.27
HD 166,"166    ",544,13.7,2.57,2.14,3.06,3.42,1.28,2.8
HD 330,"330    ",656,109.4,4.49,5.4,4.4,4.01,1.38,4.58
HD 400,"400    ",699,32.4,,8.67,5.0,5.25,3.67,6.31
HD 245,"245    ",705,57.1,,6.5,,,0.0,6.5
HD 603,"603    ",846,79.4,3.53,4.94,2.49,3.49,2.45,3.61
6 Cet,"693    ",910,18.7,7.13,6.25,,,0.88,6.69
HD 975,"975    ",1137,75.0,1.61,4.83,1.86,2.29,3.22,2.65
HD 1388,"1388   ",1444,27.2,2.0,6.5,3.0,6.75,4.75,4.56
HD 1461,"1461   ",1499,23.2,4.15,4.94,1.93,6.14,4.21,4.29
9 Cet,"1835   ",1803,20.9,3.22,1.83,2.18,2.57,1.39,2.45
HD 2475,"2475   ",2237,32.2,,,,6.0,0.0,6.0
HD 2582,"2582   ",2288,89.8,8.45,10.1,8.5,10.83,2.38,9.47
HD 2638,"2638   ",2350,49.9,5.36,3.76,3.42,5.29,1.95,4.46
HD 2589,"2589   ",2422,38.5,4.09,7.83,5.0,3.6,4.23,5.13
HD 2730,"2730   ",2434,113.3,4.49,6.05,4.5,4.6,1.56,4.91
13 Cet,"3196   ",2762,21.3,5.01,9.38,,4.69,4.69,6.36
14 Cet,"3229   ",2787,54.5,1.26,3.38,2.15,1.92,2.12,2.18
HD 3268,"3268   ",2832,37.6,3.95,7.17,,,3.22,5.56
HD 3443,"3443   ",2941,15.4,,,8.0,,0.0,8.0
HD 3556,"3556   ",3033,71.6,2.32,2.59,2.07,2.89,0.83,2.47
HD 3628,"3628   ",3086,49.4,10.22,11.75,11.0,10.43,1.53,10.85
54 Psc,"3651   ",3093,11.1,5.85,3.66,2.6,5.43,3.25,4.38
HD 3795,"3795   ",3185,28.9,11.75,10.75,11.0,10.88,1.0,11.09
HD 3765,"3765   ",3206,17.3,4.58,7.68,3.56,10.0,6.44,6.45
BD+33 99,"       ",3418,20.6,5.36,9.75,,12.0,6.64,9.04
HD 4208,"4208   ",3479,32.4,10.99,12.25,8.5,9.25,3.75,10.25
HD 4203,"4203   ",3502,77.2,10.48,10.75,9.2,11.69,2.49,10.53
HD 4256,"4256   ",3535,21.6,4.16,4.73,3.02,5.58,2.56,4.37
18 Cet,"4307   ",3559,31.0,11.49,10.25,8.5,8.75,2.99,9.75
61 Psc,"4568   ",3730,57.0,3.16,3.88,2.0,3.05,1.88,3.02
HD 4628,"4628   ",3765,7.5,5.66,,8.0,6.19,2.34,6.61
eta Cas,"4614   ",3821,6.0,5.16,4.54,5.63,10.7,6.16,6.5
HD 4635,"4635   ",3876,21.6,3.55,7.46,3.92,9.25,5.7,6.05
phi02 Cet,"4813   ",3909,15.8,0.92,1.86,1.46,2.78,1.86,1.75
HR 244,"5015   ",4151,18.7,4.74,5.42,,4.25,1.17,4.8
36 And,"5286   ",4288,38.0,6.8,6.13,,7.75,1.63,6.89
HD 5294,"5294   ",4290,29.1,10.99,3.8,6.0,9.5,7.19,7.57
HD 5372,"5372   ",4393,39.9,2.19,5.17,2.36,5.8,3.61,3.88
HD 5351,"5351   ",4454,24.4,,,2.59,11.5,8.91,7.04
HD 5494,"5494   ",4457,77.0,5.23,9.83,5.4,7.0,4.6,6.87
HD 5600,"5600   ",4504,136.2,2.67,3.18,2.63,2.41,0.77,2.72
HD 6064,"6064   ",4825,114.7,2.25,3.09,2.3,2.06,1.04,2.43
BD+61 195,"       ",4872,10.0,,,,6.54,0.0,6.54
mu. Cas,"6582   ",5336,7.6,2.19,10.5,10.0,11.0,8.81,8.42
44 And,"6920   ",5493,52.3,2.0,2.58,,1.75,0.83,2.11
HD 7091,"7091   ",5540,101.0,2.68,5.13,1.91,2.91,3.23,3.16
HD 7230,"7230   ",5673,107.3,1.58,4.88,1.19,1.7,3.69,2.34
HD 7397,"7397   ",5769,94.0,3.5,9.38,7.0,6.34,5.87,6.56
HD 7352,"7352   ",5777,68.9,3.61,4.63,2.32,3.66,2.3,3.55
HD 7514,"7514   ",5831,86.9,9.46,10.0,6.0,10.94,4.94,9.1
38 Cet,"7476   ",5833,42.9,,3.94,,2.58,1.35,3.26
HD 7590,"7590   ",5944,23.2,5.66,8.0,2.75,3.28,5.25,4.92
HR 357,"7238   ",5947,72.6,2.0,2.44,1.8,1.75,0.69,2.0
HD 8173,"8173   ",6305,72.8,3.78,2.76,2.12,2.99,1.66,2.91
HD 7924,"7924   ",6379,16.8,,0.88,3.06,0.96,2.18,1.64
HD 8574,"8574   ",6643,44.6,2.0,7.75,7.0,,5.75,5.58
HD 8648,"8648   ",6653,43.7,8.27,9.0,10.5,10.67,2.39,9.61
HR 407,"8634   ",6669,68.1,2.0,2.46,1.8,1.75,0.71,2.0
HD 8673,"8673   ",6702,36.1,2.31,1.83,0.83,1.14,1.48,1.53
HD 9224,"9224   ",7090,44.1,12.02,6.25,8.5,10.83,5.77,9.4
HD 9369,"9369   ",7204,142.9,0.82,0.78,0.8,0.7,0.12,0.77
HD 9562,"9562   ",7276,29.5,,5.1,,5.5,0.4,5.3
HD 9407,"9407   ",7339,20.7,2.2,5.28,2.94,6.39,4.19,4.2
ups And,"9826   ",7513,13.5,,7.0,2.0,,5.0,4.5
HD 9986,"9986   ",7585,25.6,3.47,4.1,2.94,3.98,1.16,3.62
HD 10086,"10086  ",7734,21.4,2.2,2.9,1.81,3.89,2.08,2.7
HD 10145,"10145  ",7902,37.3,6.03,9.0,4.9,9.81,4.91,7.43
HD 10307,"10307  ",7918,12.7,8.85,5.3,3.53,2.53,6.32,5.06
107 Psc,"10476  ",7981,7.5,1.62,1.18,2.33,2.09,1.15,1.8
HR 495,"10486  ",8044,57.8,5.23,4.5,5.0,10.5,6.0,6.31
HD 10436,"10436  ",8070,13.6,,,1.16,,0.0,1.16
tau Cet,"10700  ",8102,3.7,11.49,,8.5,,2.99,9.99
109 Psc,"10697  ",8159,32.6,9.47,7.75,8.5,8.42,1.72,8.53
HD 10853,"10853  ",8275,24.0,1.54,1.19,4.64,3.23,3.45,2.65
HR 511,"10780  ",8362,10.1,,0.83,9.5,0.75,8.75,3.69
HD 11038,"11038  ",8383,102.9,3.71,3.43,6.05,6.21,2.77,4.85
HD 11007,"11007  ",8433,27.9,8.97,8.88,,7.17,1.8,8.34
HD 11507,"11507  ",8768,11.0,,9.5,3.73,5.29,5.77,6.17
HD 11373,"11373  ",8867,22.5,5.36,3.42,4.79,5.28,1.94,4.71
HD 12051,"12051  ",9269,25.0,,10.43,7.0,,3.43,8.71
112 Psc,"12235  ",9353,33.5,,3.25,4.0,2.88,1.13,3.38
HD 12661,"12661  ",9683,35.0,9.61,5.06,5.33,8.75,4.55,7.19
HD 12846,"12846  ",9829,22.8,10.99,3.03,7.8,9.68,7.96,7.87
HD 13043,"13043  ",9911,37.0,9.44,7.63,,11.0,3.38,9.35
BD+29 366,"       ",10140,54.2,6.34,10.0,9.0,10.0,3.66,8.83
66 Cet B,"13612B ",10303,47.9,5.76,4.62,4.7,6.39,1.77,5.37
66 Cet,"13612  ",10305,39.7,2.97,3.63,3.0,3.16,0.66,3.19
eta Ari,"13555  ",10306,28.9,3.98,5.63,,3.63,2.0,4.41
V* V450 And,"13507  ",10321,26.8,5.1,4.54,6.1,3.2,2.9,4.73
HD 13403,"13403  ",10322,41.0,,10.0,10.67,12.06,2.06,10.91
HD 13579,"13579  ",10531,18.6,7.61,4.63,3.66,9.96,6.3,6.46
del Tri,"13974  ",10644,10.8,6.31,5.75,10.0,,4.25,7.35
HR 672,"14214  ",10723,24.4,7.94,9.0,,7.5,1.5,8.15
HD 14412,"14412  ",10798,12.7,10.48,2.34,3.25,2.09,8.39,4.54
HD 14374,"14374  ",10818,38.8,6.08,1.18,4.74,5.36,4.9,4.34
HD 14348,"14348  ",10868,56.6,5.01,5.83,5.5,5.5,0.82,5.46
HD 14624,"14624  ",11053,74.3,10.73,11.25,9.75,11.21,1.5,10.73
kap For,"14802  ",11072,22.0,5.55,9.5,7.0,7.0,3.95,7.26
HD 15189,"15189  ",11367,89.5,5.36,3.94,2.48,3.25,2.88,3.76
HD 15069,"15069  ",11505,56.0,5.01,9.33,11.0,10.8,5.99,9.04
13 Tri,"15335  ",11548,31.4,3.98,9.83,7.0,6.5,5.85,6.83
HD 15632,"15632  ",11728,39.8,5.22,1.63,2.69,4.97,3.59,3.63
79 Cet,"16141  ",12048,39.0,8.81,11.0,10.0,9.63,2.19,9.86
HD 16160,"16160  ",12114,7.2,1.21,1.36,1.98,3.04,1.83,1.9
30 Ari B,"16232  ",12184,40.8,1.61,3.2,1.83,2.38,1.59,2.26
HR 761,"16220  ",12200,49.9,3.16,4.69,4.0,3.42,1.53,3.82
HD 16397,"16397  ",12306,34.3,5.66,5.15,9.0,,3.85,6.6
HR 784,"16673  ",12444,21.8,1.05,2.8,0.98,1.47,1.82,1.58
84 Cet,"16765  ",12530,22.6,2.51,4.58,4.0,3.75,2.07,3.71
tet Per,"16895  ",12777,11.1,3.5,1.85,1.8,1.75,1.75,2.23
tau01 Eri,"17206  ",12843,14.2,2.0,1.85,1.8,1.47,0.53,1.78
HD 17382,"17382  ",13081,24.6,4.83,9.78,4.68,11.5,6.82,7.7
BD+33 529,"       ",13375,14.6,,,3.04,,0.0,3.04
HR 857,"17925  ",13402,10.4,0.79,0.95,2.56,1.39,1.76,1.42
HD 18445,"18445  ",13769,26.1,,,,,,
HD 18455,"18455  ",13772,22.5,,,10.0,,0.0,10.0
V* BW Ari,"       ",13806,39.2,4.94,2.17,2.27,4.23,2.77,3.4
47 Ari,"18404  ",13834,33.2,,1.75,1.1,1.05,0.7,1.3
V* BZ Cet,"18632  ",13976,24.4,10.48,10.75,4.58,,6.17,8.6
eps For,"18907  ",14086,32.2,10.72,7.5,8.0,8.17,3.22,8.6
51 Ari,"18803  ",14150,20.6,2.17,5.35,3.05,6.76,4.59,4.34
HD 18768,"18768  ",14181,48.2,7.94,7.9,7.0,6.58,1.36,7.36
HD 19019,"19019  ",14258,31.0,4.94,1.39,2.3,5.1,3.71,3.43
HD 18757,"18757  ",14286,24.2,10.0,9.25,8.0,,2.0,9.08
HD 19383,"19383  ",14464,71.8,1.76,1.81,1.45,1.62,0.36,1.66
HD 19308,"19308  ",14532,41.9,,8.0,8.0,10.5,2.5,8.83
HD 19445,"19445  ",14594,40.1,,,11.5,,0.0,11.5
iot Per,"19373  ",14632,10.5,10.0,8.25,,7.25,2.75,8.5
HD 19617,"19617  ",14721,57.6,2.9,4.68,4.05,4.91,2.0,4.13
alf For A,"20010A ",14879,14.2,5.15,6.69,5.0,4.5,2.19,5.33
94 Cet,"19994  ",14954,22.6,,4.0,,4.13,0.13,4.06
HD 20165,"20165  ",15099,22.7,2.19,2.07,1.73,4.43,2.7,2.61
HD 20339,"20339  ",15199,48.7,0.92,7.67,1.74,8.3,7.38,4.66
HD 20367,"20367  ",15323,26.7,3.57,3.91,1.8,2.63,2.11,2.98
HD 20512,"20512  ",15394,82.0,3.39,4.65,3.1,2.6,2.04,3.43
HD 20039,"20039  ",15405,122.0,8.04,6.46,7.5,7.34,1.58,7.33
kap01 Cet,"20630  ",15457,9.1,2.77,1.2,2.43,4.66,3.46,2.76
HD 232781,"232781 ",15673,23.4,,3.23,3.99,2.09,1.9,3.1
HD 21019,"21019  ",15776,37.1,6.42,8.5,5.5,5.8,3.0,6.56
BD+43 699,"       ",15797,25.8,5.36,6.28,3.66,5.29,2.63,5.15
HD 21197,"21197  ",15919,15.4,,10.0,,,0.0,10.0
HD 21531,"21531  ",16134,12.5,5.97,1.27,,5.29,4.7,4.18
BD+23 465,"       ",16529,43.8,4.16,10.25,4.36,8.25,6.09,6.75
eps Eri,"22049  ",16537,3.2,12.02,,9.5,9.5,2.52,10.34
HD 22072,"22072  ",16641,40.4,3.16,4.25,8.0,11.0,7.84,6.6
HD 22455,"22455  ",16792,76.2,3.98,5.42,2.73,4.31,2.69,4.11
HD 22292,"22292  ",16806,78.2,1.05,1.78,1.44,1.63,0.73,1.48
HD 22468B,"22468B ",,,,,,,,
HD 22468A,"22468A ",16846,30.7,,,,,,
10 Tau,"22484  ",16852,14.0,7.94,9.0,3.0,7.75,6.0,6.92
21 Eri,"22713  ",17027,33.7,5.01,5.56,4.5,4.35,1.21,4.86
HD 22879,"22879  ",17147,25.6,10.24,11.0,,11.33,1.1,10.86
del Eri,"23249  ",17378,9.0,10.19,6.5,6.0,6.5,4.19,7.3
HD 23356,"23356  ",17420,13.9,,0.95,1.16,0.75,0.41,0.95
HD 23349,"23349  ",17603,87.1,2.47,6.44,2.22,4.67,4.22,3.95
HD 23453,"23453  ",17609,14.7,,,1.73,,0.0,1.73
HD 23439A,"23439A ",17666,21.9,5.36,5.19,3.43,5.52,2.09,4.87
HR 1179,"23856  ",17689,38.1,3.6,7.13,,6.0,3.52,5.58
HD 23596,"23596  ",17747,50.4,5.66,,,4.0,1.66,4.83
HD 23476,"23476  ",17790,48.1,2.57,3.64,3.39,,1.08,3.2
HD 24040,"24040  ",17960,46.6,,7.5,,10.5,3.0,9.0
HD 24213,"24213  ",18106,38.7,2.0,5.5,,8.5,6.5,5.33
HD 24552,"24552  ",18261,46.2,4.6,2.74,2.29,3.13,2.31,3.19
HD 24496,"24496  ",18267,20.4,4.5,11.5,5.7,11.25,7.0,8.24
HD 24238,"24238  ",18324,21.0,2.57,2.3,,,0.27,2.43
HD 24409,"24409  ",18413,22.0,,11.75,7.5,,4.25,9.63
HR 1232,"25069  ",18606,46.4,2.51,3.38,4.5,7.44,4.93,4.46
HD 24451,"24451  ",18774,16.2,5.36,2.85,4.03,5.65,2.8,4.47
HD 25457,"25457  ",18859,18.8,1.79,3.56,2.0,1.75,1.81,2.28
HD 25329,"25329  ",18915,18.3,3.02,9.5,,5.29,6.48,5.94
HD 25621,"25621  ",18993,35.4,2.37,3.81,,2.63,1.44,2.94
39 Tau,"25680  ",19076,16.9,5.42,1.88,3.46,3.92,3.54,3.67
HD 25825,"25825  ",19148,45.9,3.4,2.51,2.29,3.03,1.11,2.81
49 Per,"25975  ",19302,44.1,3.17,3.75,4.25,4.56,1.39,3.93
50 Per,"25998  ",19335,21.0,1.58,1.1,1.5,1.75,0.65,1.48
V* EI Eri,"26337  ",19431,50.8,9.53,8.45,7.17,7.42,2.36,8.14
HD 26505,"26505  ",19494,85.3,9.18,10.33,9.0,9.58,1.33,9.52
HD 26345,"26345  ",19504,44.2,1.13,1.15,0.9,0.9,0.25,1.02
GJ 1067,"       ",19655,26.1,4.51,0.95,5.3,4.26,4.35,3.75
V* V1309 Tau,"26767  ",19786,42.9,4.34,1.78,1.73,2.23,2.61,2.52
HD 26784,"26784  ",19796,45.0,2.51,1.93,1.16,1.28,1.35,1.72
HD 284248,"284248 ",19797,87.7,,12.0,12.0,,0.0,12.0
BD-04 782,"       ",19832,20.8,5.16,3.18,5.12,4.68,1.98,4.53
omi02 Eri,"26965  ",19849,5.0,1.88,1.75,1.53,3.23,1.7,2.1
HD 26913,"26913  ",19855,21.1,6.42,11.25,3.05,4.31,8.2,6.26
HD 26923,"26923  ",19859,21.3,7.94,2.81,4.5,5.5,5.13,5.19
HD 285660,"285660 ",20041,88.3,1.61,5.43,1.62,4.2,3.82,3.21
HD 285690,"285690 ",20082,52.9,10.99,10.75,7.05,,3.94,9.59
HD 27530,"27530  ",20184,56.2,1.74,1.18,1.06,2.15,1.09,1.53
HD 27808,"27808  ",20557,44.3,2.51,2.6,1.16,2.06,1.44,2.08
HD 28185,"28185  ",20723,42.3,9.78,8.08,5.25,9.5,4.53,8.15
HD 28099,"28099  ",20741,46.0,2.9,3.3,1.87,4.47,2.6,3.13
HD 28005,"28005  ",20800,28.2,7.23,7.67,,9.33,2.11,8.08
V* DI Cam,"27172  ",20896,101.0,3.57,4.63,3.25,3.58,1.38,3.76
HD 28344,"28344  ",20899,46.5,8.12,2.27,2.32,3.67,5.86,4.1
HD 28343,"28343  ",20917,11.4,5.36,4.23,,,1.13,4.79
HD 283704,"283704 ",20949,60.8,4.16,2.09,2.08,3.51,2.07,2.96
HD 28571,"28571  ",20984,84.0,10.24,9.25,10.0,11.0,1.75,10.12
BD+04 701B,"       ",,,,,,,,
BD+04 701A,"       ",21000,10.7,,,,,,
HD 28635,"28635  ",21112,52.4,2.56,2.95,2.58,2.08,0.86,2.54
m Per,"28704  ",21242,59.2,,2.94,2.0,2.13,0.94,2.35
HD 28946,"28946  ",21272,27.1,8.13,1.77,7.5,4.93,6.36,5.58
HD 28992,"28992  ",21317,45.5,4.49,3.75,2.95,4.18,1.54,3.84
HD 283750,"283750 ",21482,18.0,,,,,,
HD 29310,"29310  ",21543,50.0,8.92,8.38,8.5,10.71,2.34,9.13
c Eri,"29391  ",21547,29.4,1.11,1.61,1.7,0.6,1.1,1.25
HD 232979,"232979 ",21553,10.1,,,,,,
HD 29419,"29419  ",21637,44.5,3.57,1.8,1.56,1.85,2.01,2.19
HD 284574,"284574 ",21741,62.7,5.18,7.13,4.28,6.4,2.84,5.75
HD 29697,"29697  ",21818,13.2,6.08,2.62,10.71,5.29,8.09,6.18
HD 29587,"29587  ",21832,27.6,,3.0,,,0.0,3.0
HD 29645,"29645  ",21847,31.9,,6.75,4.0,6.25,2.75,5.67
58 Eri,"30495  ",22263,13.3,5.02,2.28,2.5,3.8,2.74,3.4
59 Eri,"30606  ",22325,41.7,,3.46,2.25,2.44,1.21,2.72
HD 30562,"30562  ",22336,26.4,3.98,5.88,,6.33,2.35,5.4
pi.03 Ori,"30652  ",22449,8.1,1.02,0.86,0.9,1.17,0.31,0.98
HD 284930,"284930 ",22654,46.4,5.36,5.6,4.99,5.29,0.6,5.31
HD 31527,"31527  ",22905,38.6,8.12,6.54,6.5,7.0,1.62,7.04
101 Tau,"31845  ",23214,40.8,1.13,0.92,0.98,0.93,0.21,0.99
63 Eri,"32008  ",23221,54.0,1.26,1.83,1.2,0.78,1.06,1.27
HD 32147,"32147  ",23311,8.7,5.36,4.27,5.95,9.25,4.98,6.21
HD 31949,"31949  ",23399,66.4,4.02,3.39,2.36,3.31,1.67,3.27
HD 32850,"32850  ",23786,23.7,2.57,2.52,1.73,4.22,2.49,2.76
HR 1665,"33093  ",23831,36.7,,6.19,3.0,5.0,3.19,4.73
m Tau,"32923  ",23835,15.4,10.0,10.25,10.67,11.7,1.7,10.65
13 Ori,"33021  ",23852,27.7,9.51,10.5,10.5,11.0,1.49,10.38
68 Eri,"33256  ",23941,25.5,,7.5,2.5,4.0,5.0,4.67
HD 32715,"32715  ",24017,39.8,1.58,1.5,1.4,0.93,0.65,1.35
HR 1685,"33555  ",24130,46.8,2.0,3.5,2.5,5.8,3.8,3.45
HR 1687,"33608  ",24162,37.6,1.0,,0.8,,0.2,0.9
HD 33636,"33636  ",24205,28.4,7.94,2.81,4.5,6.54,5.13,5.45
HD 33866,"33866  ",24336,41.6,8.69,10.75,9.0,,2.06,9.48
HD 34721,"34721  ",24786,25.0,10.0,10.5,,9.75,0.75,10.08
lam Aur,"34411  ",24813,12.6,2.0,5.0,3.0,11.0,9.0,5.25
HD 33564,"33564  ",25110,20.9,1.8,2.13,1.33,,0.8,1.75
111 Tau B,"35171  ",25220,14.1,,0.83,7.5,0.96,6.67,3.1
111 Tau,"35296  ",25278,14.4,1.93,2.79,1.41,2.03,1.38,2.04
HD 36003,"36003  ",25623,13.0,5.36,11.5,,,6.14,8.43
HD 35961,"35961  ",25880,39.3,7.94,7.0,7.33,,0.94,7.43
18 Cam,"36066  ",25973,42.7,4.83,8.13,5.5,6.25,3.3,6.18
V* V2689 Ori,"245409 ",26335,11.2,,3.94,4.44,5.29,1.35,4.56
HD 37124,"37124  ",26381,33.7,11.49,9.75,,,1.74,10.62
HD 37008,"37008  ",26505,20.2,,0.64,11.0,,10.36,5.82
HD 37605,"37605  ",26664,44.0,4.48,3.44,2.42,8.63,6.21,4.75
HR 1925,"37394  ",26779,12.3,8.69,3.42,5.5,5.4,5.27,5.75
V* AK Lep,"38392  ",,,5.36,2.64,3.63,4.63,2.72,4.06
gam Lep,"38393  ",27072,8.9,1.58,2.13,1.5,1.5,0.63,1.68
HR 1980,"38382  ",27075,25.5,3.51,3.9,1.7,3.09,2.2,3.05
HD 38230,"38230  ",27207,21.9,10.17,,6.0,,4.17,8.09
HD 38529,"38529  ",27253,39.3,3.16,3.75,,2.5,1.25,3.14
HD 38700,"38700  ",27260,62.2,4.62,2.97,1.73,2.86,2.88,3.05
HD 38858,"38858  ",27435,15.2,10.24,6.19,7.0,9.23,4.05,8.16
chi01 Ori,"39587  ",27913,8.7,7.13,6.02,4.0,5.0,3.13,5.54
LP 837-53,"       ",28035,14.6,,,,,,
HD 39881,"39881  ",28066,26.6,7.23,9.5,,,2.27,8.36
HD 40512,"40512  ",28356,68.0,1.42,1.25,1.71,1.33,0.47,1.43
HD 40616,"40616  ",28428,55.2,10.38,9.9,8.67,9.72,1.72,9.67
HD 40979,"40979  ",28767,33.1,2.51,1.43,2.25,1.5,1.08,1.92
HD 41330,"41330  ",28908,25.6,8.11,12.5,11.0,11.75,4.39,10.84
V* V1386 Ori,"41593  ",28954,15.3,,0.65,10.5,,9.85,5.58
HD 41708,"41708  ",29074,42.8,7.35,3.13,2.61,4.79,4.74,4.47
HD 42618,"42618  ",29432,23.5,10.99,2.4,6.5,9.1,8.59,7.25
HR 2208,"42807  ",29525,18.0,6.42,10.0,2.33,3.28,7.67,5.51
HD 43162,"43162  ",29568,16.7,10.99,0.68,6.5,9.75,10.31,6.98
HD 42983,"42983  ",29573,58.0,5.01,8.25,6.5,8.4,3.39,7.04
71 Ori,"43042  ",29650,20.8,0.81,1.34,1.2,1.15,0.54,1.13
HD 43318,"43318  ",29716,37.2,3.57,4.5,,3.83,0.93,3.97
HD 42250,"42250  ",29761,25.7,4.76,9.25,2.91,8.32,6.34,6.31
HD 43745,"43745  ",29843,40.3,4.05,5.13,,3.75,1.38,4.31
HD 43587,"43587  ",29860,19.2,2.51,7.5,,9.5,6.99,6.5
HD 43856,"43856  ",29991,69.4,2.95,7.44,1.8,5.69,5.64,4.47
HD 45184,"45184  ",30503,21.9,4.5,3.38,5.33,3.82,1.96,4.26
HD 44966,"44966  ",30513,47.2,,6.63,1.63,1.57,5.06,3.28
HD 45067,"45067  ",30545,33.6,,7.63,4.0,6.0,3.63,5.88
HD 45088,"45088  ",30630,14.7,,,,,,
HD 45282,"45282  ",30668,148.8,4.25,7.1,7.27,3.83,3.44,5.61
HD 45588,"45588  ",30711,29.9,1.26,3.25,1.8,2.5,1.99,2.2
HD 45350,"45350  ",30860,48.9,6.31,,8.0,11.5,5.19,8.6
HD 45759,"45759  ",30939,47.9,2.03,4.16,2.38,2.3,2.13,2.72
HD 45205,"45205  ",30990,73.2,11.49,12.0,11.5,12.0,0.51,11.75
HD 46090,"46090  ",31083,27.8,12.02,10.75,6.5,,5.52,9.76
HD 46301,"46301  ",31197,107.6,1.77,2.61,2.33,1.88,0.85,2.14
HD 46375,"46375A ",31246,34.8,,,10.33,,0.0,10.33
HD 46780,"46780  ",31568,33.1,7.94,8.5,4.0,8.0,4.5,7.11
HD 47157,"47157  ",31655,37.1,2.1,2.68,2.11,6.76,4.66,3.41
HD 47127,"47127  ",31660,26.9,5.01,8.88,7.0,10.33,5.32,7.81
HD 47309,"47309  ",31965,40.3,1.84,4.66,2.13,5.98,4.14,3.65
HD 47752,"47752  ",32010,17.4,5.36,2.63,7.16,5.29,4.52,5.11
HD 48938,"48938  ",32322,27.1,3.57,4.9,3.0,9.17,6.17,5.16
HD 48565,"48565  ",32329,49.3,10.72,7.75,8.0,8.75,2.97,8.8
HD 46588,"46588  ",32439,17.9,0.92,2.33,1.42,2.42,1.5,1.77
psi05 Aur,"48682  ",32480,16.7,3.16,3.96,1.55,2.63,2.41,2.82
HD 49385,"49385  ",32608,71.9,4.05,4.54,3.83,3.61,0.92,4.01
HD 49674,"49674  ",32916,44.2,8.34,3.5,3.82,7.32,4.84,5.75
HD 50281,"50281  ",32984,8.7,1.88,1.22,5.92,4.22,4.7,3.31
HD 50206,"50206  ",32993,103.5,2.58,3.13,2.28,2.23,0.9,2.55
HD 50806,"50806  ",33094,25.9,6.31,9.5,8.25,11.13,4.82,8.8
HD 50554,"50554  ",33212,29.9,1.77,3.75,2.33,3.05,1.98,2.73
HD 50867,"50867  ",33275,53.7,2.03,5.0,2.16,2.79,2.97,3.0
37 Gem,"50692  ",33277,17.2,5.16,4.83,4.17,5.38,1.21,4.88
HD 51219,"51219  ",33382,31.3,5.63,8.5,2.98,9.39,6.41,6.63
HD 51419,"51419  ",33537,24.6,2.25,3.5,2.61,12.5,10.25,5.22
39 Gem,"51530  ",33595,47.7,4.5,4.88,4.5,3.9,0.98,4.44
HD 52265,"52265  ",33719,29.0,1.13,3.25,1.3,3.13,2.12,2.2
HD 52698,"52698  ",33817,14.6,4.78,4.41,2.6,6.6,4.0,4.6
HD 51866,"51866  ",33852,20.1,7.68,5.04,5.08,6.27,2.64,6.02
HD 52634,"52634  ",33941,85.3,6.12,9.25,4.86,6.21,4.39,6.61
HD 52711,"52711  ",34017,19.1,1.4,4.34,2.19,4.16,2.95,3.02
HD 53927,"53927  ",34414,22.3,5.36,11.75,6.25,5.48,6.39,7.21
HD 54371,"54371  ",34567,25.2,5.94,7.5,2.76,8.85,6.09,6.26
HR 2692,"54563  ",34608,45.8,4.74,,7.0,8.83,4.1,6.86
HD 55054,"55054  ",34767,77.4,3.16,9.2,5.0,5.25,6.04,5.65
HD 55693,"55693  ",34879,36.5,2.51,5.06,3.2,5.0,2.55,3.94
HD 55575,"55575  ",35136,16.9,5.01,6.56,6.0,11.5,6.49,7.27
HD 56303,"56303  ",35209,41.3,2.0,5.75,3.0,6.5,4.5,4.31
HD 56515,"56515  ",35310,41.6,6.42,9.25,6.0,6.25,3.25,6.98
HD 57006,"57006  ",35509,53.3,2.51,2.63,2.25,2.13,0.5,2.38
HD 57707,"57707  ",35751,71.4,,1.5,1.47,1.38,0.13,1.45
HD 58781,"58781  ",36249,28.3,7.66,8.5,4.5,9.0,4.5,7.42
HD 59090,"59090  ",36339,114.3,2.58,3.36,2.75,2.32,1.04,2.75
HR 2866,"59380  ",36399,27.2,1.71,6.5,1.69,2.6,4.81,3.13
22 Lyn,"58855  ",36439,20.2,1.02,1.5,1.25,1.29,0.48,1.26
HD 59984,"59984  ",36640,27.9,10.72,9.5,8.0,9.75,2.72,9.49
HD 59747,"59747  ",36704,19.8,,,10.5,11.25,0.75,10.88
BD-02 2198,"       ",36985,14.2,,,3.5,,0.0,3.5
alf CMi,"61421  ",37279,3.5,,4.38,,2.13,2.25,3.25
HD 61632,"61632  ",37327,73.5,10.99,10.92,11.2,11.71,0.79,11.2
HD 61606,"61606  ",37349,14.2,3.02,1.99,2.59,5.29,3.31,3.22
HD 62161,"62161  ",37584,74.2,3.03,4.33,1.61,2.21,2.72,2.8
HD 62323,"62323  ",37645,50.9,4.67,9.2,,4.45,4.75,6.11
HD 63598,"63598  ",38134,50.2,,,,,,
HD 63754,"63754  ",38216,50.6,3.57,4.25,,3.75,0.68,3.86
HD 63433,"63433  ",38228,22.0,11.24,0.88,7.0,7.04,10.35,6.54
HD 64021,"64021  ",38397,110.1,2.51,3.03,2.2,1.86,1.17,2.4
HD 64090,"64090  ",38541,29.2,,9.75,,12.5,2.75,11.13
HD 64606,"64606  ",38625,20.1,,,,,,
HD 64468,"64468  ",38657,20.7,,,8.5,,0.0,8.5
HD 64815,"64815  ",38750,77.1,8.05,9.0,6.8,6.96,2.2,7.7
HD 62613,"62613  ",38784,17.2,1.4,1.36,3.3,1.73,1.94,1.95
HD 65583,"65583  ",39157,16.8,6.63,12.25,,10.25,5.62,9.71
HD 65874,"65874  ",39212,77.4,3.83,4.88,4.0,4.46,1.05,4.3
HR 3144,"66011  ",39271,63.8,,2.6,1.95,1.75,0.85,2.1
mu.02 Cnc,"67228  ",39780,23.3,5.55,6.13,7.0,6.5,1.45,6.29
psi Cnc,"67767  ",40023,41.4,,5.7,2.5,1.58,4.12,3.26
HR 3193,"67827  ",40093,48.0,,5.2,,5.5,0.3,5.35
HD 68017,"68017  ",40118,21.8,9.47,7.5,,,1.97,8.49
HD 68168,"68168  ",40133,32.9,1.05,5.36,2.77,6.03,4.97,3.8
HD 68284,"68284  ",40136,76.1,6.42,8.64,7.0,6.68,2.21,7.18
HD 68380,"68380  ",40169,68.8,2.19,1.76,1.51,1.87,0.67,1.83
HD 68638,"68638  ",40497,32.2,,,,,,
HD 69611,"69611  ",40613,48.8,,7.5,,,0.0,7.5
HD 68988,"68988  ",40687,54.5,2.5,1.8,1.55,2.28,0.95,2.03
HD 69830,"69830  ",40693,12.5,3.02,3.64,2.68,3.81,1.13,3.29
BD+01 2063,"       ",40774,22.9,5.36,9.75,3.66,4.64,6.09,5.85
chi Cnc,"69897  ",40843,18.3,2.51,7.5,2.5,5.5,5.0,4.5
HR 3271,"70110  ",40858,39.5,2.51,5.33,3.0,5.25,2.82,4.02
HD 70088,"70088  ",40942,41.9,5.85,1.18,5.13,6.19,5.01,4.58
HD 70889,"70889  ",41134,33.2,2.2,2.3,1.56,2.68,1.12,2.19
HD 70516,"70516  ",41184,37.8,2.37,5.44,3.45,3.91,3.07,3.79
HD 70923,"70923  ",41209,42.3,2.0,4.25,,6.5,4.5,4.25
1 Hya,"70958  ",41211,26.6,5.01,8.0,,,2.99,6.51
HD 71431,"71431  ",41471,73.2,4.62,7.75,4.6,5.38,3.15,5.59
HD 71148,"71148  ",41484,22.3,2.0,6.0,2.57,4.81,4.0,3.85
HD 71595,"71595  ",41569,74.1,2.41,5.17,2.4,2.53,2.77,3.13
HD 71640,"71640  ",41573,44.7,5.55,4.71,3.83,5.17,1.72,4.82
HD 71881,"71881  ",41844,41.3,2.25,7.0,6.33,8.13,5.87,5.93
HD 72659,"72659  ",42030,49.8,9.59,11.75,9.0,9.83,2.75,10.04
HD 72760,"72760  ",42074,21.1,2.19,1.78,2.4,3.42,1.64,2.45
HR 3395,"72945  ",42172,25.1,2.51,2.25,1.55,1.73,0.96,2.01
HD 72946,"72946  ",42173,26.2,2.82,2.07,1.93,3.38,1.45,2.55
V* V401 Hya,"73350  ",42333,24.0,4.97,1.26,1.26,1.5,3.72,2.25
HD 73752,"73752  ",42430,19.4,,7.0,6.5,6.75,0.5,6.75
V* pi.01 UMa,"72905  ",42438,14.4,7.13,9.0,3.5,4.44,5.5,6.02
HD 73668,"73668  ",42488,36.3,3.89,4.73,2.13,4.62,2.6,3.84
HD 73596,"73596  ",42538,123.9,0.9,1.04,0.98,0.7,0.34,0.9
HD 73393,"73393  ",42575,39.9,2.57,2.33,2.84,3.21,0.89,2.74
HD 74156,"74156  ",42723,64.4,7.94,6.65,5.0,5.56,2.94,6.29
HD 74011,"74011  ",42734,46.5,,9.5,,12.5,3.0,11.0
V* KX Cnc,"74057  ",42753,50.3,5.01,11.0,5.0,5.1,6.0,6.53
HD 75318,"75318  ",43304,35.4,6.31,12.25,11.0,,5.94,9.85
54 Cnc,"75528  ",43454,38.3,,7.67,5.67,6.17,2.0,6.5
HD 75488,"75488  ",43543,65.4,10.47,8.25,11.0,11.0,2.75,10.18
HD 75767,"75767  ",43557,24.0,1.05,5.25,2.17,5.84,4.79,3.58
rho01 Cnc,"75732  ",43587,12.3,11.49,8.1,6.5,,4.99,8.7
HD 75935,"75935  ",43670,41.4,4.31,5.44,3.04,5.3,2.4,4.52
HD 76151,"76151  ",43726,17.4,5.66,3.5,6.5,2.59,3.91,4.56
HD 76932,"76932  ",44075,21.0,,,,12.5,0.0,12.5
HD 76752,"76752  ",44089,38.5,11.48,9.5,7.0,11.25,4.48,9.81
HD 76909,"76909  ",44137,52.1,11.75,11.83,6.5,11.5,5.33,10.4
HD 77407,"77407  ",44458,30.5,7.94,2.0,1.83,3.6,6.12,3.84
HD 78366,"78366  ",44897,19.2,1.77,1.82,2.55,3.34,1.57,2.37
c UMa,"79028  ",45333,19.6,5.66,9.5,3.0,6.5,6.5,6.17
HD 79210,"79210  ",45343,5.8,,7.68,,,0.0,7.68
HD 79211,"79211  ",120005,6.4,,,,,,
HD 80372,"80372  ",45685,67.4,5.93,4.15,1.94,3.12,3.99,3.79
HD 80606,"80606  ",45982,177.6,,,,,,
HD 80607,"80607  ",45983,234.2,,,,,,
HD 81040,"81040  ",46076,33.1,8.68,11.25,4.1,5.86,7.15,7.47
HD 81809,"81809  ",46404,30.4,5.01,5.65,4.0,3.83,1.82,4.62
ome Leo,"81858  ",46454,33.2,3.22,4.25,3.5,3.41,1.03,3.59
tau01 Hya,"81997  ",46509,17.3,1.31,5.38,1.3,1.45,4.08,2.36
HR 3762,"82074  ",46543,55.6,,4.58,2.25,2.85,2.33,3.23
HD 82106,"82106  ",46580,12.9,1.21,1.21,2.59,3.23,2.02,2.06
HD 82443,"82443  ",46843,17.8,,0.95,5.19,1.62,4.24,2.58
tet UMa,"82328  ",46853,13.5,,4.5,,2.83,1.67,3.67
HD 82943,"82943  ",47007,27.5,1.42,3.75,1.84,3.86,2.44,2.72
11 LMi,"82885  ",47080,11.4,4.5,4.36,4.5,9.27,4.91,5.66
HD 84117,"84117  ",47592,15.0,1.79,2.25,2.0,2.6,0.81,2.16
HD 84703,"84703  ",48000,73.3,4.01,5.0,1.97,3.67,3.03,3.66
15 LMi,"84737  ",48113,18.4,10.0,7.63,8.0,9.0,2.38,8.66
HD 84937,"84937  ",48152,72.8,,,,,,
HR 3901,"85380  ",48351,41.8,6.31,5.42,,4.08,2.23,5.27
HD 85725,"85725  ",48468,53.9,3.16,3.69,,2.75,0.94,3.2
20 LMi,"86728  ",49081,15.0,3.16,6.04,4.75,7.25,4.09,5.3
HD 87097,"87097  ",49196,62.0,3.78,3.05,3.24,4.82,1.77,3.72
HD 87883,"87883  ",49699,18.2,5.36,7.62,3.13,10.0,6.87,6.53
HD 88133,"88133  ",49813,81.4,5.08,5.44,5.25,4.78,0.66,5.14
HD 88230,"88230  ",49908,4.9,3.23,6.45,3.64,1.06,5.38,3.59
HD 88371,"88371  ",49942,59.3,11.22,10.75,9.0,,2.22,10.32
HD 88595,"88595  ",50013,41.3,,6.5,1.8,,4.7,4.15
HD 88725,"88725  ",50139,35.4,11.49,1.36,11.5,,10.14,8.12
HD 88737,"88737  ",50174,56.8,2.05,2.44,2.15,2.08,0.39,2.18
24 LMi,"88986  ",50316,33.2,8.81,11.0,10.0,9.63,2.19,9.86
35 Leo,"89010  ",50319,31.2,7.13,7.4,5.67,6.75,1.73,6.74
39 Leo,"89125  ",50384,22.8,6.31,4.56,2.5,,3.81,4.46
HD 89269,"89269  ",50505,20.2,4.2,3.88,4.9,4.56,1.03,4.38
HD 89319,"89319  ",50546,44.4,2.51,3.75,7.0,7.19,4.68,5.11
40 Leo,"89449  ",50564,21.4,3.57,,1.4,,2.17,2.49
HR 4051,"89389  ",50606,31.1,7.74,8.5,8.0,,0.76,8.08
HD 89744,"89744  ",50786,39.4,3.16,3.33,1.8,2.42,1.53,2.68
HD 90508,"90508  ",51248,22.9,7.94,7.75,7.0,9.75,2.75,8.11
36 UMa,"90839  ",51459,12.8,2.58,1.36,1.58,3.7,2.34,2.3
HD 90875,"90875  ",51468,23.4,,10.0,,,0.0,10.0
BD+46 1635,"       ",51525,15.7,5.36,4.01,,,1.35,4.69
38 LMi,"92168  ",52139,52.3,2.51,2.75,1.98,2.0,0.78,2.31
33 Sex,"92588  ",52316,36.8,3.98,4.5,4.0,3.7,0.8,4.05
HD 92788,"92788  ",52409,35.5,8.85,4.93,5.5,7.83,3.93,6.78
HD 93215,"93215  ",52667,48.2,1.21,1.58,1.25,3.65,2.44,1.92
HD 94132,"94132  ",53257,44.3,,2.75,2.0,2.38,0.75,2.38
HD 94765,"94765  ",53486,17.3,5.36,3.11,4.69,4.79,2.25,4.49
HD 94915,"94915  ",53549,67.4,2.49,3.22,3.28,8.22,5.73,4.3
BD-10 3166,"       ",,65.2,4.16,2.24,2.25,4.56,2.32,3.3
47 UMa,"95128  ",53721,14.1,1.74,4.38,2.96,4.13,2.64,3.3
HR 4285,"95241  ",53791,44.3,3.98,4.75,4.0,3.65,1.1,4.1
V* DS Leo,"95650  ",53985,11.8,,,,,,
HD 96276,"96276  ",54242,58.4,3.57,4.53,2.75,5.0,2.25,3.96
HD 97100,"97100  ",,,,,,,,
HD 97101,"97101  ",54646,11.9,5.36,2.57,,,2.79,3.96
HD 97334,"97334  ",54745,21.9,4.03,1.95,2.02,3.0,2.08,2.75
HD 97503,"97503  ",54810,18.3,5.36,2.53,9.0,5.79,6.47,5.67
HD 97658,"97658  ",54906,21.1,11.49,,10.0,9.75,1.74,10.41
HD 97584,"97584  ",54952,14.6,3.19,2.02,7.5,5.29,5.48,4.5
ksi UMa B,"98230  ",,8.8,5.81,4.98,6.69,,1.71,5.83
HD 98388,"98388  ",55262,44.0,1.28,1.02,1.15,1.67,0.65,1.28
HD 98630,"98630  ",55427,114.5,2.71,3.59,2.93,3.12,0.88,3.09
HD 98712,"98712  ",55454,13.2,0.63,1.28,4.44,5.09,4.46,2.86
HD 98618,"98618  ",55459,40.1,2.84,7.2,7.33,8.6,5.76,6.49
HD 98800,"98800  ",55505,44.9,,,,,,
HD 98823,"98823  ",55549,99.5,1.48,1.92,1.55,1.25,0.67,1.55
83 Leo,"99491  ",55846,17.7,7.94,6.17,5.75,12.5,6.75,8.09
83 Leo B,"99492  ",55848,18.0,6.3,2.03,4.21,4.44,4.27,4.24
HD 99747,"99747  ",56035,33.3,3.53,4.38,,3.25,1.13,3.72
88 Leo,"100180 ",56242,23.3,2.56,3.96,2.78,2.77,1.4,3.02
17 Crt B,"100286 ",,,3.67,8.31,2.0,2.25,6.31,4.06
17 Crt A,100286J,56280,26.3,3.95,4.44,2.0,2.5,2.44,3.22
89 Leo,"100563 ",56445,27.2,1.13,1.17,0.98,0.93,0.24,1.05
HD 101177,"101177 ",56809,23.3,1.21,3.32,2.39,3.67,2.46,2.65
V* MV UMa,"101206 ",56829,19.9,,,,,,
61 UMa,"101501 ",56997,9.6,1.62,1.65,3.37,2.37,1.75,2.25
HD 101563,"101563 ",57001,43.3,5.66,7.33,5.5,5.5,1.83,6.0
HD 101959,"101959 ",57217,32.6,0.92,1.66,2.36,3.43,2.51,2.09
HD 102158,"102158 ",57349,49.3,,7.5,11.0,,3.5,9.25
bet Vir,"102870 ",57757,10.9,3.82,5.33,,4.08,1.51,4.41
HD 103095,"103095 ",57939,9.1,5.36,5.18,,5.29,0.19,5.28
HD 103932,"103932 ",58345,10.2,10.48,9.75,12.0,,2.25,10.74
HD 104304,"104304 ",58576,12.8,9.16,3.94,3.74,8.27,5.42,6.28
alf Crv,"105452 ",59199,14.9,1.58,,1.2,1.25,0.38,1.34
HD 105631,"105631 ",59280,24.5,5.39,3.54,2.45,5.46,3.0,4.21
HD 238087,"238087 ",59496,28.0,,,,,,
V* GM Com,"106103 ",59527,85.0,1.23,1.27,1.28,1.25,0.05,1.26
HD 106116,"106116 ",59532,34.9,8.15,8.75,6.0,10.75,4.75,8.41
HD 106252,"106252 ",59610,37.7,0.71,5.08,2.28,7.38,6.66,3.86
HD 106516,"106516 ",59750,22.4,1.94,6.5,4.06,2.61,4.56,3.78
HD 106640,"106640 ",59806,89.9,10.31,4.46,9.0,10.21,5.86,8.5
HD 106691,"106691 ",59833,102.4,1.77,5.04,1.31,2.13,3.73,2.56
9 Com,"107213 ",60098,54.5,,2.5,2.5,2.45,0.05,2.48
HD 107611,"107611 ",60304,99.1,2.24,6.63,1.62,1.28,5.35,2.94
17 Vir,"107705 ",60353,29.9,3.16,3.75,1.3,2.32,2.45,2.63
HD 108799,"108799 ",60994,24.6,3.05,6.25,2.25,7.5,5.25,4.76
HD 108874,"108874 ",61028,62.6,,7.26,6.83,11.13,4.29,8.41
HD 108954,"108954 ",61053,21.8,2.2,2.53,1.56,3.62,2.05,2.48
HD 109057,"109057 ",61153,63.8,2.14,4.53,3.83,5.68,3.54,4.05
bet CVn,"109358 ",61317,8.4,5.01,4.5,3.5,7.25,3.75,5.07
HD 110315,"110315 ",61901,14.2,5.36,8.75,11.5,,6.14,8.54
gam Vir A,"110379 ",61941,11.8,0.71,0.84,1.1,0.65,0.45,0.83
HD 110463,"110463 ",61946,23.4,2.57,2.3,2.59,5.29,2.99,3.19
HD 110745,"110745 ",62129,96.0,1.94,2.09,1.51,2.46,0.96,2.0
HD 110833,"110833 ",62145,14.9,5.36,5.15,2.96,,2.4,4.49
HD 110869,"110869 ",62175,46.3,1.05,3.84,1.68,5.35,4.3,2.98
10 CVn,"110897 ",62207,17.4,6.31,8.0,5.42,7.12,2.58,6.71
HD 111069,"111069 ",62350,65.4,3.62,3.81,2.88,4.15,1.27,3.62
HR 4867,"111456 ",62512,24.0,1.75,3.67,1.85,2.16,1.91,2.36
HR 4864,"111395 ",62523,16.9,4.2,2.29,4.9,3.16,2.61,3.64
HD 111513,"111513 ",62527,38.1,2.25,5.0,3.0,7.17,4.91,4.36
HD 111540,"111540 ",62606,90.7,3.76,5.44,3.8,5.11,1.68,4.53
HD 111799,"111799 ",62800,56.2,2.32,5.44,3.19,4.7,3.11,3.91
HD 112068,"112068 ",62839,70.8,10.0,9.25,6.0,9.5,4.0,8.69
HD 112257,"112257 ",63048,42.8,10.09,10.25,7.0,10.0,3.25,9.34
HD 112758,"112758 ",63366,20.9,1.88,1.75,,,0.13,1.82
HD 113470,"113470 ",63778,70.9,4.54,7.75,5.0,8.2,3.66,6.37
HD 113713,"113713 ",63878,91.0,4.61,7.1,5.0,4.75,2.49,5.37
alf Com A,"114378 ",64241,19.6,4.86,7.15,3.25,5.0,3.9,5.06
bet Com,"114710 ",64394,9.1,2.03,1.79,2.55,3.47,1.68,2.46
HD 114762,"114762 ",64426,38.7,,8.0,11.0,,3.0,9.5
HD 114783,"114783 ",64457,20.5,7.54,3.52,6.0,5.51,4.02,5.64
55 Vir,"114946 ",64577,39.0,1.58,6.58,3.0,3.75,5.0,3.73
HD 115274,"115274 ",64733,125.0,2.97,4.33,3.17,3.19,1.35,3.41
e Vir,"115383 ",64792,17.6,10.0,,,8.0,2.0,9.0
HD 115404A,115404A,64797,11.1,11.75,,9.5,6.6,5.16,9.28
HD 115404B,115404B,,,,,,,,
61 Vir,"115617 ",64924,8.6,4.12,6.38,2.21,8.39,6.18,5.27
HD 115953,"115953 ",65026,10.7,,,,,,
HD 116442,"116442 ",65352,15.4,,4.78,8.0,1.05,6.95,4.61
HD 116956,"116956 ",65515,21.6,5.85,4.89,3.66,5.29,2.18,4.92
HD 117043,"117043 ",65530,21.2,,9.14,6.33,10.9,4.57,8.79
70 Vir,"117176 ",65721,18.0,9.47,9.5,9.0,8.5,1.0,9.12
HD 117845,"117845 ",65971,45.0,4.79,2.31,3.48,5.36,3.05,3.99
HD 117635,"117635 ",65982,30.7,,,,,,
HD 118203,"118203 ",66192,88.6,4.5,4.98,4.2,5.13,0.93,4.7
HD 118096,"118096 ",66193,22.4,,,1.07,,0.0,1.07
HD 119332,"119332 ",66781,24.6,8.69,6.02,6.0,5.47,3.21,6.54
BD+18 2776,"       ",67090,13.2,,,8.5,,0.0,8.5
HD 119802,"119802 ",67105,21.0,1.92,1.45,5.16,4.02,3.71,3.14
HD 120066,"120066 ",67246,31.7,10.24,4.25,,8.5,5.99,7.66
tau Boo,"120136 ",67275,15.6,2.0,0.88,0.6,0.94,1.4,1.1
GJ 528 A,120476A,67422,13.4,,,,,,
GJ 528 B,120476B,,,,11.25,,,0.0,11.25
HD 120467,"120467 ",67487,14.3,,9.25,,,0.0,9.25
HD 120690,"120690 ",67620,19.5,5.01,11.5,7.0,,6.49,7.84
HD 120730,"120730 ",67661,77.0,5.16,4.82,3.65,5.29,1.65,4.73
HD 234078,"234078 ",67691,14.2,5.36,1.75,,,3.61,3.56
eta Boo,"121370 ",67927,11.4,2.0,2.63,2.5,2.25,0.63,2.34
HD 122064,"122064 ",68184,10.1,5.36,5.33,3.91,11.5,7.59,6.52
HD 122120,"122120 ",68337,24.8,,,,,,
HR 5258,"122106 ",68380,77.5,1.75,2.08,2.0,1.63,0.46,1.86
HD 122303,"122303 ",68469,10.0,,,,,,
HD 122967,"122967 ",68623,116.7,1.02,2.37,0.99,0.76,1.61,1.28
HD 122742,"122742 ",68682,17.0,6.31,12.25,8.0,12.5,6.19,9.76
HR 5307,"124115 ",69340,44.4,,,1.03,,0.0,1.03
HD 124292,"124292 ",69414,22.1,5.81,5.28,6.0,8.0,2.72,6.27
HR 5317,"124425 ",69493,59.4,1.89,2.08,1.95,1.75,0.33,1.92
HD 124642,"124642 ",69526,17.4,5.36,6.89,4.54,5.29,2.35,5.52
14 Boo,"124570 ",69536,33.9,,4.0,,3.25,0.75,3.63
HD 124553,"124553 ",69564,42.9,,4.75,,3.5,1.25,4.13
HR 5335,"124755 ",69569,45.8,12.02,,,7.25,4.77,9.64
iot Vir,"124850 ",69701,22.2,2.25,3.5,2.15,2.38,1.35,2.57
HD 125040,"125040 ",69751,32.6,2.0,2.33,2.0,1.63,0.7,1.99
HD 125184,"125184 ",69881,32.5,,7.75,6.67,8.75,2.08,7.72
BD+30 2512,"       ",70218,14.3,1.72,0.65,5.8,4.49,5.15,3.16
HR 5387,"126141 ",70310,36.5,0.71,1.05,1.8,2.0,1.29,1.39
HD 126053,"126053 ",70319,17.2,11.24,1.72,9.0,10.56,9.52,8.13
tet Boo,"126660 ",70497,14.5,1.58,6.25,,3.67,4.67,3.83
phi Vir,"126868 ",70755,36.3,1.58,2.06,1.8,,0.48,1.82
HD 127334,"127334 ",70873,23.7,,9.67,10.0,,0.33,9.83
HD 128165,"128165 ",71181,13.2,5.36,5.72,5.08,5.99,0.9,5.54
sig Boo,"128167 ",71284,15.8,2.0,3.5,1.7,1.92,1.8,2.28
HD 128311,"128311 ",71395,16.5,6.35,4.81,6.03,5.97,1.54,5.79
HD 128429,"128429 ",71469,32.2,3.95,4.42,1.4,2.63,3.02,3.1
HD 129132,"129132 ",71729,116.3,1.0,1.08,1.03,0.75,0.33,0.96
HD 129290,"129290 ",71819,70.1,5.55,8.0,9.67,11.5,5.95,8.68
HD 129829,"129829 ",72134,57.4,2.69,2.28,2.28,3.81,1.54,2.76
HD 130087,"130087 ",72190,58.8,5.66,,5.0,4.05,1.61,4.9
HR 5504,"129980 ",72217,41.3,5.01,4.33,5.0,4.25,0.76,4.65
HD 130307,"130307 ",72312,19.4,,,10.0,9.25,0.75,9.63
HD 130322,"130322 ",72339,31.7,3.02,1.86,3.59,3.34,1.73,2.95
HD 130948,"130948 ",72567,18.2,1.21,3.33,1.73,2.83,2.12,2.28
HD 133002,"133002 ",72573,43.3,2.51,3.63,2.5,1.75,1.88,2.6
ksi Boo B,131156B,,6.7,,,,,,
ksi Boo B,131156B,,6.7,,,,,,
ksi Boo A,131156A,72659,6.7,5.01,5.83,5.0,11.25,6.25,6.77
ksi Boo A,131156A,72659,6.7,12.02,0.58,8.0,11.5,11.45,8.02
CCDM J14534+1542AB,"131473 ",72846,47.6,4.46,3.75,1.8,3.25,2.66,3.32
V* DE Boo,"131511 ",72848,11.5,6.71,5.29,3.95,5.44,2.76,5.35
HD 132142,"132142 ",73005,23.4,0.79,0.95,11.5,,10.71,4.41
HD 132254,"132254 ",73100,25.1,4.54,5.38,1.5,2.25,3.88,3.42
HD 131976,"131976 ",73182,5.9,,,,,,
HD 131977,"131977 ",73184,5.8,5.36,8.65,9.5,,4.14,7.84
HD 132375,"132375 ",73309,33.8,3.14,2.75,1.6,2.0,1.54,2.37
HD 133161,"133161 ",73593,36.8,2.0,4.25,1.7,4.56,2.86,3.13
i Boo A,133640A,73695,12.5,,,,,,
i Boo B,133640B,,,,,,,,
HR 5630,"134044 ",73941,29.8,3.16,2.5,1.66,2.55,1.5,2.47
c Boo,"134083 ",73996,19.6,1.58,1.69,1.3,1.38,0.39,1.49
HD 135101,"135101 ",74432,27.2,,11.0,,11.5,0.5,11.25
HD 135101B,135101B,74434,46.5,10.3,10.79,9.7,10.82,1.12,10.4
HD 135145,"135145 ",74442,79.8,9.0,10.08,10.0,9.79,1.08,9.72
23 Lib,"134987 ",74500,26.2,,6.25,,8.0,1.75,7.13
HD 135204,"135204 ",74537,17.7,5.41,7.25,3.04,5.67,4.21,5.34
HD 136064,"136064 ",74605,25.3,3.57,5.67,3.83,3.92,2.1,4.25
HD 135599,"135599 ",74702,15.8,,,9.0,10.75,1.75,9.88
HD 136231,"136231 ",74933,78.6,8.67,9.75,8.5,11.11,2.61,9.51
HD 136118,"136118 ",74948,46.6,,10.67,,4.44,6.23,7.55
5 Ser,"136202 ",74975,25.4,4.5,5.85,2.5,3.33,3.35,4.04
HR 5706,"136442 ",75101,35.1,10.0,8.2,12.0,11.5,3.8,10.43
eta CrB A,"137107 ",75312,17.9,3.02,3.12,1.69,2.65,1.43,2.62
eta CrB B,"137108 ",,,3.02,4.41,1.98,3.04,2.43,3.11
51 Boo Bn,"137392 ",75415,36.1,4.05,2.64,5.63,3.97,2.98,4.07
51 Boo Bs,"137392 ",,,1.86,4.06,1.7,3.8,2.36,2.86
HR 5740,"137510 ",75535,41.3,,4.5,2.75,4.0,1.75,3.75
HD 139777,"139777 ",75809,21.8,1.88,1.75,2.57,4.47,2.72,2.67
HD 139813,"139813 ",75829,21.5,,0.83,10.0,0.8,9.2,3.88
HD 139323,"139323 ",76375,22.4,,9.3,8.86,,0.44,9.08
HD 140283,"140283 ",76976,58.3,11.75,,,,0.0,11.75
psi Ser,"140538 ",77052,14.7,3.92,4.42,5.57,4.02,1.65,4.48
HD 140913,"140913 ",77152,44.9,7.13,5.26,3.63,4.19,3.5,5.05
lam Ser,"141004 ",77257,12.1,8.64,12.0,9.0,10.5,3.36,10.03
HD 141715,"141715 ",77584,63.6,5.55,7.75,7.0,8.75,3.2,7.26
kap CrB,"142091 ",77655,30.5,4.41,3.5,5.0,4.38,1.5,4.32
HD 141937,"141937 ",77740,32.3,3.82,2.47,2.31,3.61,1.51,3.05
chi Her,"142373 ",77760,15.9,9.44,11.0,,8.42,2.58,9.62
39 Ser,"142267 ",77801,17.3,5.02,2.28,7.67,10.71,8.43,6.42
gam Ser,"142860 ",78072,11.3,6.39,6.88,,6.0,0.88,6.42
49 Lib,"143333 ",78400,35.2,3.16,4.5,2.25,2.89,2.25,3.2
rho CrB,"143761 ",78459,17.2,,,12.0,12.5,0.5,12.25
tet Dra,"144284 ",78527,21.0,2.03,2.7,2.3,2.33,0.67,2.34
HD 144287,"144287 ",78709,22.2,10.73,,6.5,,4.23,8.61
HD 144579,"144579 ",78775,14.5,,,,,,
HD 144585,"144585 ",78955,27.1,5.55,8.0,,7.0,2.45,6.85
HD 145148,"145148 ",79137,28.3,6.31,6.8,6.0,7.4,1.4,6.63
HD 145435,"145435 ",79152,37.4,,9.5,,,0.0,9.5
14 Her,"145675 ",79248,17.6,,9.94,8.5,,1.44,9.22
HD 145729,"145729 ",79327,43.1,2.56,3.96,2.78,4.27,1.72,3.39
sig CrB B,"146362 ",,,4.05,7.25,1.93,1.97,5.32,3.8
sig CrB A,146361A,79607,21.1,9.25,9.25,10.0,10.5,1.25,9.75
18 Sco,"146233 ",79672,13.9,5.01,3.5,5.33,3.22,2.11,4.27
eta UMi,"148048 ",79822,29.7,2.05,4.75,1.0,2.25,3.75,2.51
HD 146946,"146946 ",79837,28.5,,8.5,,,0.0,8.5
HD 147044,"147044 ",79862,37.8,8.12,3.77,5.5,3.3,4.83,5.17
HD 147681,"147681 ",80355,73.1,2.91,3.46,1.73,2.53,1.73,2.66
HR 6105,"147722 ",80399,33.1,9.25,11.5,5.5,7.5,6.0,8.44
HR 6106,"147723 ",,,6.31,5.65,4.33,5.17,1.98,5.36
HD 149026,"149026 ",80838,79.4,5.66,3.92,4.0,4.46,1.74,4.51
HD 150706,"150706 ",80902,28.2,4.03,2.16,1.75,3.63,2.28,2.89
HD 149143,"149143 ",81022,62.0,8.69,10.0,9.0,10.21,1.52,9.48
w Her,"157214 ",84862,14.3,7.94,7.25,11.0,,3.75,8.73
12 Oph,"149661 ",81300,9.8,2.19,2.01,1.73,3.62,1.88,2.39
zet Her,"150680 ",81693,10.7,,3.56,,2.69,0.88,3.13
HD 150933,"150933 ",81880,44.1,1.28,3.25,1.38,3.25,1.97,2.29
HD 151426,"151426 ",81947,51.3,9.1,10.0,,9.25,0.9,9.45
HD 151288,"151288 ",82003,9.8,,,5.36,5.93,0.57,5.65
HD 151450,"151450 ",82233,42.1,1.67,4.11,1.86,3.12,2.44,2.69
HD 152391,"152391 ",82588,17.3,5.28,4.98,3.63,4.66,1.66,4.64
HR 6269,"152311 ",82621,26.9,9.47,7.75,9.0,8.42,1.72,8.66
HD 152792,"152792 ",82636,48.0,,8.6,7.0,6.75,1.85,7.45
HR 6301,"153226 ",82989,61.1,2.99,2.5,1.97,2.5,1.02,2.49
HD 153525,"153525 ",83006,17.8,1.21,1.45,2.59,3.42,2.21,2.17
HD 154160,"154160 ",83435,36.3,,6.67,6.0,6.67,0.67,6.44
HD 154578,"154578 ",83517,71.8,6.39,5.67,,,0.73,6.03
HD 154363,"154363 ",83591,10.7,5.36,2.42,,,2.94,3.89
V* V2213 Oph,"154417 ",83601,20.7,2.56,3.96,3.08,2.68,1.4,3.07
HD 154931,"154931 ",83863,55.9,5.81,9.93,6.5,6.7,4.12,7.23
HR 6372,"154962 ",83906,34.9,5.01,5.31,6.0,6.75,1.74,5.77
HD 155712,"155712 ",84195,21.0,5.36,6.2,8.0,5.97,2.64,6.38
BD+29 2963,"       ",84309,67.0,9.98,12.25,8.67,12.0,3.58,10.72
36 Oph A,"155886 ",84405,5.5,5.36,4.7,4.75,4.64,0.72,4.86
36 Oph B,"155885 ",,6.0,1.46,9.25,3.13,4.72,7.79,4.64
V* V2215 Oph,"156026 ",84478,6.0,,0.84,3.99,1.28,3.15,2.03
HD 156062,"156062 ",84497,58.5,6.03,5.31,2.33,3.25,3.69,4.23
HD 156985,"156985 ",84616,18.3,5.9,7.07,3.99,10.0,6.01,6.74
HD 156826,"156826 ",84801,49.7,2.51,4.88,2.75,2.5,2.38,3.16
HD 156968,"156968 ",84824,49.5,8.01,4.94,2.61,6.05,5.4,5.4
HD 156846,"156846 ",84856,47.6,3.16,4.67,5.0,4.38,1.84,4.3
HD 157089,"157089 ",84905,36.3,,,12.0,,0.0,12.0
V* V819 Her,"157482 ",84949,74.0,1.0,1.0,1.1,0.7,0.4,0.95
HR 6465,"157347 ",85042,19.5,2.2,5.63,2.66,6.57,4.37,4.26
HD 158633,"158633 ",85235,12.8,8.13,,6.5,7.18,1.63,7.27
HD 157881,"157881 ",85295,7.7,5.36,1.52,,,3.84,3.44
HD 159062,"159062 ",85653,22.3,10.99,7.5,,,3.49,9.24
HD 158614,"158614 ",85667,16.3,,12.5,,12.0,0.5,12.25
HD 159222,"159222 ",85810,23.9,1.05,5.33,2.33,5.92,4.86,3.66
HD 159482,"159482 ",86013,51.6,11.49,12.5,11.5,12.5,1.01,12.0
26 Dra,"160269 ",86036,14.2,8.52,4.75,2.36,4.05,6.16,4.92
HD 160964,"160964 ",86141,19.4,1.0,0.95,6.19,1.97,5.25,2.53
HD 160933,"160933 ",86184,45.7,5.1,5.83,5.0,4.6,1.23,5.13
HD 160346,"160346 ",86400,11.0,12.02,,7.5,,4.52,9.76
psi01 Dra A,"162003 ",86614,22.8,2.51,4.25,,,1.74,3.38
psi01 Dra B,"162004 ",86620,23.1,2.51,4.58,1.55,2.19,3.03,2.71
84 Her,"161239 ",86731,39.1,,3.67,,2.88,0.79,3.27
HD 161098,"161098 ",86765,30.2,11.24,0.75,8.25,10.25,10.49,7.62
mu. Her,"161797 ",86974,8.3,,8.5,6.5,8.75,2.25,7.92
HD 163183,"163183 ",87079,40.3,0.82,2.11,3.33,5.13,4.31,2.84
HD 162826,"162826 ",87382,33.6,1.02,3.88,1.7,3.5,2.86,2.52
GJ 697,"       ",87579,24.4,,1.02,1.73,1.39,0.72,1.38
HD 163492,"163492 ",87841,64.7,2.34,5.67,3.18,4.76,3.32,3.99
V* V566 Oph,"163611 ",87860,75.6,4.36,6.9,,4.83,2.54,5.36
HD 163840,"163840 ",87895,28.2,,,11.0,10.33,0.67,10.67
HD 164595,"164595 ",88194,28.4,1.05,6.5,2.85,5.46,5.45,3.96
HD 164507,"164507 ",88217,44.6,3.98,5.58,4.0,3.46,2.12,4.26
HD 164651,"164651 ",88324,33.0,2.21,7.25,2.03,7.15,5.22,4.66
HD 165173,"165173 ",88511,31.9,2.19,1.67,3.56,3.23,1.88,2.66
70 Oph A,165341A,88601,5.1,8.68,10.31,7.0,,3.31,8.66
HD 165401,"165401 ",88622,23.9,5.22,2.33,8.5,10.86,8.53,6.73
HD 165590,"165590 ",88637,39.4,10.24,10.75,10.5,11.5,1.26,10.75
HD 165476,"165476 ",88644,47.2,5.55,8.25,7.0,9.5,3.95,7.58
HR 6756,"165438 ",88684,36.8,5.78,4.75,7.0,5.25,2.25,5.69
HD 165672,"165672 ",88724,46.1,1.94,2.14,1.65,3.39,1.74,2.28
HD 165670,"165670 ",88728,40.4,1.79,3.56,1.7,2.5,1.86,2.39
b Her,"165908 ",88745,15.6,5.01,8.25,,10.83,5.82,8.03
HD 166435,"166435 ",88945,24.8,4.42,2.7,2.39,3.65,2.03,3.29
HD 166183,"166183 ",88958,87.8,,7.0,1.8,3.31,5.2,4.04
HR 6806,"166620 ",88972,11.0,5.36,3.88,2.88,5.29,2.48,4.35
HD 166601,"166601 ",89014,87.0,5.01,6.1,,3.64,2.46,4.92
36 Dra,"168151 ",89348,22.9,3.98,5.0,,3.44,1.56,4.14
HD 167278,"167278 ",89393,114.4,2.17,3.28,2.37,2.31,1.11,2.53
HD 167588,"167588 ",89408,42.3,7.94,8.88,7.0,6.8,2.08,7.65
HR 6847,"168009 ",89474,22.8,2.51,8.0,3.0,7.67,5.49,5.29
V* V2502 Oph,"167858 ",89601,63.3,2.84,3.5,,2.21,1.29,2.85
HD 167665,"167665 ",89620,30.5,6.65,,,4.75,1.9,5.7
HD 168443,"168443 ",89844,37.4,10.72,10.5,11.0,11.0,0.5,10.8
chi Dra,"170153 ",89937,8.1,12.02,4.63,10.0,10.5,7.4,9.29
eta Ser,"168723 ",89962,18.5,1.26,4.94,1.2,3.38,3.74,2.69
HD 168746,"168746 ",90004,42.7,5.01,12.0,7.5,12.0,6.99,9.13
HD 169822,"169822 ",90355,28.9,8.13,11.5,3.42,5.29,8.08,7.09
HD 170008,"170008 ",90427,80.3,5.01,,11.5,,6.49,8.26
HR 6907,"169830 ",90485,36.6,,,,3.25,0.0,3.25
HD 170291,"170291 ",90532,62.9,1.31,6.85,3.25,3.75,5.54,3.79
HD 170778,"170778 ",90586,36.3,2.74,2.1,2.21,3.63,1.52,2.67
HD 170512,"170512 ",90621,61.5,1.02,1.54,1.15,2.19,1.17,1.48
HD 170579,"170579 ",90657,72.9,2.2,6.06,3.2,2.75,3.86,3.55
HD 170829,"170829 ",90729,34.6,10.22,10.5,8.0,9.36,2.5,9.52
HD 170657,"170657 ",90790,13.3,8.6,,9.0,6.24,2.76,7.95
HD 171314,"171314 ",90959,23.0,5.36,8.53,12.0,,6.64,8.63
HD 171706,"171706 ",91215,64.1,8.93,10.75,6.25,9.36,4.5,8.82
HD 171888,"171888 ",91281,53.5,4.21,7.35,4.0,3.97,3.38,4.88
HD 171951,"171951 ",91291,75.1,6.39,9.65,6.5,6.9,3.26,7.36
HD 171953,"171953 ",91300,124.5,2.2,3.21,2.46,2.33,1.02,2.55
HD 172051,"172051 ",91438,13.1,9.84,12.0,7.2,8.5,4.8,9.39
HD 172675,"172675 ",91645,39.0,,1.27,2.75,3.8,2.53,2.61
HD 172718,"172718 ",91649,92.5,4.05,6.0,5.0,5.17,1.95,5.05
HD 172961,"172961 ",91766,61.4,1.53,1.67,1.98,2.18,0.65,1.84
HD 173605,"173605 ",91773,65.7,11.49,11.17,9.67,10.64,1.82,10.74
HD 173174,"173174 ",91889,85.5,4.83,5.55,4.4,5.39,1.15,5.04
110 Her,"173667 ",92043,19.2,,4.33,,2.83,1.5,3.58
HD 173634,"173634 ",92078,110.5,1.89,2.61,1.9,1.61,1.0,2.0
HD 173818,"173818 ",92200,14.3,,10.25,3.74,5.29,6.51,6.43
HR 7079,"174160 ",92270,28.8,2.86,3.75,1.6,1.46,2.29,2.42
HD 174080,"174080 ",92283,16.9,5.36,7.09,4.54,5.29,2.56,5.57
HD 175225,"175225 ",92549,25.7,5.1,6.45,5.5,5.08,1.37,5.53
HD 174719,"174719 ",92569,28.4,11.24,0.83,7.0,10.5,10.4,7.39
HD 175290,"175290 ",92666,91.2,4.61,5.0,5.5,4.75,0.89,4.97
HD 175272,"175272 ",92794,88.5,2.84,4.56,1.2,2.38,3.36,2.74
V* V1709 Aql,"175337 ",92837,83.2,1.26,3.75,0.9,0.96,2.85,1.72
HD 175726,"175726 ",92984,26.5,5.66,7.25,2.75,3.54,4.5,4.8
HD 175805,"175805 ",93016,126.6,1.75,2.28,2.11,1.92,0.53,2.02
HD 176051,"176051 ",93017,14.9,10.72,4.38,1.42,7.5,9.3,6.0
HD 175806,"175806 ",93028,128.4,1.89,2.66,2.0,1.75,0.91,2.08
HD 176377,"176377 ",93185,23.8,,3.39,6.0,8.0,4.61,5.8
HD 176118,"176118 ",93190,86.1,2.03,4.94,1.0,2.35,3.94,2.58
11 Aql,"176303 ",93203,48.4,,2.25,1.8,1.5,0.75,1.85
HD 176367,"176367 ",93375,58.8,2.57,5.84,1.53,2.22,4.32,3.04
HD 177830,"177830 ",93746,59.0,4.74,6.44,6.0,9.5,4.76,6.67
HD 177749,"177749 ",93772,65.9,3.44,3.63,3.0,2.68,0.95,3.18
HD 177904,"177904 ",93822,105.6,1.71,2.58,1.45,1.6,1.13,1.83
HD 178126,"178126 ",93871,24.8,5.36,1.45,8.5,5.29,7.05,5.15
HD 178428,"178428 ",93966,21.4,12.02,10.0,,,2.02,11.01
HD 178911B,178911B,94075,42.6,5.16,4.61,3.06,5.52,2.46,4.59
HD 178911,"178911 ",94076,52.3,4.49,5.28,4.63,4.54,0.79,4.73
HD 179957,"179957 ",,,2.76,5.95,4.15,6.8,4.04,4.91
HD 179958,"179958 ",,24.9,2.25,6.75,3.0,7.17,4.91,4.79
HD 180161,"180161 ",94346,20.0,3.23,2.58,2.84,4.63,2.06,3.32
HR 7291,"179949 ",94645,27.5,3.16,1.36,1.55,1.67,1.8,1.94
HD 181096,"181096 ",94755,42.0,3.56,5.05,4.0,3.63,1.49,4.06
HD 180945,"180945 ",94873,65.1,,6.5,2.5,3.13,4.0,4.04
BD+41 3306,"       ",94931,35.7,,7.88,,,0.0,7.88
HD 181655,"181655 ",94981,25.4,8.64,11.0,,11.5,2.86,10.38
HD 181420,"181420 ",95055,47.5,0.63,4.75,1.2,1.0,4.12,1.9
HD 181806,"181806 ",95202,97.7,3.09,4.5,3.0,2.56,1.94,3.29
HD 182274,"182274 ",95293,57.6,2.6,2.58,4.0,4.75,2.17,3.48
HD 182488,"182488 ",95319,15.8,6.42,7.72,5.31,10.58,5.27,7.51
HD 182736,"182736 ",95362,57.6,,6.08,,3.38,2.71,4.73
b Aql,"182572 ",95447,15.2,,10.0,7.0,12.0,5.0,9.67
HD 182905,"182905 ",95622,68.5,9.87,10.14,8.6,9.08,1.54,9.42
HD 183263,"183263 ",95740,55.1,2.51,2.96,3.06,5.32,2.81,3.46
HD 183341,"183341 ",95772,45.4,2.0,7.58,5.0,7.33,5.59,5.48
HD 183658,"183658 ",95962,31.3,5.25,1.73,2.9,4.46,3.52,3.58
HD 231701,"231701 ",96078,118.5,2.56,4.44,2.44,3.46,1.99,3.22
HD 184151,"184151 ",96081,87.1,2.05,2.8,2.27,2.13,0.75,2.31
HD 183870,"183870 ",96085,17.6,,1.02,1.26,1.17,0.24,1.15
sig Dra,"185144 ",96100,5.8,5.63,12.0,4.58,6.11,7.42,7.08
HD 184152,"184152 ",96142,78.3,9.28,8.08,7.82,9.0,1.46,8.54
HD 184499,"184499 ",96185,31.9,,,12.0,,0.0,12.0
HD 184960,"184960 ",96258,25.1,2.82,7.33,1.28,,6.05,3.81
HD 184489,"184489 ",96285,14.4,,,,5.29,0.0,5.29
HR 7438,"184663 ",96351,40.0,0.81,1.97,1.13,1.15,1.16,1.27
HD 184509,"184509 ",96370,32.0,3.98,3.75,3.0,3.88,0.98,3.65
HD 184700,"184700 ",96379,76.9,10.0,9.25,10.0,11.0,1.75,10.06
HD 185414,"185414 ",96395,24.1,2.65,3.38,2.9,4.11,1.46,3.26
HD 184768,"184768 ",96402,38.6,5.01,11.5,10.0,11.0,6.49,9.38
HD 185269,"185269 ",96507,50.3,3.16,4.42,3.0,4.13,1.42,3.68
16 Cyg A,"186408 ",96895,21.1,5.55,7.75,4.0,8.75,4.75,6.51
16 Cyg B,"186427 ",96901,21.2,3.16,7.5,5.0,8.75,5.59,6.1
HD 186104,"186104 ",96948,41.2,2.84,7.2,5.0,8.75,5.91,5.95
HD 186226,"186226 ",96979,66.4,3.44,3.75,2.75,2.52,1.23,3.11
HD 332612,"332612 ",97012,98.2,4.46,8.77,4.25,4.64,4.52,5.53
HD 186379,"186379 ",97023,44.4,9.44,9.38,8.5,8.3,1.14,8.9
HR 7522,"186760 ",97033,44.2,4.5,4.67,5.0,4.38,0.63,4.63
HD 186413,"186413 ",97105,62.9,9.59,10.17,6.0,8.25,4.17,8.5
HD 332518,"332518 ",97223,20.3,,,3.73,,0.0,3.73
HD 187123,"187123 ",97336,48.3,3.16,7.25,7.0,8.17,5.0,6.39
alf Aql,"187642 ",97649,5.1,3.98,3.17,2.5,3.25,1.48,3.22
omi Aql,"187691 ",97675,19.2,1.58,6.0,2.0,4.13,4.42,3.43
HD 188169,"188169 ",97720,72.7,4.73,1.88,1.95,2.13,2.86,2.67
HD 187923,"187923 ",97767,26.6,8.52,9.0,,11.38,2.86,9.63
HD 188015,"188015 ",97769,57.0,11.48,6.63,4.0,9.0,7.48,7.78
HD 187897,"187897 ",97779,35.1,0.92,4.85,3.47,5.82,4.9,3.76
HD 188326,"188326 ",97846,55.9,9.74,10.5,9.5,9.83,1.0,9.89
HD 188088,"188088 ",97944,14.0,,,,,,
bet Aql,"188512 ",98036,13.7,2.51,5.88,3.5,3.83,3.36,3.93
ome Sgr,"188376 ",98066,26.0,2.51,2.72,2.5,1.81,0.91,2.39
HR 7637,"189340 ",98416,22.2,2.0,12.0,5.0,9.25,10.0,7.06
HD 189509,"189509 ",98442,46.4,0.92,2.17,1.25,1.63,1.25,1.49
HD 189733,"189733 ",98505,19.5,2.09,1.7,1.73,4.43,2.73,2.49
HD 189558,"189558 ",98532,65.0,11.24,10.25,10.5,10.92,0.99,10.73
HD 189712,"189712 ",98565,87.0,4.48,4.63,5.0,3.63,1.38,4.43
HD 190007,"190007 ",98698,12.9,10.99,7.51,12.0,,4.49,10.17
HD 190228,"190228 ",98714,61.6,5.1,5.93,5.33,4.92,1.01,5.32
HD 190360,"190360 ",98767,15.9,,9.5,8.5,11.25,2.75,9.75
HD 190404,"190404 ",98792,15.8,5.98,,8.0,5.5,2.5,6.49
15 Sge,"190406 ",98819,17.8,5.03,3.36,4.17,3.1,1.93,3.92
HD 190412,"190412 ",98878,38.3,,,,,,
CCDM J20051-0418AB,"190437 ",98916,77.5,4.47,7.88,5.0,4.0,3.88,5.34
HD 190771,"190771 ",98921,18.8,2.58,2.54,1.93,2.98,1.05,2.51
HD 190498,"190498 ",98922,63.1,,4.38,3.0,2.75,1.63,3.38
b01 Cyg,"191026 ",99031,23.9,3.98,4.88,7.0,5.19,3.02,5.26
64 Aql,"191067 ",99171,46.9,2.0,11.75,8.0,9.75,9.75,7.87
HD 191533,"191533 ",99367,62.7,3.16,3.86,2.25,2.7,1.61,2.99
HD 345957,"345957 ",99423,96.0,11.75,,11.0,12.0,1.0,11.58
HD 191785,"191785 ",99452,20.4,5.13,8.5,3.59,12.25,8.66,7.37
HD 192145,"192145 ",99607,74.6,5.81,8.56,6.5,6.5,2.75,6.84
HD 192263,"192263 ",99711,19.3,2.57,1.84,2.27,5.29,3.45,2.99
HD 192310,"192310 ",99825,8.9,10.48,10.75,4.58,,6.17,8.6
HD 193664,"193664 ",100017,17.6,3.47,2.88,1.7,4.69,2.99,3.18
HD 193374,"193374 ",100265,123.9,2.23,2.97,2.63,2.21,0.76,2.51
HD 193555,"193555 ",100269,82.0,1.89,2.25,2.08,2.0,0.36,2.06
HR 7793,"194012 ",100511,26.3,1.16,3.19,1.06,1.95,2.13,1.84
HD 194154,"194154 ",100581,59.3,1.89,1.67,1.61,1.7,0.28,1.72
HD 334372,"334372 ",100788,101.2,10.82,10.05,9.5,10.1,1.32,10.12
HD 194598,"194598 ",100792,58.8,10.73,6.75,8.0,8.5,3.98,8.49
HD 195019,"195019 ",100970,38.5,9.17,9.5,7.75,10.71,2.96,9.28
HD 195005,"195005 ",101022,31.7,2.18,1.55,1.46,2.56,1.1,1.94
rho Cap,"194943 ",101027,30.3,2.51,3.0,2.0,2.0,1.0,2.38
HD 195104,"195104 ",101059,36.7,5.01,1.38,3.5,4.21,3.64,3.53
HD 195564,"195564 ",101345,24.4,9.84,9.5,8.5,8.42,1.43,9.07
HD 195633,"195633 ",101346,99.3,9.98,9.45,7.5,7.69,2.48,8.66
HR 7855,"195838 ",101507,32.8,2.37,11.0,2.0,4.63,9.0,5.0
HD 196218,"196218 ",101620,53.2,6.49,9.33,4.0,5.67,5.33,6.37
kap Del,"196755 ",101916,30.1,,4.1,3.0,2.33,1.77,3.14
HR 7907,196885A,101966,33.5,1.13,2.67,1.22,2.0,1.54,1.75
HD 196761,"196761 ",101997,14.4,10.99,,6.5,9.0,4.49,8.83
HD 197076,"197076 ",102040,20.9,4.46,3.47,2.23,4.9,2.67,3.77
eta Cep,"198149 ",102422,14.3,2.0,8.08,2.0,3.25,6.09,3.83
HR 7955,"198084 ",102431,27.3,2.25,2.6,1.97,2.25,0.63,2.27
psi Cap,"197692 ",102485,14.7,1.58,1.5,1.4,0.65,0.93,1.28
gam01 Del,"197963 ",102531,38.0,2.17,2.63,2.3,2.06,0.56,2.29
HD 198061,"198061 ",102612,73.7,3.98,5.58,3.17,3.18,2.42,3.98
HD 198387,"198387 ",102642,42.5,7.92,3.75,9.0,6.25,5.25,6.73
HD 198483,"198483 ",102815,51.2,1.61,2.47,1.68,3.9,2.29,2.41
BD+52 2815,"       ",102870,22.4,5.36,2.07,11.5,,9.43,6.31
4 Aqr,"198571 ",102945,60.7,2.09,2.42,1.8,1.81,0.62,2.03
HD 198802,"198802 ",103077,44.2,,6.63,5.0,4.88,1.75,5.5
BD+12 4499,"       ",103256,22.4,,0.75,2.93,,2.18,1.84
HD 199598,"199598 ",103455,31.6,0.81,5.5,1.24,4.86,4.69,3.1
HD 199604,"199604 ",103572,67.5,,5.55,,,0.0,5.55
11 Aqr,"199960 ",103682,27.2,2.51,4.5,,4.63,2.11,3.88
HD 200391,"200391 ",103833,52.0,10.28,10.33,9.5,9.88,0.83,10.0
HD 200560,"200560 ",103859,19.5,,12.0,8.0,,4.0,10.0
CCDM J21031+0132AB,"200375 ",103892,70.8,1.77,2.71,2.14,1.83,0.95,2.11
HD 200580,"200580 ",103987,51.9,10.99,9.75,10.0,10.55,1.24,10.32
HD 200779,"200779 ",104092,15.1,6.37,9.43,,,3.06,7.9
4 Equ,"200790 ",104101,48.9,2.61,3.97,2.75,2.68,1.36,3.0
61 Cyg A,"201091 ",104214,3.5,6.34,9.75,2.59,6.07,7.16,6.19
61 Cyg B,"201092 ",104217,3.5,1.88,3.4,4.64,,2.76,3.31
HD 201099,"201099 ",104294,47.3,11.48,9.0,,11.5,2.5,10.66
HD 201456,"201456 ",104344,66.8,2.34,12.25,1.6,4.5,10.65,5.17
HD 201496,"201496 ",104549,52.5,5.48,5.92,2.25,3.6,3.67,4.31
HD 201891,"201891 ",104659,34.4,,8.5,10.0,9.5,1.5,9.33
HD 202582,"202582 ",104788,42.8,5.66,7.75,5.5,5.5,2.25,6.1
HD 202206,"202206 ",104903,45.3,2.1,2.68,2.11,5.7,3.6,3.15
HD 202282,"202282 ",104922,80.6,2.32,7.25,4.18,7.1,4.93,5.21
HD 202575,"202575 ",105038,16.4,,1.11,3.28,2.22,2.18,2.2
alf Cep,"203280 ",105199,15.0,,2.5,,2.0,0.5,2.25
V* V457 Vul,203030A,105232,40.9,5.64,7.0,2.79,5.37,4.21,5.2
HD 202940,"202940 ",105312,18.0,11.75,10.0,8.5,,3.25,10.08
HD 203235,"203235 ",105399,71.0,3.05,4.95,2.6,4.35,2.35,3.74
HR 8170,"203454 ",105406,27.0,,6.5,3.0,12.0,9.0,7.17
HD 204426,"204426 ",105557,39.6,11.75,11.0,10.5,11.58,1.25,11.21
HD 204153,"204153 ",105769,33.5,1.0,3.38,0.9,1.3,2.48,1.64
HD 204734,"204734 ",105992,38.7,,0.8,10.5,0.7,9.8,4.0
HD 204485,"204485 ",106003,44.7,,0.73,,0.85,0.13,0.79
HD 205027,"205027 ",106356,54.9,7.94,8.0,12.0,,4.06,9.31
HD 205434,"205434 ",106400,23.2,,,4.26,,0.0,4.26
HD 205700,"205700 ",106674,107.6,3.27,5.0,2.23,2.96,2.78,3.36
HD 205702,"205702 ",106707,57.0,2.0,6.33,3.5,8.5,6.5,5.08
BD+27 4120,"       ",106811,13.3,,3.23,,5.29,2.06,4.26
HD 206374,"206374 ",107070,26.9,1.4,1.45,3.19,1.85,1.8,1.97
HD 206282,"206282 ",107072,93.8,3.04,6.2,,3.06,3.16,4.1
42 Cap,"206301 ",107095,33.2,2.51,3.81,3.0,2.33,1.48,2.91
mu.02 Cyg,"206827 ",,,8.15,5.3,5.0,10.0,5.0,7.11
mu.01 Cyg,"206826 ",107310,22.2,3.16,4.5,2.5,3.67,2.0,3.46
V* HN Peg,"206860 ",107350,17.9,7.94,2.1,4.5,5.75,5.85,5.07
del Cap,"207098 ",107556,11.9,2.51,4.25,,2.0,2.25,2.92
HD 207858,"207858 ",107890,126.7,3.67,5.63,4.0,3.13,2.51,4.11
15 Peg,"207978 ",107975,27.4,5.01,8.5,4.0,4.5,4.5,5.5
HD 208038,"208038 ",108028,23.0,,0.95,1.07,0.75,0.32,0.92
HD 208313,"208313 ",108156,20.0,1.89,1.45,1.73,3.81,2.36,2.22
HD 208801,"208801 ",108506,36.9,6.39,5.31,4.0,6.17,2.39,5.47
V* V376 Peg,"209458 ",108859,49.6,1.8,5.3,1.31,3.47,3.99,2.97
HD 209472,"209472 ",108901,94.6,4.05,4.94,1.7,3.86,3.24,3.64
iot Peg,"210027 ",109176,11.7,2.0,5.38,1.9,3.75,3.48,3.26
CCDM J22071+0034AB,"209965 ",109186,78.7,5.4,6.91,4.8,5.1,2.11,5.55
V* AR Lac,"210334 ",109303,42.8,4.09,8.0,5.0,3.63,4.38,5.18
HD 210640,"210640 ",109324,84.6,,7.0,5.0,4.5,2.5,5.5
HD 210277,"210277 ",109378,21.6,,9.25,7.0,11.33,4.33,9.19
HD 210460,"210460 ",109439,59.2,2.0,2.75,,1.5,1.25,2.08
HD 210483,"210483 ",109450,51.1,12.02,12.5,10.0,11.25,2.5,11.44
BD+17 4708,"       ",109558,121.8,,12.25,12.0,12.0,0.25,12.08
Wolf 1008,"210631 ",109563,78.6,10.6,10.5,11.0,11.57,1.07,10.92
HD 210855,"210855 ",109572,37.4,2.38,2.75,2.4,2.38,0.38,2.48
HD 210752,"210752 ",109646,36.2,6.31,2.82,7.0,7.91,5.09,6.01
HD 211476,"211476 ",110035,31.0,6.31,6.25,7.5,7.75,1.5,6.95
HD 211575,"211575 ",110091,42.0,,1.75,1.1,0.9,0.85,1.25
HD 239928,"239928 ",110327,63.9,5.13,3.33,2.7,3.36,2.43,3.63
34 Peg,"212754 ",110785,38.2,3.22,3.85,4.0,2.96,1.04,3.51
HD 213338,"213338 ",111029,42.7,2.57,3.8,3.8,3.27,1.23,3.36
HD 214385,"214385 ",111746,36.4,4.31,1.45,9.0,10.75,9.3,6.38
HD 214683,"214683 ",111888,24.1,,0.88,,,0.0,0.88
HD 214749,"214749 ",111960,13.6,5.29,4.41,8.5,6.46,4.09,6.16
HD 214850,"214850 ",111974,33.8,4.5,6.94,4.0,3.54,3.4,4.74
HD 215243,"215243 ",112222,42.4,3.01,6.85,1.68,5.0,5.18,4.13
ksi Peg,"215648 ",112447,16.3,5.1,5.31,3.0,3.63,2.31,4.26
HD 215625,"215625 ",112462,56.7,1.05,1.0,1.07,1.17,0.17,1.07
HD 216520,"216520 ",112527,19.7,5.36,4.33,3.43,6.24,2.81,4.84
BD+67 1468A,216172A,112670,63.7,0.79,0.9,0.83,0.9,0.11,0.86
BD+67 1468B,216172B,,,0.79,0.88,0.83,1.05,0.26,0.89
HD 216133,"216133 ",112774,14.1,,,,,,
HD 216259,"216259 ",112870,21.3,7.51,1.58,3.66,,5.93,4.25
49 Peg,"216385 ",112935,27.3,2.51,6.25,5.0,3.5,3.74,4.32
BD-15 6290,"       ",113020,4.7,,,,,,
HD 216770,"216770 ",113238,35.6,4.78,5.76,2.65,7.13,4.47,5.08
51 Peg,"217014 ",113357,15.6,2.51,5.1,2.27,7.4,5.13,4.32
alf PsA,"216956 ",113368,7.7,,0.55,,0.6,0.05,0.58
HD 217107,"217107 ",113421,19.9,7.13,8.17,5.0,,3.17,6.76
HD 217357,"217357 ",113576,8.2,,,,,,
HD 217577,"217577 ",113688,82.9,12.02,9.0,10.33,11.31,3.02,10.67
HD 217813,"217813 ",113829,24.7,4.5,3.38,5.33,3.93,1.96,4.28
HD 217877,"217877 ",113896,29.4,3.98,5.44,3.53,5.79,2.26,4.69
HD 217958,"217958 ",113948,56.8,,8.17,8.0,8.67,0.67,8.28
HD 218059,"218059 ",113980,44.7,1.42,1.88,1.3,2.45,1.15,1.76
HD 218209,"218209 ",113989,29.5,4.2,4.15,10.5,,6.35,6.28
HD 218101,"218101 ",113994,36.2,5.66,5.9,5.5,5.6,0.4,5.67
HD 218566,"218566 ",114322,28.6,,7.41,9.18,,1.77,8.3
HD 218687,"218687 ",114378,24.8,8.12,5.63,5.0,3.28,4.84,5.51
6 And,"218804 ",114430,27.6,4.97,6.05,3.0,3.42,3.05,4.36
HD 218868,"218868 ",114456,24.3,5.01,8.29,5.58,10.0,4.99,7.22
HD 219396,"219396 ",114546,52.6,12.02,9.75,7.33,10.63,4.69,9.93
HR 8832,"219134 ",114622,6.5,5.36,2.74,6.06,4.34,3.31,4.62
HD 219428,"219428 ",114796,61.5,1.21,1.47,1.29,3.18,1.97,1.79
HD 219420,"219420 ",114834,40.7,2.19,10.5,1.7,4.28,8.8,4.67
HD 219538,"219538 ",114886,24.0,1.85,1.55,1.53,3.62,2.09,2.13
HD 219623,"219623 ",114924,20.5,3.16,3.9,2.7,1.93,1.98,2.92
94 Aqr B,219834B,115125,,,,11.5,,0.0,11.5
94 Aqr,219834A,115126,21.1,6.42,7.54,6.75,6.42,1.13,6.78
HD 220140,"220140 ",115147,19.2,5.36,2.8,3.43,4.53,2.56,4.03
HD 220008,"220008 ",115223,84.5,6.42,8.04,6.0,6.05,2.04,6.63
HD 220182,"220182 ",115331,21.5,2.19,1.76,2.4,3.04,1.29,2.35
HD 220221,"220221 ",115341,20.5,5.36,5.03,3.4,6.27,2.87,5.01
V* NX Aqr,"220476 ",115527,30.1,11.49,0.88,7.0,8.05,10.61,6.86
HD 220689,"220689 ",115662,44.6,8.12,5.22,5.0,6.91,3.12,6.31
HR 8924,"221148 ",115953,47.3,,8.25,6.0,9.25,3.25,7.83
HD 221354,"221354 ",116085,16.9,2.57,10.25,3.13,9.5,7.68,6.36
HD 221356,"221356 ",116106,26.1,9.59,1.35,5.0,5.04,8.23,5.24
HD 221445,"221445 ",116164,76.7,2.24,3.48,2.66,2.56,1.25,2.74
HD 221503,"221503 ",116215,15.2,4.3,1.59,10.71,5.29,9.13,5.47
HD 221585,"221585 ",116221,57.5,7.94,7.43,6.5,7.25,1.44,7.28
HD 221851,"221851 ",116416,23.8,,0.65,11.0,,10.35,5.83
HR 8964,"222143 ",116613,23.3,4.5,2.67,3.17,2.59,1.9,3.23
HD 222155,"222155 ",116616,49.1,11.12,9.0,8.0,8.88,3.12,9.25
gam Cep,"222404 ",116727,14.1,,3.81,,4.25,0.44,4.03
iot Psc,"222368 ",116771,13.7,4.74,6.79,,4.58,2.21,5.37
HD 222582,"222582 ",116906,41.8,1.46,5.82,2.78,6.64,5.18,4.18
HD 222645,"222645 ",116964,70.6,1.62,3.0,1.45,1.85,1.55,1.98
HD 223084,"223084 ",117258,38.6,1.74,5.5,2.96,5.17,3.76,3.84
HD 223110,"223110 ",117259,103.1,2.14,4.46,3.17,2.75,2.32,3.13
HD 223238,"223238 ",117367,47.9,2.25,6.17,4.5,6.75,4.5,4.92
HD 224465,"224465 ",118162,24.5,0.92,4.84,1.59,5.27,4.35,3.16
HR 9074,"224635 ",118281,28.9,1.42,2.0,1.68,1.99,0.58,1.77
HR 9075,"224636 ",,,1.46,3.4,1.71,2.5,1.94,2.27
