HIP,Age,Age_lolim,Age_hilim
14023,3.45,1.36,5.03
13679,1.57,0.22,0.25
16738,2.45,0.19,0.42
15206,4.6,0.54,0.65
15565,4.55,0.58,0.18
12114,5.1,1.1,1.1
12272,2.1,0.37,0.3
13366,11.72,1.35,1.23
15249,10.61,1.31,1.65
14614,8.11,1.66,1.33
13702,0.8,0.3,0.3
17336,4.75,1.92,3.17
19696,10.16,2.05,0.81
19076,2.03,0.76,2.21
16405,5.04,1.8,1.36
15062,4.06,1.61,3.55
14810,8.67,2.5,2.27
16072,10.16,6.53,2.3
11309,4.91,0.29,0.28
10710,6.35,2.6,3.13
11584,4.2,0.79,0.35
11728,3.07,1.3,2.88
7981,4.1,0.9,0.9
10306,3.5,0.83,0.15
11237,6.62,0.84,0.79
11670,1.67,0.17,0.14
9829,12.92,3.27,0.8
9683,2.41,0.81,2.01
10535,2.15,0.31,0.39
14594,11.65,1.82,2.26
15323,3.14,1.91,0.53
15191,2.1,0.2,0.08
11548,6.06,0.23,0.21
12200,3.67,0.15,0.21
22060,6.61,4.01,1.47
19793,2.58,1.1,1.94
20904,3.45,0.62,0.35
20094,13.14,5.4,0.28
21167,5.92,0.2,0.81
23080,,,
24332,4.81,1.43,1.39
24813,6.55,0.84,1.17
21832,14.14,3.2,0.12
17747,3.55,0.34,0.35
19335,0.2,0.1,0.1
19631,8.24,0.69,0.96
20753,5.15,0.3,0.53
17666,,,
17655,7.99,1.08,1.32
20298,11.65,4.5,0.57
17022,7.4,0.48,0.69
16499,1.77,0.15,0.16
17409,10.27,0.95,0.94
17231,6.08,0.89,0.88
18366,6.01,0.85,0.64
22596,12.46,1.44,1.08
21227,5.09,2.08,1.08
25052,8.27,1.49,0.92
26779,0.4,0.1,0.1
25973,5.3,0.26,0.26
22020,9.28,1.68,1.09
23922,11.65,2.93,1.75
25414,5.09,2.46,2.4
6669,2.19,0.25,0.32
6975,8.04,0.42,1.36
7244,4.38,2.07,2.09
6643,4.49,0.2,1.44
8796,2.01,0.23,0.27
7245,3.45,1.22,2.76
7612,6.87,0.26,0.98
8433,5.95,0.18,0.6
5682,4.95,1.11,0.24
8476,11.68,1.18,0.86
10644,11.89,1.4,1.57
10711,,,
10321,0.4,0.1,0.1
12181,2.33,0.33,0.42
12191,4.9,1.23,0.24
9172,1.65,0.89,1.65
7513,3.2,0.13,1.17
7918,6.75,1.37,1.0
8370,,,
10830,2.77,0.3,0.3
4457,5.89,1.02,0.17
3206,4.94,1.82,6.4
5441,5.7,0.83,0.25
4127,6.76,0.47,0.38
1686,1.8,0.14,0.2
1411,4.84,2.61,2.67
1598,8.07,2.02,2.84
530,4.9,0.48,0.75
2981,6.04,0.86,1.07
2712,5.4,0.97,0.97
2894,4.1,1.36,3.44
6711,3.46,0.33,0.42
5016,3.61,0.04,0.37
5336,,,
2760,7.05,0.39,1.11
656,3.89,0.33,1.53
475,8.75,1.65,2.72
3821,7.36,1.03,1.61
4151,3.45,0.27,1.26
2131,11.87,2.68,0.78
1105,4.55,0.48,0.42
13336,,,
14632,4.49,0.17,1.53
12579,11.65,4.98,0.94
12777,1.6,0.39,0.88
16602,2.49,0.34,0.32
11923,12.03,1.0,0.77
12067,1.71,0.63,2.51
14286,12.75,2.26,0.64
20754,6.41,0.9,0.35
23530,10.16,2.43,2.64
21921,,,
22528,13.14,3.77,0.71
26452,6.43,3.63,2.71
16818,6.99,1.53,0.77
26437,4.24,0.96,0.9
8362,1.9,0.4,0.4
6844,,,
11505,8.94,0.67,0.83
12262,4.0,0.32,0.32
7902,10.01,2.47,1.17
5021,1.4,0.09,0.06
5106,5.66,2.44,1.53
5531,4.14,0.33,0.25
2453,5.89,1.5,0.83
4039,10.61,1.61,1.12
13192,3.97,0.16,1.7
19237,7.55,0.41,0.36
21165,9.09,1.98,1.3
25110,1.35,0.76,0.47
3132,7.9,0.44,0.45
43297,4.38,2.28,1.88
42723,5.35,1.26,0.12
46454,3.68,0.28,0.31
44935,7.6,2.25,1.14
46453,4.5,0.83,0.26
42172,2.1,1.35,0.26
42173,4.94,2.12,4.55
43557,6.51,1.81,1.68
43618,6.7,1.67,2.46
44997,6.98,1.9,1.88
48152,,,
49988,8.24,0.68,0.8
51178,2.64,0.85,3.35
50174,2.31,0.37,0.43
45699,5.45,0.43,0.41
46076,4.94,2.44,4.43
39874,1.86,0.23,0.14
41319,2.97,0.57,0.45
40133,6.61,2.27,1.52
40843,3.3,0.45,1.12
43727,6.51,1.42,0.31
43595,,,
44892,6.88,0.27,0.26
43587,4.94,1.82,3.63
42734,13.0,0.92,0.6
44825,1.61,0.2,0.17
44441,4.75,1.02,0.31
43904,7.19,0.97,0.59
43674,4.2,0.47,1.2
45325,3.42,1.75,0.94
44897,0.8,0.2,0.2
44347,10.16,5.2,1.69
43894,1.67,0.15,0.16
52153,8.96,0.36,1.27
51993,4.84,0.38,1.85
50384,6.56,1.72,0.34
50319,6.46,0.37,0.26
51406,2.99,0.44,0.38
52771,13.14,7.81,0.16
49580,1.69,0.48,2.97
49572,8.1,4.0,0.89
49081,5.57,0.54,2.09
51914,3.14,0.46,0.47
55761,10.03,1.77,1.41
56148,2.7,0.14,0.14
57117,3.0,0.63,0.27
56809,4.07,1.75,2.42
53721,6.82,0.88,1.28
53791,3.73,0.26,0.16
57349,11.47,1.3,1.54
57450,,,
48701,13.14,4.28,0.57
47631,1.63,0.16,0.14
47080,1.5,0.2,0.2
49586,1.54,0.63,2.22
50786,1.1,0.2,0.2
50505,10.35,3.28,1.7
48113,5.85,1.2,0.37
46903,1.9,0.6,3.38
49070,9.08,0.82,0.64
51248,11.89,1.75,1.77
51700,8.78,1.57,2.36
52040,2.69,1.09,3.54
52137,2.19,0.93,2.71
49363,1.71,0.18,0.13
51459,2.28,0.5,1.16
55459,7.12,1.53,1.56
56035,2.8,0.28,0.88
36481,8.92,0.67,0.61
36152,5.0,0.57,1.49
38172,6.02,1.1,0.47
36874,8.75,1.13,1.15
38228,0.3,0.1,0.1
38647,,,
34521,3.75,0.33,0.8
34017,6.8,2.08,0.61
33287,14.57,1.6,0.04
35265,4.73,1.66,1.99
34714,3.53,0.72,0.73
40118,,,
40001,5.38,0.36,0.24
41184,4.79,1.37,2.96
41484,6.76,1.4,1.42
37789,11.15,1.24,0.5
37316,3.95,0.84,1.48
40674,8.67,3.9,3.01
41526,5.47,2.67,1.43
38769,10.88,1.06,1.55
32673,6.61,3.8,1.06
32916,4.65,1.16,3.72
32955,5.93,0.49,0.64
32480,2.74,0.86,1.4
30860,10.52,2.1,0.93
30057,3.14,0.55,0.25
28767,1.41,0.44,1.23
35989,13.14,8.11,0.11
35136,7.63,0.22,3.01
36439,2.8,0.25,0.86
38325,1.8,0.06,0.92
34642,12.3,2.23,0.7
31965,7.3,1.65,1.33
30247,1.1,0.14,0.14
30990,11.48,1.14,1.04
44324,6.22,2.9,2.24
46853,2.77,0.03,0.27
45983,5.39,3.45,1.63
45982,6.43,3.95,2.61
43981,6.68,0.64,0.66
42575,4.56,2.3,2.09
45333,6.29,1.4,0.29
49130,,,
49246,4.65,0.52,0.48
56423,7.5,0.53,1.08
53535,5.88,1.44,0.3
56948,7.06,1.85,1.6
47791,1.43,0.19,0.12
48209,13.14,6.8,0.34
46066,6.43,2.95,2.84
54952,,,
57532,8.67,2.65,2.61
40687,1.39,0.69,1.32
42438,0.2,0.1,0.1
39616,5.39,2.01,0.84
35599,8.4,1.12,0.86
39822,8.75,2.12,2.21
40848,8.67,4.78,3.17
33932,2.52,1.47,1.99
32439,1.25,0.11,1.63
29269,12.69,1.58,1.51
73815,8.42,1.32,0.98
76543,7.85,0.49,0.67
76114,7.69,2.57,1.31
74033,12.11,1.39,1.48
75281,12.11,1.5,1.32
71395,0.3,0.1,0.1
71819,9.32,1.48,0.77
76899,9.19,0.73,1.02
78072,4.25,0.81,0.31
79720,9.86,1.83,1.38
74432,10.81,1.66,0.68
74434,10.16,1.89,2.16
77152,0.3,0.1,0.1
68030,5.84,1.33,0.63
72848,9.41,4.6,2.21
72659,0.2,0.1,0.1
70324,13.14,6.21,0.17
71076,6.71,1.05,0.61
70520,11.52,0.75,0.6
71115,1.43,0.16,0.14
67275,0.4,0.1,0.1
67927,2.46,0.34,0.45
70310,0.49,0.25,0.09
69226,2.02,0.26,0.25
74341,5.42,2.48,1.94
73768,6.41,0.96,0.26
72604,11.52,1.13,1.49
72567,0.6,0.1,0.1
74933,8.42,0.89,1.02
76911,10.16,4.15,1.81
74442,7.29,0.58,0.93
71284,1.7,0.62,0.18
71243,2.85,0.55,0.15
73941,1.5,0.24,0.99
72199,5.18,0.8,1.1
72469,2.55,0.04,1.07
81312,5.94,1.07,1.03
81693,3.2,0.13,0.14
79837,12.63,1.16,1.24
78459,2.5,0.4,0.4
78680,2.58,1.35,2.23
81210,5.8,0.83,1.44
79862,5.76,2.15,1.71
80838,2.78,0.48,0.49
84862,12.96,1.51,1.35
83949,11.35,1.19,0.52
85810,3.24,1.36,1.48
86431,10.12,2.49,1.04
87382,2.81,1.02,0.49
85650,9.95,3.66,0.76
83389,,,
85400,9.25,0.52,1.39
85653,,,
84855,4.0,0.8,0.45
86173,6.97,0.38,0.86
78028,4.38,2.29,2.06
78012,1.41,0.06,0.0
79448,13.79,0.84,0.72
78775,,,
79186,11.09,1.53,1.01
78640,10.16,3.54,1.31
77760,6.85,0.5,0.42
79434,8.33,0.42,1.31
79248,2.53,1.11,3.64
75676,4.38,2.13,2.02
75093,1.35,0.19,0.1
77466,11.67,2.89,1.66
81512,7.14,3.64,1.14
81072,3.07,0.53,0.06
83069,5.43,1.19,0.52
80818,6.04,0.32,0.24
80264,7.02,0.89,0.41
85964,4.5,0.21,0.46
86036,3.88,1.4,1.71
66290,5.1,0.2,0.84
67422,,,
68593,1.9,0.94,0.89
64394,1.6,0.4,0.4
63405,3.17,0.46,0.45
63048,10.07,1.58,1.6
63636,1.79,0.94,1.55
66051,11.01,0.67,0.89
64747,6.43,2.45,2.78
65049,10.95,2.45,0.85
66514,10.99,0.94,1.2
71193,,,
71168,2.17,0.3,0.32
72835,4.89,0.77,0.77
70873,11.32,1.36,1.24
66464,6.16,1.65,0.86
69862,2.15,0.24,0.4
62077,11.67,2.18,0.91
62207,9.45,2.61,2.75
62816,2.19,0.87,2.79
61317,6.76,2.03,1.29
61264,6.4,0.32,0.91
65754,1.89,0.37,0.26
66192,5.05,0.54,0.47
62145,3.45,0.44,7.8
61044,4.01,1.29,0.89
60988,4.09,0.12,0.31
62175,6.25,2.47,0.92
62527,5.48,0.6,2.0
60588,9.66,0.89,0.87
60268,13.4,3.12,0.62
73637,1.33,0.24,0.32
73695,9.6,2.07,1.77
72487,1.79,0.15,0.14
73100,2.4,0.52,0.58
73146,8.78,1.53,1.09
70497,2.95,0.31,0.23
71181,,,
73005,,,
69535,5.11,0.99,0.52
72467,3.5,0.63,0.18
72407,13.15,3.93,0.56
78527,1.75,0.37,0.45
82750,9.38,0.78,0.5
86830,12.39,2.5,1.44
85235,8.67,3.24,4.13
86568,6.43,3.18,5.08
76556,5.1,1.25,0.24
75370,13.14,4.74,0.36
74605,4.0,0.85,0.09
78217,7.92,2.88,1.71
86620,3.94,0.96,0.7
68184,8.71,4.95,3.39
71192,4.47,0.91,1.74
68085,9.75,0.68,0.54
61157,3.92,0.38,0.27
65449,11.32,2.21,1.7
61293,3.47,0.54,0.49
60331,,,
73440,11.11,0.77,0.31
74326,10.16,3.41,1.34
87055,8.67,3.33,1.23
80902,3.04,1.29,2.67
59879,4.65,1.08,0.3
103987,8.87,0.67,0.98
104101,3.07,0.44,0.35
104092,,,
104075,0.4,0.1,0.1
105202,2.48,1.02,0.79
106157,6.65,0.52,0.37
101966,1.37,0.18,1.26
102805,2.9,0.12,0.99
102610,10.38,1.47,0.88
102531,2.22,0.51,0.41
102611,5.92,0.74,0.65
107350,0.2,0.1,0.1
109450,8.06,0.36,1.11
108859,4.24,1.22,0.59
106678,10.14,0.74,0.97
104659,13.16,2.29,0.78
104514,6.75,0.99,0.72
106947,13.14,7.44,0.24
108767,4.35,0.52,1.45
106527,2.61,0.37,0.48
100269,,,
99607,6.1,0.6,0.21
100970,8.63,0.82,0.5
100963,5.66,2.7,0.96
98819,1.7,0.4,0.4
97918,4.9,0.7,0.87
98505,0.4,0.1,0.1
99386,6.91,0.25,0.8
98792,,,
106040,6.04,0.75,0.75
104421,5.59,0.36,0.73
102081,10.61,1.62,1.96
104217,2.4,0.5,0.5
104214,2.3,0.4,0.4
109931,6.71,1.66,2.2
113076,5.09,1.71,1.16
109176,2.61,0.35,0.2
109090,7.46,1.37,0.38
107975,1.3,0.8,0.8
108490,9.18,2.33,1.49
109677,5.07,0.29,0.31
108632,1.9,0.19,0.13
111352,2.65,0.41,0.45
111796,4.6,0.41,0.37
110788,7.68,0.95,1.38
110566,3.1,0.0,0.46
114838,5.1,0.65,0.6
114856,5.52,1.03,0.7
117582,9.25,1.38,0.2
114430,3.3,0.85,0.4
112595,11.23,2.08,1.44
115715,11.7,1.47,1.31
114729,5.7,0.26,0.45
116613,1.36,0.3,2.06
116616,7.95,0.57,0.44
108056,1.72,0.94,0.99
108514,1.89,0.22,1.04
109881,4.5,0.93,0.15
110291,12.97,2.15,1.0
104347,4.64,0.88,1.12
105857,8.1,0.69,0.67
106122,6.43,3.32,3.38
109372,4.6,0.86,0.36
111748,4.95,1.07,0.3
112697,3.72,0.27,0.18
112263,5.03,0.34,0.37
114210,2.25,0.23,0.11
116082,5.95,0.43,0.42
114924,3.44,0.85,0.62
115761,3.6,0.43,0.39
115714,8.31,0.82,0.64
117029,11.62,0.87,0.34
117472,2.04,0.22,0.24
118010,10.34,0.99,0.52
114622,9.45,5.46,2.91
115721,9.3,1.01,1.56
115704,13.14,8.02,0.2
96184,3.48,1.44,1.8
96902,8.23,1.04,1.45
97023,7.5,0.4,0.41
96081,2.1,0.49,0.28
97420,4.48,1.58,2.09
97769,5.26,0.27,2.58
98767,11.46,2.83,1.31
96507,4.65,0.96,0.18
97295,2.52,0.22,0.46
93017,2.3,0.5,0.5
94076,6.51,3.06,1.83
94075,5.31,0.29,3.44
96185,11.27,0.62,0.72
95446,8.64,0.95,0.99
97336,6.96,1.39,1.16
98921,1.88,0.17,2.21
99241,6.2,1.16,0.82
99026,1.77,0.3,0.34
91058,6.95,1.0,0.71
90745,10.73,1.01,0.8
92720,8.08,1.57,0.79
92532,10.2,2.33,1.79
91120,3.5,0.18,0.89
89282,4.26,1.95,1.71
89474,7.39,0.6,1.82
94755,3.28,0.44,0.42
94336,8.95,1.14,1.59
96895,7.83,1.06,1.12
96901,8.78,1.8,0.85
96258,2.69,1.1,0.33
96395,6.03,2.98,0.67
90542,8.78,0.62,1.01
89443,8.58,1.83,1.96
89348,2.56,0.19,0.24
104520,5.1,0.5,0.38
105969,9.08,1.02,1.42
109572,2.44,0.38,0.42
111431,2.68,0.37,0.29
111977,8.67,2.05,3.14
113989,,,
115604,7.66,2.41,0.55
109324,4.1,0.55,0.48
109384,8.67,4.65,3.6
98946,1.9,0.11,0.21
96049,9.4,0.61,0.74
99500,2.45,0.33,0.44
100017,4.81,1.93,1.2
93269,12.8,2.33,1.19
93062,4.45,0.48,0.42
91395,11.32,0.77,0.5
96100,3.0,0.6,0.6
89937,7.71,0.57,1.06
105766,,,
107236,13.14,7.88,0.16
110016,6.11,0.71,0.67
111549,13.84,1.87,0.57
112666,,,
108456,2.99,1.66,1.87
950,2.13,0.66,0.54
116763,7.23,3.83,4.17
116852,6.12,1.28,0.5
118319,3.45,0.18,1.08
3479,7.23,2.88,2.81
4195,6.43,2.0,3.11
2909,10.85,0.91,1.07
5775,10.16,3.95,1.62
2337,1.89,0.26,0.29
3559,7.87,0.33,0.35
113579,2.41,1.25,1.89
113948,4.26,1.16,1.33
112504,6.82,1.77,2.04
114962,12.91,1.55,1.01
910,5.65,0.41,0.53
1803,0.4,0.1,0.1
3026,10.16,3.01,1.15
1128,13.14,4.17,0.66
1499,5.63,0.86,2.04
118115,6.87,1.71,1.42
116906,8.51,1.53,1.19
6455,4.03,1.97,2.57
8102,5.6,1.2,1.2
8841,11.65,3.64,0.6
8486,0.6,0.1,0.1
10215,2.05,0.22,0.1
6159,13.14,4.5,0.3
4909,6.82,3.01,1.61
3909,1.72,0.41,1.17
5799,,,
7276,5.5,1.14,0.06
10303,7.54,3.45,1.0
10305,3.13,0.32,0.41
10449,13.14,5.06,0.53
12048,7.49,0.59,0.56
12294,8.67,4.45,1.01
8720,,,
8798,11.17,1.41,1.35
7357,5.94,1.17,0.72
9353,2.7,0.23,0.5
9519,3.51,1.84,1.51
10212,2.77,0.42,0.49
3441,11.51,1.6,1.32
2350,4.94,2.34,5.82
5833,2.58,0.45,0.43
6762,3.45,1.44,4.34
5163,13.14,3.17,0.61
5134,6.35,3.65,2.06
2787,0.3,0.1,0.1
3086,8.6,0.83,0.22
3765,4.3,0.9,0.9
7312,4.38,0.6,0.92
6407,6.71,3.38,1.13
8859,4.35,0.71,0.39
9080,6.43,3.02,5.86
5176,3.4,1.84,1.12
7585,5.77,2.45,1.02
7535,,,
109624,1.93,0.21,0.23
110187,3.93,1.9,0.75
109951,13.14,4.93,0.55
109378,9.91,3.57,0.39
109646,11.26,2.2,1.25
109110,0.7,0.1,0.1
116106,3.39,1.21,1.27
115220,4.55,0.63,0.3
113896,5.6,1.5,0.9
114914,7.87,1.88,1.78
115012,8.63,0.85,1.25
118159,5.77,3.49,0.96
113421,4.71,1.22,0.97
112811,,,
114354,5.7,0.14,0.91
113980,3.31,0.6,0.29
105864,2.04,0.19,0.19
112229,8.84,1.33,1.11
111517,6.85,0.7,2.77
109771,7.3,0.44,0.74
112935,3.54,0.41,0.4
113514,12.45,2.97,1.17
112447,4.55,0.34,0.25
109608,3.61,0.66,1.23
110508,6.43,2.81,4.22
109067,8.67,5.2,3.62
111723,5.4,2.18,0.98
110205,8.84,1.38,2.82
110035,8.79,2.12,0.96
117776,6.6,0.56,0.51
118268,1.57,0.09,0.09
2235,0.8,0.3,0.3
116771,4.75,1.12,0.14
116164,2.63,0.4,0.42
348,7.66,2.33,2.35
2832,4.95,0.99,0.54
6405,6.9,2.32,2.05
3014,5.1,0.73,0.28
3272,5.05,0.45,1.26
493,5.77,2.0,1.13
768,7.98,0.75,0.85
996,6.83,1.47,1.61
1813,7.95,0.84,1.77
3502,8.31,1.96,0.75
3093,6.7,1.5,1.5
4290,4.9,2.55,1.94
115359,,,
114893,7.66,0.76,0.98
116478,11.65,3.0,0.97
115100,6.08,0.55,0.87
115370,6.79,1.48,0.77
114096,,,
114034,4.0,0.19,0.54
113357,5.2,0.38,2.29
117484,3.5,0.4,0.55
171,6.3,1.4,1.4
544,0.2,0.1,0.1
116421,11.85,1.09,0.74
116505,2.23,0.24,0.23
118225,7.46,0.44,0.81
394,5.0,1.03,2.29
699,5.5,1.07,0.29
117762,4.33,0.23,0.23
27491,8.67,3.25,2.59
26737,8.8,2.71,1.8
26460,2.32,0.18,0.31
27128,13.24,1.51,0.6
29234,2.45,0.36,0.37
31540,8.36,2.04,1.16
33817,2.0,0.3,0.3
23889,4.35,1.08,0.15
27072,0.8,0.1,0.1
27075,2.77,1.21,1.5
26534,6.51,0.3,0.72
25670,4.23,1.76,2.41
22905,8.3,1.76,2.04
22263,0.4,0.1,0.1
22325,2.9,0.39,0.49
25002,6.51,2.5,1.85
25528,2.91,0.42,0.23
28336,6.43,2.81,3.43
28103,1.26,0.27,0.24
25840,5.52,1.28,0.52
27435,7.5,2.96,1.58
36512,7.23,1.78,2.5
35998,2.8,0.34,0.23
38747,1.38,0.53,2.11
34710,4.95,0.4,0.39
36640,8.65,0.54,0.49
36399,3.09,1.03,0.21
37233,9.89,0.13,1.15
37349,,,
40765,3.54,1.99,2.04
40613,11.48,0.94,0.97
42612,8.25,1.53,0.2
42030,7.46,0.74,0.64
40858,4.7,1.1,0.01
39417,6.35,1.02,2.14
38853,5.56,2.34,1.12
40136,6.68,0.66,0.85
33719,4.02,0.79,0.29
32984,7.92,4.45,4.1
31188,9.45,1.99,2.36
32851,2.85,0.46,0.15
33382,9.01,2.02,1.96
34164,8.59,1.33,3.93
30545,0.8,0.1,0.1
30243,3.74,1.66,1.53
29716,3.25,0.37,0.42
31246,,,
32650,11.56,1.06,1.14
37279,1.9,0.21,0.11
35185,4.95,2.12,2.04
39506,,,
36849,10.81,1.62,1.3
20723,6.61,1.1,2.23
22439,5.93,0.51,0.55
23627,9.79,0.93,0.48
22336,5.5,1.07,0.41
19849,3.2,1.3,1.3
21172,10.61,1.55,2.12
19832,,,
20984,10.96,1.6,1.23
20752,2.99,1.42,1.18
24037,13.15,4.29,0.62
25623,,,
23311,4.5,0.6,0.6
23941,3.44,0.54,0.49
27980,5.33,2.21,1.41
27253,3.77,0.04,0.36
26617,,,
24205,,,
24030,10.16,3.25,1.75
17147,12.85,1.18,1.34
19925,2.77,1.22,2.47
18859,2.65,0.68,0.77
18261,4.9,1.97,1.45
18993,2.81,0.37,0.44
15442,8.67,3.3,1.47
16852,6.0,0.67,0.06
14954,3.4,0.24,1.14
15126,,,
15457,0.5,0.1,0.1
16723,4.7,0.92,0.32
22449,2.0,0.54,0.19
19911,6.43,3.19,3.21
21306,11.65,7.73,0.15
21703,8.67,3.58,2.83
22203,2.91,1.29,2.56
20741,3.22,1.66,1.97
20719,2.99,1.56,1.87
20441,3.45,1.73,2.36
29432,4.46,1.97,2.05
30905,11.65,4.19,1.5
29525,0.4,0.1,0.1
26664,6.43,2.58,4.46
27878,7.56,0.69,0.96
28066,11.07,1.75,0.64
28159,12.41,1.12,0.96
29001,4.95,1.78,1.41
34511,7.52,1.81,1.66
34653,14.32,2.09,0.07
30067,8.15,1.87,1.12
29248,6.43,2.95,2.96
29650,0.4,0.08,1.22
28671,,,
33212,2.91,1.29,1.42
33595,4.13,0.37,0.15
25860,8.67,3.6,2.99
25220,,,
26100,6.35,0.55,0.51
27913,0.3,0.1,0.1
25278,0.3,0.1,0.1
26381,13.14,5.4,0.51
26828,3.2,0.05,1.16
23835,10.1,0.53,0.3
22349,12.43,1.7,0.91
21818,,,
25730,1.68,0.19,0.13
25361,,,
26326,5.63,0.99,1.07
28908,8.77,0.99,0.79
27207,,,
59021,4.05,0.41,0.3
56452,7.92,4.2,3.94
57841,3.3,0.15,1.11
57507,12.5,4.73,0.9
57001,5.16,0.29,0.28
58962,11.65,8.43,0.47
58345,,,
59707,4.94,2.55,3.14
59143,5.79,1.38,0.46
58229,7.04,1.61,1.33
64924,4.2,0.7,0.7
62882,9.78,1.95,2.19
64407,2.55,0.22,0.27
60653,13.02,1.87,0.88
61910,1.11,0.12,0.13
62345,5.03,1.05,2.3
55409,4.9,1.52,2.83
53252,2.2,0.19,0.18
52990,6.46,1.39,0.46
55874,1.74,0.2,0.25
59357,5.31,2.69,2.55
58576,6.71,2.52,1.96
60816,3.88,1.27,1.47
59750,1.8,0.5,0.5
60019,6.1,0.29,0.49
56802,4.45,0.94,0.32
56960,1.64,0.76,1.17
58331,3.9,0.26,0.12
64993,2.58,1.24,2.45
64497,3.7,1.87,2.05
63366,13.14,6.91,0.37
65982,14.48,2.09,0.07
65708,9.93,1.04,0.55
69701,,,
68380,2.06,0.37,0.32
69493,2.06,0.28,0.4
72339,6.43,2.84,4.25
70319,10.35,2.76,1.86
69390,5.56,0.98,0.74
62421,2.27,0.21,0.2
60956,,,
62039,8.99,2.61,0.87
61941,1.5,0.17,0.15
64457,,,
64103,4.94,2.35,4.5
60081,5.14,1.4,0.67
62607,13.15,4.54,0.62
62307,6.02,1.05,0.48
62240,9.41,1.9,1.35
63354,5.04,2.22,1.01
67246,7.11,1.39,0.35
68682,8.67,3.4,2.95
66860,2.0,0.36,0.47
64150,7.77,1.99,1.15
64792,0.1,0.1,0.1
64794,7.69,2.76,1.49
65721,7.89,0.22,0.23
66974,5.55,0.47,0.39
51258,5.73,0.49,2.17
52369,3.45,1.13,2.8
50671,6.83,1.51,1.6
51933,5.56,1.0,0.58
53196,2.78,0.97,0.77
50534,0.75,0.16,0.71
49615,5.38,0.96,1.51
51784,3.81,0.42,1.03
50965,10.16,5.02,0.71
54582,9.26,1.56,0.35
55666,5.05,1.18,0.24
56572,6.43,1.82,3.76
55288,8.91,1.97,1.54
55288,2.86,0.61,1.32
57629,2.4,0.47,0.29
57757,3.25,0.26,0.25
55664,4.94,2.22,5.57
57370,4.94,1.92,5.85
56445,2.0,0.87,0.11
52409,4.61,1.84,0.48
55022,4.64,2.02,0.93
55848,,,
55846,3.45,1.12,3.97
48351,4.55,1.15,0.17
47588,14.19,1.1,0.41
48711,5.12,0.85,1.3
47990,5.14,2.13,1.22
50005,6.43,2.95,5.73
49756,4.95,1.64,2.13
47292,8.73,1.12,0.93
46580,0.4,0.1,0.1
50870,3.7,0.39,0.32
53725,12.39,2.66,0.7
53049,4.38,1.32,1.48
50473,6.64,1.85,0.96
50826,6.43,2.93,4.01
58843,13.14,5.95,0.28
59610,7.03,1.15,1.34
59589,9.01,2.03,1.88
55757,3.5,0.9,0.34
55642,1.46,0.14,0.13
57080,6.06,0.49,0.56
62198,8.67,3.14,0.81
61901,13.16,8.02,0.18
63881,9.01,2.41,0.91
64797,1.0,0.2,0.2
64426,14.24,1.9,0.18
64241,0.4,0.1,0.1
63330,4.9,1.1,0.15
62162,8.2,0.65,0.78
62523,4.94,2.65,3.67
61028,5.54,1.52,3.61
62507,9.24,1.0,0.83
56242,2.1,0.3,0.3
55765,2.0,0.23,0.06
57617,6.68,0.47,0.7
55592,10.16,5.38,0.41
55868,5.58,2.64,1.85
52015,7.05,0.91,1.05
53537,5.24,1.32,1.44
54375,3.32,1.7,2.21
54196,8.72,0.57,0.7
59233,,,
59735,8.89,2.05,1.6
60314,5.66,3.08,1.0
57300,6.5,0.83,0.91
56186,3.87,1.04,0.82
56997,1.3,0.3,0.3
57939,,,
58287,5.1,0.26,0.45
87116,4.94,2.28,3.46
90485,2.9,0.34,0.15
89620,3.66,0.3,1.56
85423,1.24,0.04,0.03
87824,2.95,1.04,0.95
88937,3.04,1.43,2.49
87370,7.21,1.59,1.23
88039,10.11,1.95,1.22
92929,3.66,1.3,0.82
91287,7.87,3.27,1.31
90655,5.56,1.07,0.93
91438,4.39,1.99,2.79
94129,11.93,1.09,1.2
90790,5.75,2.92,5.29
92882,1.87,0.22,0.26
84405,1.4,0.3,0.3
84478,0.6,0.1,0.1
85285,10.96,2.31,2.32
84856,4.15,1.33,0.11
82621,7.53,0.37,0.33
81754,2.66,0.34,0.4
82265,10.16,3.88,2.02
85397,2.56,0.23,0.21
88010,,,
90004,12.22,1.82,1.42
89583,13.14,4.1,0.65
89844,9.6,0.12,0.92
86985,6.52,0.68,0.54
87533,7.98,0.71,0.72
88175,1.8,0.13,0.15
97063,2.03,0.36,0.29
96536,2.9,0.01,1.07
98532,11.63,1.19,1.0
98416,7.01,1.12,0.87
93827,13.72,1.24,0.62
95962,5.37,2.13,1.48
101136,4.51,0.48,1.14
100783,3.1,0.29,0.36
99711,1.5,0.2,0.2
99025,3.5,0.28,0.89
96402,10.15,1.26,1.49
96948,7.67,1.09,1.77
98698,1.5,0.3,0.3
91332,7.63,1.54,0.84
91880,2.15,0.2,0.26
90539,11.65,4.6,1.42
94449,9.63,1.59,1.65
93138,2.68,0.34,0.38
91237,2.74,0.57,0.43
96351,1.3,0.41,0.52
96142,13.14,6.23,0.57
95740,3.52,0.69,0.71
97675,1.2,0.3,0.3
98020,13.14,7.32,0.22
94068,1.31,0.06,0.07
95253,3.15,0.27,0.98
95447,5.02,0.34,2.87
95572,,,
96078,4.53,0.85,0.82
82369,2.18,0.41,0.32
83962,2.08,0.22,0.06
83181,2.91,1.25,2.5
79672,4.48,1.36,2.11
77883,9.95,2.91,1.06
79545,11.26,0.76,1.08
81608,3.06,0.39,0.43
81681,11.65,1.55,1.91
81461,11.68,1.13,1.06
81300,1.8,0.4,0.4
84803,7.44,1.54,3.11
85090,4.0,0.57,0.3
83906,6.01,1.66,0.1
83058,3.3,1.31,0.5
84696,5.29,1.39,0.43
85042,7.95,2.31,1.22
85757,9.09,1.32,1.37
85307,2.67,0.35,0.39
86400,3.2,0.6,0.6
82935,3.93,0.15,1.57
82629,3.65,0.18,1.19
84217,2.72,0.36,0.37
82588,0.6,0.1,0.1
83601,0.6,0.2,0.2
77749,,,
79304,2.41,1.06,2.22
74948,3.25,0.19,0.47
75923,7.08,3.86,1.6
74443,,,
74975,3.3,0.7,0.7
77052,4.6,1.63,2.58
76963,7.35,0.43,0.53
77159,8.85,1.37,1.06
78030,6.75,0.8,1.13
77257,4.2,1.1,1.1
81022,4.26,0.43,1.96
80837,11.33,0.67,0.99
80162,13.14,7.93,0.19
83204,8.24,1.15,0.82
81748,9.57,2.09,1.04
88601,1.3,0.3,0.3
88622,10.12,2.61,1.49
87089,,,
90593,5.2,0.08,2.33
86013,,,
86225,3.5,0.68,0.59
85940,5.4,0.59,0.52
84824,6.03,1.39,1.66
87732,4.4,0.47,0.57
88166,,,
93203,1.93,0.09,0.08
90864,4.94,2.36,3.2
94615,11.65,6.52,0.65
93975,1.08,0.28,0.36
90144,8.19,0.71,0.74
92043,2.46,0.18,0.14
92270,0.95,0.0,1.39
84506,6.31,0.92,0.66
86321,5.66,2.87,1.25
85912,3.29,0.44,0.4
83489,11.65,5.04,0.67
85007,5.25,0.97,1.87
88348,12.81,3.29,0.92
88194,8.09,1.07,2.27
89912,2.52,0.87,2.56
89408,6.58,0.28,0.29
88945,3.32,1.49,2.3
86974,7.88,0.23,0.24
86382,3.36,0.27,0.29
85378,12.95,1.42,0.59
88427,8.66,3.91,1.11
88972,5.4,1.2,1.2
22504,2.71,1.37,2.36
26394,3.0,0.73,1.89
8991,2.25,0.14,0.3
1292,,,
16115,1.94,0.8,1.33
26380,8.6,0.76,0.21
20677,13.02,1.44,1.07
20625,8.1,1.47,1.85
20277,,,
2021,6.15,0.22,0.1
5842,14.26,2.68,0.1
5529,8.67,2.95,3.64
3497,9.18,1.36,3.37
7599,5.14,1.19,1.96
15330,6.42,3.56,0.87
15371,6.22,2.73,0.83
14240,1.95,0.14,0.2
17096,4.15,1.36,2.1
12653,0.7,0.2,0.2
14964,1.74,0.5,1.61
27887,11.65,7.5,1.07
25544,0.5,0.1,0.1
23693,,,
27244,1.84,0.6,1.84
21850,6.18,1.96,2.64
28393,4.94,2.18,5.52
25963,5.12,1.23,0.2
15510,14.38,2.59,0.03
14857,3.56,0.96,0.43
16365,13.24,1.63,0.88
22451,10.16,6.31,2.34
18870,5.01,1.19,0.39
1599,7.16,2.36,0.27
3170,8.22,1.34,0.36
7751,3.45,1.08,7.14
7751,4.94,2.25,6.01
7978,1.29,0.33,1.52
1931,4.09,0.84,1.54
1954,4.79,2.28,2.14
2711,2.99,0.67,0.42
5862,3.34,1.2,0.32
10138,3.2,0.5,0.5
9381,12.88,1.91,0.71
8398,6.01,1.69,0.4
522,2.9,0.24,0.42
4959,2.99,0.9,0.66
5054,14.4,1.2,0.23
3391,8.37,2.15,1.15
7885,7.86,2.14,0.78
4148,7.23,3.3,5.15
6607,8.67,3.37,3.3
13473,1.65,0.15,0.14
14879,,,
15527,8.24,0.79,2.02
12186,7.05,0.49,0.29
14623,3.32,1.64,1.94
13769,,,
17420,5.75,2.06,6.39
15940,10.06,0.62,1.25
10798,6.43,2.81,5.08
11072,0.7,0.1,0.1
12843,3.57,1.27,1.19
11915,7.52,3.96,0.78
8770,2.66,0.7,0.51
8121,6.51,0.84,1.43
8507,6.35,3.63,1.99
7961,12.48,0.82,0.89
8674,13.14,7.0,0.15
11783,2.85,0.15,0.38
9349,5.56,2.69,1.33
14501,11.47,1.43,1.01
12381,3.81,0.13,1.3
13402,0.2,0.1,0.1
16537,0.4,0.1,0.1
16169,13.39,3.19,0.42
12390,2.75,0.15,0.95
12444,0.9,0.2,0.2
14241,10.16,3.83,2.6
45183,6.9,0.16,0.67
37284,4.94,1.91,7.02
56675,1.76,0.18,0.14
55280,2.33,0.26,0.3
46126,2.41,1.07,2.0
29271,4.9,0.7,0.7
43686,5.42,0.27,2.03
30037,8.44,2.68,1.79
38558,6.43,2.74,3.98
38908,5.99,2.45,1.39
38179,8.67,2.8,2.55
54102,3.81,1.93,1.88
57291,6.5,0.29,2.49
57172,4.94,2.29,5.55
51523,5.1,0.29,0.28
53837,5.13,2.16,2.38
57443,10.91,3.04,1.43
54287,6.71,1.34,2.08
52676,8.28,1.34,1.66
52472,7.49,0.81,0.57
55013,9.45,3.44,2.63
47048,3.04,0.87,0.88
47202,3.25,1.34,3.52
44713,7.79,0.74,1.74
49024,6.66,1.84,0.48
52521,10.16,6.23,2.28
53818,2.5,0.34,0.49
54400,9.81,1.96,0.41
52673,10.16,5.71,2.28
50075,3.04,0.79,2.6
51551,1.99,0.25,0.27
52325,13.14,4.53,0.67
51477,11.94,1.23,1.18
30480,5.96,1.54,0.75
33468,3.14,1.06,0.34
33324,,,
36210,8.07,2.03,2.2
30034,3.45,1.37,5.56
34834,1.92,0.21,0.14
43177,2.77,1.15,1.3
42291,2.9,0.93,1.57
42808,6.43,3.04,5.06
39061,1.62,0.16,0.16
40952,3.55,1.6,1.93
39748,7.4,3.04,1.63
30104,4.32,1.03,1.7
34065,9.6,1.81,1.71
28913,2.89,0.63,0.26
30502,8.09,2.36,1.66
30476,10.94,1.73,0.45
32970,3.57,0.48,1.13
31419,8.64,2.04,1.46
36515,,,
37853,,,
38072,5.56,2.92,1.68
35148,9.11,0.8,0.68
37171,6.85,2.74,2.02
37419,6.43,3.4,2.41
34879,4.22,1.59,0.79
36795,2.56,0.19,0.4
43190,6.29,2.22,1.62
46007,1.61,0.55,3.03
41926,8.67,4.66,3.33
42214,6.43,2.19,4.29
41317,6.35,1.52,2.92
48468,3.31,0.23,0.13
47592,3.78,0.43,1.13
49668,9.93,1.34,0.89
50013,2.1,0.41,0.51
49728,7.14,2.09,1.77
47007,2.02,0.47,1.35
42430,,,
40035,2.68,0.83,0.35
40693,7.4,4.23,1.99
44927,4.9,0.52,0.59
44075,12.24,0.88,1.0
44860,13.18,0.77,0.93
44896,9.7,0.81,0.44
42343,3.65,0.29,0.98
42333,0.3,0.1,0.1
44212,4.98,1.9,1.15
44890,4.45,2.16,2.21
43393,,,
43726,1.4,0.3,0.3
82853,13.33,3.61,0.39
79242,10.96,3.0,2.1
69090,7.07,1.14,0.2
74653,5.58,2.39,1.75
84988,,,
79143,6.43,2.97,3.48
80686,2.1,0.4,0.4
85272,13.14,5.6,0.39
80645,1.55,0.1,0.1
78169,1.68,0.62,2.47
76716,2.0,0.55,0.31
79190,12.39,7.42,0.59
65036,5.28,0.09,2.26
69796,6.05,1.41,1.06
66618,4.95,0.73,1.46
70459,4.73,1.66,1.77
69063,,,
62534,14.25,1.52,0.31
61291,,,
65479,1.79,0.14,0.14
69972,8.67,5.9,3.28
68162,5.0,1.25,1.7
75308,2.76,0.49,0.43
74273,4.66,0.74,2.44
71681,5.2,0.8,0.8
71683,4.2,0.6,0.6
72673,5.92,0.47,0.62
71735,,,
71184,1.5,0.17,0.16
73241,8.83,1.88,1.77
75181,14.11,1.31,0.36
83229,,,
85969,7.55,1.28,0.91
83431,1.74,0.25,0.31
79967,9.8,0.46,0.76
83707,3.66,1.81,1.82
81746,9.45,3.02,2.24
86796,7.55,2.21,0.03
84720,,,
87330,6.43,3.23,5.72
84489,3.28,0.31,1.11
84551,1.69,0.16,0.15
77517,10.16,6.07,2.46
78117,2.01,0.21,0.25
78747,2.69,0.32,1.15
77358,5.71,2.0,2.39
80337,0.6,0.1,0.1
82708,3.0,0.14,1.12
79578,2.58,0.97,2.54
78330,12.96,1.52,0.78
80736,5.0,0.41,0.91
60644,2.24,0.76,1.27
62229,10.16,5.97,2.56
64583,4.1,0.52,0.43
66047,6.8,1.45,1.42
64550,9.94,2.26,1.97
67742,8.67,5.12,3.5
71639,2.13,0.31,0.39
61328,1.58,0.19,0.12
60729,8.37,0.83,0.74
64408,5.6,0.8,0.8
63918,,,
61595,4.73,1.93,1.64
58803,,,
60370,2.9,1.35,1.46
66238,,,
67408,4.61,1.93,0.72
66765,8.67,4.37,3.74
65808,7.65,1.04,2.2
64295,6.43,3.11,5.72
66885,13.14,4.29,0.69
66563,1.63,0.2,0.16
66060,1.26,0.3,0.33
64459,9.6,0.81,0.11
64713,1.83,0.55,3.32
62661,6.32,1.46,0.44
65737,9.23,1.37,1.77
67620,10.26,3.54,1.9
74389,5.51,1.89,1.33
72772,3.35,0.05,1.29
74500,5.41,0.6,2.17
73385,13.24,1.91,0.83
73184,3.7,0.5,0.5
79524,8.75,0.45,0.39
77740,3.29,1.6,1.56
78400,2.35,0.31,0.84
78059,1.91,0.18,0.14
76976,,,
70681,6.43,3.2,5.3
67487,,,
70123,2.71,1.5,1.41
69232,13.14,6.18,0.57
75379,2.69,0.32,0.35
74067,12.5,3.7,0.95
73309,2.45,0.29,0.45
104436,4.94,1.55,4.58
116250,4.95,1.06,0.1
110852,0.55,0.03,1.44
110712,6.41,1.44,1.5
108158,8.38,1.81,1.66
102128,4.52,1.34,1.04
103654,6.95,1.28,0.9
116745,13.14,8.01,0.16
113137,6.69,1.63,0.65
109214,6.7,0.59,0.77
105858,6.36,1.18,1.16
106213,3.29,1.03,1.73
100396,3.15,0.2,1.22
98959,11.69,2.14,1.4
99240,7.42,1.67,1.97
89162,7.73,2.15,0.83
95467,8.67,4.69,3.83
101806,4.01,0.34,2.2
106696,7.18,3.87,4.8
101905,5.3,1.93,2.09
103458,14.41,2.21,0.04
118123,4.94,2.43,2.8
116084,2.24,0.95,1.09
114996,2.06,0.2,0.47
115577,10.22,1.17,1.15
110109,8.57,1.47,1.49
112414,7.75,0.47,0.33
113044,5.0,1.18,0.03
111143,5.81,1.44,0.37
110843,4.9,2.0,2.03
112117,3.5,0.8,1.43
117320,7.31,0.91,0.34
115054,2.11,0.23,0.2
108736,11.4,1.77,0.92
107649,3.32,1.22,2.14
107225,2.5,1.14,0.12
109821,10.41,1.56,0.76
108375,3.05,1.54,0.4
111978,6.43,3.02,3.29
111960,13.15,8.51,0.0
113238,6.43,2.9,3.33
109422,,,
89650,6.03,2.51,1.67
89042,5.33,1.14,1.5
94570,6.42,0.67,0.52
94858,2.9,0.15,0.95
100412,7.59,0.89,0.53
97546,2.15,0.57,1.26
99461,6.1,0.9,0.9
90223,8.16,1.72,1.0
93858,4.17,1.65,3.64
89269,6.99,1.35,0.93
97515,2.96,0.45,0.45
98066,3.0,0.62,0.12
95164,6.73,1.45,0.51
96124,10.16,3.48,2.12
94645,2.5,1.52,0.04
103882,1.98,0.11,0.12
103646,1.31,0.3,0.35
100925,6.43,2.25,4.18
102152,8.6,3.31,1.24
104504,1.95,0.41,3.72
102485,1.3,0.6,0.31
102018,4.9,0.83,1.96
108996,1.81,0.43,3.64
109509,2.57,0.36,0.36
108708,3.81,1.97,2.04
106006,5.71,1.87,2.29
106559,1.35,0.32,0.94
104903,3.59,1.67,1.26
105481,6.0,0.52,0.33
108468,7.81,1.26,1.54
107095,2.99,0.15,0.14
99825,,,
100233,8.02,1.03,1.5
101997,9.41,5.19,2.94
102762,6.25,1.21,1.39
100568,4.94,2.23,4.57
101027,1.74,0.14,0.15
98589,3.13,1.56,2.06
99224,10.79,1.03,0.76
99572,3.04,0.51,0.45
102664,1.94,0.71,3.23
106007,5.79,0.86,0.66
101507,5.45,1.15,0.25
102379,8.44,0.59,0.88
103682,6.34,1.11,1.23
103237,3.09,0.75,0.26
