main_id,ra,dec,hd,gj,hip,wds,sp_type,sp_bibcode,plx_value,plx_err,plx_bibcode,v,v_err,v_bibcode,g,g_err,g_bibcode
V* V645 Cen,217.42893801442042,-62.67949189414083,,GJ   551,HIP  70890,WDS J14396-6050C,M5.5Ve,1991AJ....101..662B,768.5004,0.203,2018yCat.1345....0G,11.13,,2014AJ....147...21J,8.9536,9.0E-4,2018yCat.1345....0G
Wolf  359,164.1201092,7.014539999999999,,GJ   406,,,M6Ve,2004AJ....128.2460H,413.13,1.27,2016AJ....152...24W,13.507,0.006,1992AJ....104..340L,,,
Ross  248,355.4793171610063,44.17745144152694,,GJ   905,,,M5.0V,2015A&A...577A.128A,316.9558,0.126,2018yCat.1345....0G,,,,10.3655,8.0E-4,2018yCat.1345....0G
G  51-15,127.4556367656564,26.7760074370336,,GJ  1111,,,M6.5Ve,2004AJ....128.2460H,279.2901,0.1345,2018yCat.1345....0G,,,,12.1857,4.0E-4,2018yCat.1345....0G
L  372-58,53.9987486437812,-44.5127014623174,,GJ  1061,,,M5.5V,2002AJ....123.2002H,272.2446,0.0661,2018yCat.1345....0G,13.07,,2014AJ....147...21J,10.9889,9.0E-4,2018yCat.1345....0G
NAME Teegarden's Star,43.2537138712588,16.8812894684074,,,,,M7.0V,2015A&A...577A.128A,261.0147,0.269,2018yCat.1345....0G,,,,12.2746,0.001,2018yCat.1345....0G
DENIS J104814.6-395606,162.0607226112893,-39.9352342251572,,,,,M8.5Ve:,2004AJ....128.2460H,247.2157,0.1236,2018yCat.1345....0G,17.532,0.057,2005AJ....130..337C,14.02,6.0E-4,2018yCat.1345....0G
LP  731-58,162.05255936790337,-11.336002627195557,,GJ  3622,,,M6.5V,2015A&A...577A.128A,219.1159,0.1567,2018yCat.1345....0G,15.784,0.03,2012yCat.1322....0Z,12.8493,8.0E-4,2018yCat.1345....0G
L  143-23,161.0884725540671,-61.209795369411395,,GJ  3618,,,M5.5V,1991AJ....101..662B,206.8172,0.0735,2018yCat.1345....0G,13.92,,2008MNRAS.389..585C,11.8613,6.0E-4,2018yCat.1345....0G
G 158-27,1.6799884556237503,-7.538062297491111,,GJ  1002,,,M5.5V,1983SAAOC...7..106W,206.2134,0.1281,2018yCat.1345....0G,13.837,0.03,2012yCat.1322....0Z,11.7804,8.0E-4,2018yCat.1345....0G
2MASSI J1835379+325954,278.9078348168579,32.998142043843615,,,,,M8.5V,2012AJ....144...99D,175.8244,0.0905,2018yCat.1345....0G,,,,14.8692,9.0E-4,2018yCat.1345....0G
LP  368-128,135.0981122179871,21.8346939456146,,,,,M6.5Ve,2004AJ....128.2460H,156.7584,0.1329,2018yCat.1345....0G,16.1,,2008MNRAS.389..585C,13.4323,6.0E-4,2018yCat.1345....0G
LP  944-20,54.8968854868875,-35.4287856848425,,,,,M9.5Ve,2002A&A...390L..27M,155.759,0.0991,2018yCat.1345....0G,18.69,,2014AJ....148...91L,15.4654,9.0E-4,2018yCat.1345....0G
UCAC4 642-113039,326.5919680495911,38.2180486022704,,,,,M5V,2014AJ....147...20N,142.0522,0.0513,2018yCat.1345....0G,,,,10.8245,7.0E-4,2018yCat.1345....0G
LP  914-54,224.15943497873542,-28.163506230624165,,GJ  3877,,,M7.0Ve,2015AJ....149..106D,141.6865,0.1063,2018yCat.1345....0G,17.141,0.036,2005AJ....130..337C,14.0833,7.0E-4,2018yCat.1345....0G
G 157-77,353.7935923510858,-2.3890596655219443,,GJ  1286,,,M5.0Ve,2015AJ....149..106D,139.31,0.1066,2018yCat.1345....0G,14.69,,1995GCTP..C......0V,12.6402,7.0E-4,2018yCat.1345....0G
G 141-36,282.0730709811048,7.6892159592679,,,,,M5.0V,2015A&A...577A.128A,131.199,0.0788,2018yCat.1345....0G,,,,12.3134,6.0E-4,2018yCat.1345....0G
SIPS J1259-4336,194.7698707078515,-43.6067840583255,,,,,M8:,2015AJ....149..104B,129.0505,0.1398,2018yCat.1345....0G,,,,14.8568,9.0E-4,2018yCat.1345....0G
G 109-35,104.8700691624025,19.34884943895417,,GJ  1093,,,M5.0Ve,2015AJ....149..106D,129.0023,0.1681,2018yCat.1345....0G,,,,12.7999,8.0E-4,2018yCat.1345....0G
G 227-22,270.5691862061581,64.2622885867067,,,,,M5.0V,2015A&A...577A.128A,128.4871,0.0576,2018yCat.1345....0G,,,,11.7727,6.0E-4,2018yCat.1345....0G
G 122-49,177.74050602427417,48.377378464865004,,GJ  1151,,,M7,1986AJ.....92..139S,124.4074,0.1186,2018yCat.1345....0G,,,,11.6938,5.0E-4,2018yCat.1345....0G
SCR J1138-7721,174.56989580133,-77.3634945246903,,,,,M5.0V,2014AJ....148...91L,119.2548,0.0718,2018yCat.1345....0G,14.78,,2008MNRAS.389..585C,12.8358,6.0E-4,2018yCat.1345....0G
SCR J1546-5534,236.6737137970979,-55.579857349804165,,,,,M7.5,2013A&A...556A..15R,119.0962,0.7032,2018yCat.1345....0G,,,,14.5762,0.0011,2018yCat.1345....0G
NLTT 40406,232.626366371171,9.4337315212803,,,,,M5.5V,2015A&A...577A.128A,115.7576,0.1437,2018yCat.1345....0G,,,,13.092,6.0E-4,2018yCat.1345....0G
V* AP Col,91.217286364451,-34.559936689964,,,,,M5,2006AJ....132..866R,115.3997,0.0761,2018yCat.1345....0G,12.96,0.02,2014AJ....147...85R,11.1094,0.0018,2018yCat.1345....0G
LP  666-9,133.400669837168,-3.4922781497408,,GJ  3517,,,M9Ve,2005PASP..117..676R,115.3036,0.1132,2018yCat.1345....0G,18.959,0.176,2005AJ....130..337C,15.9087,0.0012,2018yCat.1345....0G
PM J11413-3624,175.3396712243398,-36.4096002278868,,,,,M5,2014MNRAS.443.2561G,115.1985,0.0751,2018yCat.1345....0G,13.105,0.04,2012yCat.1322....0Z,11.5798,0.001,2018yCat.1345....0G
LEHPM 3396,53.5509108973893,-49.8922258592025,,,,,M9,2009AJ....137....1F,112.6361,0.0923,2018yCat.1345....0G,,,,15.859,9.0E-4,2018yCat.1345....0G
LP  469-206,34.1243824014291,13.5868878956126,,GJ  3146,,,M5.0Ve,2015AJ....149..106D,109.803,0.1932,2018yCat.1345....0G,,,,13.5794,6.0E-4,2018yCat.1345....0G
LP  469-67,30.5676767289255,10.337209380517,,GJ  3128,,,M5.5V,2015A&A...577A.128A,108.533,0.1215,2018yCat.1345....0G,,,,13.4579,7.0E-4,2018yCat.1345....0G
2MASS J00113182+5908400,2.8825835196601,59.1444121578052,,,,,M6.0V,2015A&A...577A.128A,107.4214,0.0651,2018yCat.1345....0G,15.68,,2009AJ....137.4109L,13.4914,4.0E-4,2018yCat.1345....0G
2MASS J11592743-5247188,179.8640030188842,-52.7885862579955,,,,,M9V,,105.5855,0.1291,2018yCat.1345....0G,19.0,,,16.0315,9.0E-4,2018yCat.1345....0G
UCAC4 379-100760,271.4360568606043,-14.3784682270375,,,,,M5.5V,2015A&A...577A.128A,105.5637,0.1437,2018yCat.1345....0G,,,,13.277,0.0011,2018yCat.1345....0G
G 234-45,130.3338706148495,59.4973457914477,,GJ  3512,,,M5.70,2015ApJ...802L..10T,105.3856,0.0944,2018yCat.1345....0G,,,,13.1117,0.001,2018yCat.1345....0G
G 192-15,90.6216441199907,49.8655990062526,,GJ  3380,,,M5.0V,2015A&A...577A.128A,104.8903,0.0746,2018yCat.1345....0G,,,,12.6973,7.0E-4,2018yCat.1345....0G
PM J20502-3424,312.5673335630917,-34.4118333184068,,,,,M5e,2014MNRAS.443.2561G,104.0706,0.0869,2018yCat.1345....0G,13.88,,2008AJ....135.2177L,12.0651,5.0E-4,2018yCat.1345....0G
LP  655-48,70.0969838881514,-5.5022580889006,,,,,M7.5Ve,2002A&A...390L..27M,102.4638,0.1063,2018yCat.1345....0G,17.79,0.06,2014AJ....147...85R,14.9271,8.0E-4,2018yCat.1345....0G
G 268-110,16.224179250766667,-18.12461886645639,,GJ  1028,,,M5,,102.3224,0.0752,2018yCat.1345....0G,14.47,,2006yCat.2168....0M,12.7127,6.0E-4,2018yCat.1345....0G
G 203-42,255.84951486608128,51.40635255225694,,GJ  3988,,,M5.0V,2014AJ....147...21J,100.8741,0.042,2018yCat.1345....0G,,,,11.9925,6.0E-4,2018yCat.1345....0G
L  403-31,210.9647759396106,-42.6980570888964,,,,,M5e,2014MNRAS.443.2561G,100.6149,0.1189,2018yCat.1345....0G,13.003,0.02,2012yCat.1322....0Z,11.7075,0.001,2018yCat.1345....0G
LP   98-79,217.6574586499206,59.723574871121,,GJ  3855,,,M6.5V,1991AJ....101..662B,100.293,0.0793,2018yCat.1345....0G,17.88,,2004AJ....128..463R,14.867,6.0E-4,2018yCat.1345....0G
L  480-69,234.1436975958783,-37.906374957745555,,GJ   590,,,M5e,2014MNRAS.443.2561G,99.1979,0.0886,2018yCat.1345....0G,12.72,,1990A&AS...83..357B,11.3632,0.0014,2018yCat.1345....0G
UCAC4 175-092532,191.4688451514004,-55.1139276100421,,,,,M5e,2014MNRAS.443.2561G,98.1757,0.0722,2018yCat.1345....0G,13.684,0.04,2012yCat.1322....0Z,12.1143,3.0E-4,2018yCat.1345....0G
G  97-15,76.0614925102354,11.0566288925832,,GJ  3326,,,M5V,2014AJ....147...20N,98.1514,0.0837,2018yCat.1345....0G,,,,12.2321,5.0E-4,2018yCat.1345....0G
2MASS J04195212+4233304,64.9672181224041,42.5584517198802,,,,,M8/9V,2014AJ....147...20N,97.9503,0.1874,2018yCat.1345....0G,,,,15.5849,0.0012,2018yCat.1345....0G
L  363-38,10.8583439079032,-41.2927853685494,,GJ  3049,,,M5,2014MNRAS.443.2561G,97.7275,0.0819,2018yCat.1345....0G,11.51,,,11.5607,8.0E-4,2018yCat.1345....0G
L  273-106,280.7790597687717,-54.613435116932,,,,,M5,2014MNRAS.443.2561G,97.6612,0.0637,2018yCat.1345....0G,,,,11.5056,9.0E-4,2018yCat.1345....0G
L  788-37,333.4285950748875,-17.685743470871945,,GJ  1265,,,M5,2014MNRAS.443.2561G,97.5087,0.0711,2018yCat.1345....0G,13.672,0.01,2012yCat.1322....0Z,12.0807,6.0E-4,2018yCat.1345....0G
WISEA J051019.92+271355.3,77.58370316492916,27.233853088250836,,,,,M7V,2014AJ....147...20N,97.3989,0.1775,2018yCat.1345....0G,15.4,,2004AJ....128..463R,14.9652,0.0015,2018yCat.1345....0G
LP  245-10,34.291745072107915,35.44237556324722,,GJ  3147,,,M7V,2014AJ....147...20N,96.7195,0.1109,2018yCat.1345....0G,,,,13.7177,0.0012,2018yCat.1345....0G
G 169-29,252.7414031290863,22.4515729565538,,GJ  3976,,,M5V,2014AJ....147...20N,95.5605,0.0619,2018yCat.1345....0G,,,,12.4129,5.0E-4,2018yCat.1345....0G
LP  169-22,169.8775421497782,46.6953155606084,,,,,M5.5,1997PASP..109..849G,95.3162,0.3966,2018yCat.1345....0G,15.86,,2009AJ....137.4109L,13.6755,5.0E-4,2018yCat.1345....0G
2MASS J03304890+5413551,52.7037110829346,54.2319889950132,,,,,M7V,2014AJ....147...20N,95.2922,0.0847,2018yCat.1345....0G,15.96,,2009AJ....137.4109L,13.737,5.0E-4,2018yCat.1345....0G
LP  775-31,68.8172807773623,-16.115903884367,,,,,M8Ve,2002A&A...390L..27M,94.4906,0.2523,2018yCat.1345....0G,17.82,,2008MNRAS.389..585C,14.629,6.0E-4,2018yCat.1345....0G
LP  647-13,17.4633429627457,-3.7239975426795002,,,,,M9Ve,2003AJ....126.3007R,94.3979,0.318,2018yCat.1345....0G,19.266,0.116,2005AJ....130..337C,16.3515,0.0019,2018yCat.1345....0G
LP  860-41,238.1858810565122,-26.3871417374373,,,,,M6.0V,2012AJ....144...99D,94.1554,0.1705,2018yCat.1345....0G,,,,14.1005,5.0E-4,2018yCat.1345....0G
G 261-6,291.0679406583566,75.5532899089495,,GJ  1238,,,M6V,2015ApJ...812....3W,94.0738,0.0551,2018yCat.1345....0G,,,,13.4037,6.0E-4,2018yCat.1345....0G
TVLM 513-46,225.284113250268,22.8339223556843,,,,,M8.5V,2011ApJS..197...19K,93.4497,0.1945,2018yCat.1345....0G,15.09,,1995GCTP..C......0V,16.5301,9.0E-4,2018yCat.1345....0G
UCAC4 444-118477,302.3260305501279,-1.227310329752,,,,,M5.0V,2015A&A...577A.128A,92.5166,0.1155,2018yCat.1345....0G,14.47,0.05,2014AJ....147...85R,12.6943,9.0E-4,2018yCat.1345....0G
LP  760-3,337.2264536388975,-13.422071846238333,,GJ  4281,,,M6.5V,1991ApJS...77..417K,91.8949,0.0948,2018yCat.1345....0G,17.14,,1995GCTP..C......0V,14.563,7.0E-4,2018yCat.1345....0G
Ross  594,67.6053810751746,39.8498412812367,,GJ   170,,,M5V,2015ApJ...812....3W,91.7968,0.0771,2018yCat.1345....0G,13.959,0.01,2012yCat.1322....0Z,12.3262,5.0E-4,2018yCat.1345....0G
2MASS J15345704-1418486,233.73721689389168,-14.313681189270556,,,,,M8.6V,2014ApJ...794..143B,91.6785,0.1735,2018yCat.1345....0G,,,,15.7701,8.0E-4,2018yCat.1345....0G
LP  851-346,178.9285473012785,-22.4163314684153,,,,,M7.5V,2014AJ....147...94D,91.5952,0.1544,2018yCat.1345....0G,,,,15.1217,9.0E-4,2018yCat.1345....0G
V* V816 Her,280.6874109973441,13.9046468212086,,GJ  4071,,,M5V,2014AJ....147...20N,91.4293,0.0709,2018yCat.1345....0G,12.86,0.04,2014AJ....147...85R,11.3995,0.0021,2018yCat.1345....0G
LP  271-25,217.180113619146,33.1775682653594,,GJ  3849,,,M9Ve,2005PASP..117..676R,90.9962,0.1271,2018yCat.1345....0G,,,,16.6299,6.0E-4,2018yCat.1345....0G
SCR J0838-5855,129.5090483265904,-58.9328887193423,,,,,M6e,2017A&A...600A..19P,90.0357,0.2227,2018yCat.1345....0G,17.15,,2011AJ....141...21W,14.4115,0.0029,2018yCat.1345....0G
LSR J1826+3014,276.5458455770979,30.23857597168,,,,,M8.5V,2002ApJ...581L..47L,90.0024,0.1086,2018yCat.1345....0G,19.36,,2004AJ....128..463R,15.9454,0.001,2018yCat.1345....0G
G 218-20,15.4978902215177,54.1826975285869,,GJ  3069,,,M5,2012ApJ...748...93R,89.9348,0.0752,2018yCat.1345....0G,,,,13.174,5.0E-4,2018yCat.1345....0G
G 180-60,247.8282877272153,40.8643624863602,,GJ  3959,,,M6V,2014AJ....147...20N,88.8598,0.0771,2018yCat.1345....0G,,,,12.9519,0.0012,2018yCat.1345....0G
PM J17189-4131,259.7272955049651,-41.5278014957402,,,,,M6,2017A&A...600A..19P,88.7885,0.1768,2018yCat.1345....0G,15.94,,2008AJ....135.2177L,14.5783,7.0E-4,2018yCat.1345....0G
LP  625-34,250.0249348718491,0.7052366679672,,GJ  3967,,,M5V,2014AJ....147...20N,88.7193,0.067,2018yCat.1345....0G,,,,12.1933,5.0E-4,2018yCat.1345....0G
LP  938-71,15.7127122247631,-37.6288254573768,,,,,M8.0V,2014AJ....147...94D,87.8684,0.1163,2018yCat.1345....0G,18.575,0.056,2005AJ....130..337C,15.3683,9.0E-4,2018yCat.1345....0G
WOH G 618,88.3602205141904,-71.56383084074389,,,,,M6.0,2007AJ....133.2825R,87.5608,0.0524,2018yCat.1345....0G,16.863,,2011AcA....61..199P,14.1122,7.0E-4,2018yCat.1345....0G
LSR J0539+4038,84.85335625690834,40.64523282493305,,,,,M8.0Ve,2003AJ....125.1598L,87.5414,0.1905,2018yCat.1345....0G,17.0,,2004AJ....128..463R,15.3023,0.0011,2018yCat.1345....0G
G 201-27,224.473884553482,56.6567967308845,,GJ  1187,,,M5.5V,,87.2193,0.0594,2018yCat.1345....0G,,,,13.5923,5.0E-4,2018yCat.1345....0G
LP  732-35,172.78494838775916,-14.955902874008055,,GJ  3668,,,M5,2013A&A...556A..15R,87.073,0.1018,2018yCat.1345....0G,14.24,0.04,2012yCat.1322....0Z,12.5728,3.0E-4,2018yCat.1345....0G
SCR J1855-6914,283.9494631411285,-69.2374800792994,,,,,M6e,2017A&A...600A..19P,86.1196,0.0784,2018yCat.1345....0G,16.61,,2011AJ....141...21W,14.2529,5.0E-4,2018yCat.1345....0G
LSR J2000+3057,300.02374356788624,30.958916967820002,,,,,M6Ve,2003AJ....125.1598L,85.8148,0.0781,2018yCat.1345....0G,15.6,,2004AJ....128..463R,14.3259,4.0E-4,2018yCat.1345....0G
G  41-8,134.0814410762247,12.663827710175,,,,,M6V,2014AJ....147...20N,85.5528,0.0663,2018yCat.1345....0G,14.48,0.05,2012yCat.1322....0Z,12.78,5.0E-4,2018yCat.1345....0G
WT 392,198.2888282211748,-41.5110446588228,,,,,M5,2014MNRAS.443.2561G,84.2744,0.2419,2018yCat.1345....0G,,,,11.4122,9.0E-4,2018yCat.1345....0G
LHS  3241,251.6313670747185,34.581994229878,,,,,M6.0V,2015A&A...577A.128A,83.9869,0.0775,2018yCat.1345....0G,,,,14.3052,5.0E-4,2018yCat.1345....0G
LP  415-302,69.88175898716791,16.261932451299167,,,,,M5.5Ve,2009AJ....137.4109L,83.8988,0.0713,2018yCat.1345....0G,15.74,,2009AJ....137.4109L,13.5724,4.0E-4,2018yCat.1345....0G
G 148-48,185.3627275367082,30.6432435403025,,,,,M5,2004AJ....128..463R,83.3904,0.0853,2018yCat.1345....0G,16.0,,1976AJ.....81..350S,13.3518,0.0019,2018yCat.1345....0G
G 221-5,47.74292709842666,73.77213522831333,,GJ  1053,,,M6,2012ApJ...748...93R,82.7034,0.0577,2018yCat.1345....0G,,,,13.0374,4.0E-4,2018yCat.1345....0G
LP  335-12,279.8878118638737,29.8712447667928,,,,,M6.5Ve,2003AJ....126.3007R,82.1716,0.0985,2018yCat.1345....0G,18.21,,2009AJ....137.4109L,15.1012,8.0E-4,2018yCat.1345....0G
G 177-25,197.5526225085275,47.7551865025354,,,,,M5.0V,2015A&A...577A.128A,82.0336,0.0641,2018yCat.1345....0G,,,,12.8205,7.0E-4,2018yCat.1345....0G
G 182-36,270.69276643727756,37.51749150197528,,GJ  1223,,,M5.51,2015ApJ...802L..10T,81.8797,0.0588,2018yCat.1345....0G,,,,13.105,6.0E-4,2018yCat.1345....0G
LP  292-67,5.122534876235833,33.08511882312056,,GJ  3028,,,M5.5V,,81.6314,0.1169,2018yCat.1345....0G,,,,13.9609,5.0E-4,2018yCat.1345....0G
G 139-29,259.4337149131947,11.6701181409266,,GJ  1215,,,M5V,2014AJ....147...20N,80.7994,0.1696,2018yCat.1345....0G,,,,13.2378,4.0E-4,2018yCat.1345....0G
G   7-4,56.8370372430761,8.6964198446724,,GJ  3250,,,M5V,2014AJ....147...20N,80.6267,0.104,2018yCat.1345....0G,,,,12.9778,5.0E-4,2018yCat.1345....0G
TRAPPIST-1,346.6223683553692,-5.041397691790278,,,,,M8,2007AJ....133.2258S,80.4512,0.1211,2018yCat.1345....0G,18.798,0.082,2006AJ....132.1234C,15.6451,0.0014,2018yCat.1345....0G
LEHPM 5031,340.4973683604532,-75.0091828682152,,,,,M5.5,2017A&A...600A..19P,80.4417,0.0717,2018yCat.1345....0G,,,,13.943,5.0E-4,2018yCat.1345....0G
LP  649-72,33.5523445357382,-3.9621060211123,,,,,M5.5V,2015A&A...577A.128A,80.0531,0.1805,2018yCat.1345....0G,,,,14.1714,9.0E-4,2018yCat.1345....0G
V* DY Psc,6.1026430299648,-1.9722136000287,,,,,M9.5V,2001ApJ...548..908L,79.9653,0.2212,2018yCat.1345....0G,19.42,,2004AJ....128..463R,16.5957,0.0012,2018yCat.1345....0G
LP  888-18,52.8760680795254,-30.7107840630598,,,,,M7.5V,2003AJ....126.2421C,79.9181,0.1136,2018yCat.1345....0G,18.9,,,15.6534,8.0E-4,2018yCat.1345....0G
G  76-62,47.2506966639827,10.0237925938832,,GJ  1055,,,M5.0V,,79.5076,0.0775,2018yCat.1345....0G,14.86,,2009ApJ...704..975J,13.2092,9.0E-4,2018yCat.1345....0G
UCAC4 430-018355,98.8743894577814,-4.0551210306481,,,,,M5.5V,2015A&A...577A.128A,79.4577,0.5147,2018yCat.1345....0G,14.586,0.02,2012yCat.1322....0Z,12.6984,7.0E-4,2018yCat.1345....0G
G  85-19,72.7121943990395,22.1226478800901,,GJ  1072,,,M5V,2014AJ....147...20N,78.968,0.0785,2018yCat.1345....0G,15.23,,,13.3564,5.0E-4,2018yCat.1345....0G
UCAC4 655-108663,332.8506855880389,40.9996392394839,,,,,M5.5V,2015A&A...577A.128A,78.9298,0.0781,2018yCat.1345....0G,15.139,0.01,2014AJ....148...36A,13.2363,0.001,2018yCat.1345....0G
LP  560-35,218.035448272433,8.1920134877393,,,,,M6V,2014AJ....147...20N,78.3186,0.1078,2018yCat.1345....0G,,,,13.6792,6.0E-4,2018yCat.1345....0G
G 130-3,355.719778232555,30.822709213243,,GJ  1288,,,M5V,2014AJ....147...20N,77.9876,0.1206,2018yCat.1345....0G,,,,12.814,4.0E-4,2018yCat.1345....0G
G  25-8,313.3877674043625,10.6172780198084,,GJ  4169,,,M5V,2014AJ....147...20N,77.8446,0.0668,2018yCat.1345....0G,,,,12.4552,5.0E-4,2018yCat.1345....0G
PM J14223-7023,215.5811439360659,-70.3936152437625,,,,,M5,2013A&A...556A..15R,77.7599,0.065,2018yCat.1345....0G,15.17,,2008AJ....135.2177L,13.5874,4.0E-4,2018yCat.1345....0G
LP  795-15,186.3834469861733,-15.994948703969998,,,,,M5.5,2013A&A...556A..15R,77.2467,0.1233,2018yCat.1345....0G,15.264,0.04,2012yCat.1322....0Z,13.3548,5.0E-4,2018yCat.1345....0G
LP  658-44,85.55290361495791,-5.465433453610555,,GJ  2045,,,M5.0V,,77.0157,0.0638,2018yCat.1345....0G,15.358,0.002,2005AJ....130..337C,13.5003,5.0E-4,2018yCat.1345....0G
LP  653-13,53.91089352590166,-8.489664785201665,,,,,M5.5V,2015A&A...577A.128A,76.5611,0.1322,2018yCat.1345....0G,15.885,0.01,2006AJ....132.1234C,13.8699,6.0E-4,2018yCat.1345....0G
LSR J1524+2925,231.1031637534034,29.4254281733841,,,,,M7.5V,2011ApJS..197...19K,76.4976,0.0857,2018yCat.1345....0G,,,,15.3051,6.0E-4,2018yCat.1345....0G
G 253-6,118.9747032817914,83.3847072447001,,GJ  1101,,,M5.0V,2015A&A...577A.128A,76.3524,0.0354,2018yCat.1345....0G,,,,11.7485,7.0E-4,2018yCat.1345....0G
G 154-43,270.9001465665718,-18.9805368960629,,,,,M5.0V,2015A&A...577A.128A,76.1982,0.788,2018yCat.1345....0G,14.141,0.01,2012yCat.1322....0Z,12.4562,0.0012,2018yCat.1345....0G
G 161-71,146.2258021382188,-12.3484372715743,,,,,M5.0V,2015A&A...577A.128A,76.1746,0.0942,2018yCat.1345....0G,13.646,0.183,2012AcA....62...67K,11.9081,0.0037,2018yCat.1345....0G
G  50-12,119.537890970663,7.2837375573376,,GJ  3467,,,M5V,2014AJ....147...20N,76.1348,0.0524,2018yCat.1345....0G,,,,12.2984,4.0E-4,2018yCat.1345....0G
LP   35-347,126.470183356233,69.0336576979968,,GJ  3497,,,M7V,2014AJ....147...20N,75.5531,0.5836,2018yCat.1345....0G,,,,13.6626,0.0015,2018yCat.1345....0G
LHS  2919,217.0173159671098,13.9370334730105,,,,,M7V,2014AJ....147...20N,75.4469,0.1329,2018yCat.1345....0G,17.65,,2009AJ....137.4109L,14.9224,8.0E-4,2018yCat.1345....0G
SSSPM J0306-3648,46.5483304981508,-36.7980146180076,,,,,M8.7V,2014ApJ...794..143B,75.4426,0.0966,2018yCat.1345....0G,19.2,,,16.0152,9.0E-4,2018yCat.1345....0G
GSC 08894-00426,96.483719071103,-60.0575107754467,,,,,M5Ve,1997AJ....114..244C,74.369,0.0393,2018yCat.1345....0G,12.319,0.092,2012AcA....62...67K,11.0259,0.0017,2018yCat.1345....0G
LP  639-1,329.2301950573054,-1.9025935657955555,,GJ  4239,,,M5,,74.1413,0.098,2018yCat.1345....0G,14.64,,1995GCTP..C......0V,13.0378,9.0E-4,2018yCat.1345....0G
2MASS J06422703-6707193,100.6131168375339,-67.1221573520297,,,,,M5.0,2007AJ....133.2825R,74.1265,0.0663,2018yCat.1345....0G,16.01,,2011AJ....141...21W,14.0038,4.0E-4,2018yCat.1345....0G
UCAC4 672-033085,76.27466566107958,44.23436961398972,,,,,M5.0V,2015A&A...577A.128A,74.0291,0.106,2018yCat.1345....0G,,,,13.0466,0.0012,2018yCat.1345....0G
APMPM J2330-4737,352.5673691182619,-47.612523380564,,,,,M6e,2005A&A...440.1061L,73.7865,0.1557,2018yCat.1345....0G,18.081,0.02,2006AJ....132.1234C,15.2486,8.0E-4,2018yCat.1345....0G
G  96-6,73.14420297215543,40.706708796508615,,GJ  1073,,,M5V,2014AJ....147...20N,73.7864,0.1844,2018yCat.1345....0G,13.4,,,12.0483,5.0E-4,2018yCat.1345....0G
V* AZ Cnc,130.12366532532042,18.402424058440833,,"GJ  9272,GJ   316.1",,,M6.0V,2009ApJ...699..649S,73.7602,0.1377,2018yCat.1345....0G,17.59,,2004AJ....128..463R,15.0191,0.0014,2018yCat.1345....0G
G   8-41,68.3915143263759,20.746067229402,,GJ  3296,,,M5V,2014AJ....147...20N,73.5425,0.0975,2018yCat.1345....0G,14.53,0.01,2012yCat.1322....0Z,12.9125,6.0E-4,2018yCat.1345....0G
2MASS J03140344+1603056,48.5143415852182,16.0515210458658,,,,,M9.4V,2014ApJ...794..143B,73.4296,0.2757,2018yCat.1345....0G,,,,17.2319,0.002,2018yCat.1345....0G
LP  911-56,206.6918622392474,-31.823758093857,,,,,M6,2006A&A...446..515P,73.2289,0.1551,2018yCat.1345....0G,,,,14.8544,0.001,2018yCat.1345....0G
APMPM J2331-2750,352.8406003961854,-27.8304463739305,,,,,M7.0V,2012AJ....144...99D,73.2134,0.1575,2018yCat.1345....0G,19.072,0.012,2006AJ....132.1234C,15.8841,0.0015,2018yCat.1345....0G
WISEA J105515.71-735611.3,163.81380775044167,-73.9358375710075,,,,,M7,2016ApJS..224...36K,72.9677,0.569,2018yCat.1345....0G,,,,14.7381,0.0011,2018yCat.1345....0G
LP  463-23,354.3999357994655,16.3675800594184,,,,,M5.5V,2015A&A...577A.128A,72.9284,0.11,2018yCat.1345....0G,,,,14.0219,6.0E-4,2018yCat.1345....0G
LP  788-1,142.8430025039787,-17.2950901635326,,,,,M6.5,2013A&A...556A..15R,72.1829,0.2656,2018yCat.1345....0G,,,,14.9988,8.0E-4,2018yCat.1345....0G
WT 887,333.4602711938243,-63.7027804860246,,,,,M5,,72.0956,0.0818,2018yCat.1345....0G,,,,14.6573,7.0E-4,2018yCat.1345....0G
G  45-27,165.331938,3.0047603,,GJ  3637,,,M5V,2014AJ....147...20N,71.9,3.1,1991NSC3..C......0G,14.11,0.05,2012yCat.1322....0Z,12.6535,0.0019,2018yCat.1345....0G
G  44-43,163.0593730149895,5.9193984038744,,GJ  3631,,,M5.40,2015ApJ...802L..10T,71.783,0.0903,2018yCat.1345....0G,,,,13.0984,0.0018,2018yCat.1345....0G
LP  411-6,41.64464209933667,16.419502886554444,,GJ  3181,,,M6.0V,,71.4554,0.1192,2018yCat.1345....0G,,,,14.5789,7.0E-4,2018yCat.1345....0G
LP  885-35,33.7835105379278,-30.6670546257851,,,,,M8,2007AJ....133.2258S,71.111,0.1502,2018yCat.1345....0G,,,,15.8645,0.0012,2018yCat.1345....0G
LP  322-628,196.70960539787708,30.848325876443887,,GJ  3762,,,M6V,2014AJ....147...20N,70.8972,0.0596,2018yCat.1345....0G,15.42,,1976AJ.....81..350S,13.6314,5.0E-4,2018yCat.1345....0G
2MASS J03571999+4107426,59.3332451703664,41.1285104917147,,,,,M7V,2014AJ....147...20N,70.8564,0.1264,2018yCat.1345....0G,,,,14.6645,7.0E-4,2018yCat.1345....0G
UCAC4 872-007094,289.1036944664016,84.2280276653684,,,,,M5.0V,2015A&A...577A.128A,70.187,0.0391,2018yCat.1345....0G,,,,13.2911,5.0E-4,2018yCat.1345....0G
2MASS J05565722+1144333,89.2384709921703,11.7425453008142,,,,,M5.5V,2003AJ....125.1598L,70.1613,0.116,2018yCat.1345....0G,,,,13.8269,6.0E-4,2018yCat.1345....0G
2MASS J05011802+2237015,75.3250735482879,22.6169208827506,,,,,M5V,2014AJ....147...20N,69.8453,0.1048,2018yCat.1345....0G,,,,13.5972,8.0E-4,2018yCat.1345....0G
G  32-35,8.9813362007953,10.4765316335995,,GJ  1014,,,M5V,2014AJ....147...20N,69.4698,0.0731,2018yCat.1345....0G,,,,13.5836,5.0E-4,2018yCat.1345....0G
LP  229-30,280.842189716355,40.6725941606477,,GJ  4073,,,M7.5Ve,2003AJ....126.3007R,69.4569,0.0906,2018yCat.1345....0G,,,,15.4312,9.0E-4,2018yCat.1345....0G
G 252-25,134.9841778300653,72.9600767108355,,GJ  3520,,,M5V,2015ApJ...812....3W,69.3053,0.0543,2018yCat.1345....0G,,,,12.812,5.0E-4,2018yCat.1345....0G
G 240-23,250.0859424668731,67.6013146463626,,GJ  3971,,,M7V,2014AJ....147...20N,69.2781,0.2681,2018yCat.1345....0G,,,,13.5557,8.0E-4,2018yCat.1345....0G
LP  731-76,164.6166185575893,-10.7751388043262,,,,WDS J10585-1046B,M5.0V,2015A&A...577A.128A,69.1542,0.085,2018yCat.1345....0G,14.5,,,12.7677,6.0E-4,2018yCat.1345....0G
G 265-8,19.9673910162428,84.1591108813268,,GJ  1035,,,M5,,69.0676,0.0623,2018yCat.1345....0G,,,,13.1254,8.0E-4,2018yCat.1345....0G
GAT 1383,321.1346531341741,40.0665814303532,,,,,M5.5V,2015A&A...577A.128A,68.8433,0.0711,2018yCat.1345....0G,,,,13.9215,5.0E-4,2018yCat.1345....0G
Ross  188,307.85685882393955,38.562311630281386,,GJ   792,,,M5V,2014AJ....147...20N,68.7044,0.394,2018yCat.1345....0G,13.48,,2004AJ....128..463R,12.1475,3.0E-4,2018yCat.1345....0G
LP  624-54,243.6049920469952,-2.8502103905191998,,,,,M5.0V,2012AJ....144...99D,68.7005,0.1283,2018yCat.1345....0G,,,,15.2494,7.0E-4,2018yCat.1345....0G
G   7-34,64.3272221133245,8.8227818991376,,GJ  3270,,,M5V,2014AJ....147...20N,68.5538,0.0751,2018yCat.1345....0G,13.84,0.02,2014AJ....147...85R,12.2491,7.0E-4,2018yCat.1345....0G
G  36-26,39.1838642618576,22.6739443015271,,,,,M5.0V,2015A&A...577A.128A,68.5179,0.0718,2018yCat.1345....0G,,,,13.4692,8.0E-4,2018yCat.1345....0G
L  291-115,8.3062875857342,-47.5545879699394,,,,,M5,2013A&A...556A..15R,68.4662,0.0635,2018yCat.1345....0G,15.763,,,13.8764,3.0E-4,2018yCat.1345....0G
LP  412-31,50.2487947484696,18.9063255669934,,,,,M8V,2011ApJS..197...19K,68.2785,0.1466,2018yCat.1345....0G,18.881,0.101,2005AJ....130..337C,16.1267,0.0025,2018yCat.1345....0G
G 140-51,274.1314174520134,4.8793827262785,,,,,M5V,2014AJ....147...20N,68.1534,0.1085,2018yCat.1345....0G,,,,13.0379,0.0016,2018yCat.1345....0G
WT 84,34.368488886344,-59.3788015307643,,,,,M5.5Ve,2002AJ....123.2002H,68.0804,0.0555,2018yCat.1345....0G,15.674,0.004,2005AJ....130..337C,13.8321,8.0E-4,2018yCat.1345....0G
LP  593-68,57.7501140400627,-0.8791442422206,,GJ  3252,,,M8.0V,2012AJ....144...99D,68.0325,0.1851,2018yCat.1345....0G,18.02,,1995GCTP..C......0V,15.3422,7.0E-4,2018yCat.1345....0G
LP  191-43,2.2298672142476,49.3156445214558,,,,,M5.5V,2005A&A...442..211S,67.7454,0.0779,2018yCat.1345....0G,,,,14.4091,4.0E-4,2018yCat.1345....0G
LP  278-42,267.8981483465778,37.8264659979631,,,,,M5V,2014AJ....147...20N,67.7138,0.0612,2018yCat.1345....0G,,,,14.0917,9.0E-4,2018yCat.1345....0G
G  95-30,50.75733881263,42.0074582056673,,GJ  1059,,,M5V,2014AJ....147...20N,67.699,0.0787,2018yCat.1345....0G,,,,13.6373,4.0E-4,2018yCat.1345....0G
LP  326-21,221.07157141961457,30.037283978235834,,,,,M8.5,2015MNRAS.446.3878M,67.2904,0.1144,2018yCat.1345....0G,,,,15.9275,7.0E-4,2018yCat.1345....0G
LP  374-39,170.7827848,25.893452500000002,,GJ  3657,,,M5.0V,,67.2,3.2,2014ApJ...784..156D,,,,13.5556,0.001,2018yCat.1345....0G
LP  553-59,178.4694791975941,6.9989606036749,,GJ  3693,,,M8V,2011AJ....141...98B,67.1826,0.1485,2018yCat.1345....0G,,,,15.2957,0.001,2018yCat.1345....0G
LP  299-36,48.55195225206458,28.677654850856392,,GJ  3208,,,M6,,66.9947,0.1155,2018yCat.1345....0G,,,,14.6075,8.0E-4,2018yCat.1345....0G
G 251-58,123.4356379928347,79.3031827444125,,,,,M5V,2015ApJ...812....3W,66.8204,0.0792,2018yCat.1345....0G,14.8,,2004AJ....128..463R,13.2193,5.0E-4,2018yCat.1345....0G
G 149-94,202.629430668655,19.1594598238739,,GJ  1171,,,M5V,2014AJ....147...20N,66.7531,0.0813,2018yCat.1345....0G,,,,13.2192,5.0E-4,2018yCat.1345....0G
SIPS J1309-2330,197.341071650881,-23.5099328834597,,,,,M7Ve,2002ApJ...575..484G,66.6683,0.1913,2018yCat.1345....0G,20.3,,,16.1414,0.0017,2018yCat.1345....0G
G 252-33,140.330758555773,73.1107143451188,,GJ  3550,,,M5V,2015ApJ...812....3W,66.3827,0.0559,2018yCat.1345....0G,,,,13.4914,4.0E-4,2018yCat.1345....0G
2MASS J00044144-2058298,1.1727822084074,-20.9749663383048,,,,,M8,2009AJ....137....1F,66.3347,0.1616,2018yCat.1345....0G,,,,16.8694,0.0014,2018yCat.1345....0G
2MASS J16073123-0442091,241.8801587034384,-4.7026741173515,,,,,M8,2008AJ....136.1290R,65.5954,0.2159,2018yCat.1345....0G,,,,16.3684,9.0E-4,2018yCat.1345....0G
LP  719-10,90.7259826693074,-9.251037812435,,,,,M5.5Ve,2003AJ....126.3007R,65.4589,0.0891,2018yCat.1345....0G,,,,14.6234,0.001,2018yCat.1345....0G
G  87-32,109.0750745965045,33.1528967555168,,GJ  1096,,,M5V,2014AJ....147...20N,65.3182,0.0923,2018yCat.1345....0G,,,,12.9431,7.0E-4,2018yCat.1345....0G
CD-29  4446C,112.2132135928731,-30.2646736297776,,GJ  2060 C,,,M5V,2008AJ....135.2024A,65.087,0.0542,2018yCat.1345....0G,,,,12.1745,6.0E-4,2018yCat.1345....0G
LP  699-32,331.5401177048596,-7.3932233991364,,,,,M5.5Ve,2003AJ....126.3007R,64.9508,0.0843,2018yCat.1345....0G,15.89,,,14.2111,7.0E-4,2018yCat.1345....0G
LP  575-35,310.8494454414917,4.7653509638564,,,,,M5V,2014AJ....147...20N,64.8222,0.1224,2018yCat.1345....0G,,,,13.5426,5.0E-4,2018yCat.1345....0G
LTT  3896,159.4388017259786,-27.7773891703905,,,,,M5,2014MNRAS.443.2561G,64.6539,0.0802,2018yCat.1345....0G,,,,11.6882,5.0E-4,2018yCat.1345....0G
2MASS J03442081+0741549,56.0867639139324,7.6985927439808,,,,,M5V,2014AJ....147...20N,64.3825,0.0969,2018yCat.1345....0G,,,,13.3443,3.0E-4,2018yCat.1345....0G
G 195-22,139.4416216725601,58.4226242655579,,GJ  3542,,,M5V,2015ApJ...812....3W,64.1656,0.0575,2018yCat.1345....0G,15.12,,2004AJ....128..463R,13.5214,6.0E-4,2018yCat.1345....0G
2MASS J07140394+3702459,108.5164257067748,37.0461180718121,,,,,M8,2007AJ....133.2258S,64.0412,0.3053,2018yCat.1345....0G,,,,16.3802,0.0016,2018yCat.1345....0G
2MUCD 20388,162.829136093213,56.2190759662768,,,,,M7.9V,2014ApJ...794..143B,63.9956,0.1886,2018yCat.1345....0G,,,,18.0773,0.0024,2018yCat.1345....0G
USNO-A2.0 0975-01864840,85.2245809920934,8.9050701537346,,,,,M6V,2014AJ....147...20N,63.8316,0.0683,2018yCat.1345....0G,,,,13.8311,6.0E-4,2018yCat.1345....0G
LHS  3154,241.64081102835544,40.90612047003139,,,,,M6Ve,2003AJ....126.3007R,63.4206,0.072,2018yCat.1345....0G,,,,14.8561,6.0E-4,2018yCat.1345....0G
CD-44 14334,317.9565328917869,-43.6136530161911,,GJ  9724,HIP 104644,,M6V,1974PhDT........10S,63.3389,0.0521,2018yCat.1345....0G,11.998,,2010MNRAS.403.1949K,11.0085,7.0E-4,2018yCat.1345....0G
LP  440-38,218.0450229833326,16.0136995487232,,GJ  3856,,,M5V,2014AJ....147...20N,63.2741,0.0615,2018yCat.1345....0G,,,,12.258,0.0014,2018yCat.1345....0G
1RXS J194213.0-204547,295.5534196190253,-20.763326274627,,,,,M5.1V,2009ApJ...699..649S,63.1119,0.0892,2018yCat.1345....0G,14.33,0.05,2014AJ....147...85R,12.7252,8.0E-4,2018yCat.1345....0G
V* DG Phe,17.2563411900628,-51.013723516253,,,,,M8.5e,2005A&A...440.1061L,62.8527,0.113,2018yCat.1345....0G,18.8,,,16.6719,0.0011,2018yCat.1345....0G
2MASS J01092170+2949255,17.341140341042085,29.82401082137333,,,,,M9.5,2008AJ....136.1290R,62.7825,0.2442,2018yCat.1345....0G,,,,17.5955,0.0023,2018yCat.1345....0G
LSR J0515+5911,78.87898119493958,59.18817377314444,,,,,M7.0V,2003AJ....125.1598L,62.6891,0.3262,2018yCat.1345....0G,18.11,,2009AJ....137.4109L,15.316,7.0E-4,2018yCat.1345....0G
USNO-B1.0 0644-00098276,103.082346328266,-25.5806850364811,,,,,M9.2V,2014ApJ...794..143B,62.4449,0.1606,2018yCat.1345....0G,,,,17.4603,0.0016,2018yCat.1345....0G
1RXS J173353.5+165515,263.4715160226987,16.9202321714929,,,,,M6V,2014AJ....147...20N,62.3715,0.3905,2018yCat.1345....0G,14.38,0.06,2012yCat.1322....0Z,12.3987,0.0015,2018yCat.1345....0G
LP  535-12,66.5830854580482,3.6100484458588,,GJ  3289,,,M6.5V,1991ApJS...77..417K,62.3387,0.1654,2018yCat.1345....0G,,,,15.5722,7.0E-4,2018yCat.1345....0G
2MASS J20103539+0634367,302.647454351309,6.5768964908591,,,,,M8.5V,2012ApJ...760..152L,62.0119,0.1739,2018yCat.1345....0G,,,,17.1403,0.0015,2018yCat.1345....0G
LP  135-272,230.2543759476929,50.8896649393086,,,,,M7.5,2007AJ....133.2258S,61.9989,0.1,2018yCat.1345....0G,,,,16.3806,0.001,2018yCat.1345....0G
LP  591-156,44.0162414011923,-0.6091880308311,,,,,M5V,2005AJ....130.1871B,61.8463,0.0916,2018yCat.1345....0G,15.63,,2000MNRAS.318.1206C,13.7951,7.0E-4,2018yCat.1345....0G
G 238-55,208.2105277990422,66.8183350441141,,GJ  3815,,,M5V,2014AJ....147...20N,61.5297,0.0518,2018yCat.1345....0G,,,,13.9147,5.0E-4,2018yCat.1345....0G
LP  716-10,73.0167541288768,-10.9727825517112,,,,,M5.5,2002AJ....123.2828C,61.4306,0.3378,2018yCat.1345....0G,15.97,,,14.15,7.0E-4,2018yCat.1345....0G
G 222-2,63.5081301808958,82.2601172400956,,,,,M5V,2015ApJ...812....3W,61.2925,0.0588,2018yCat.1345....0G,,,,13.5516,5.0E-4,2018yCat.1345....0G
SSSPM J1444-2019,221.086143,-20.322853,,,,,M9.0VI:,2015AJ....149....5W,61.2,5.1,2012ApJ...752...56F,,,,16.6487,0.0019,2018yCat.1345....0G
SCR J0723-8015,110.9984206774582,-80.2550104232411,,,,,M6V,2004AJ....128.2460H,61.1931,0.091,2018yCat.1345....0G,17.41,,2008MNRAS.389..585C,15.0408,6.0E-4,2018yCat.1345....0G
LEHPM 2-783,304.9575551432051,-58.2786070451342,,,,,M6,2006AJ....132..866R,61.1781,0.1039,2018yCat.1345....0G,17.17,0.04,2014AJ....147...85R,14.6134,0.0014,2018yCat.1345....0G
LP  664-13,121.4039437062089,-9.5439905969756,,,,,M5,2013A&A...556A..15R,61.1002,0.0994,2018yCat.1345....0G,15.127,,2008MNRAS.389..585C,13.5467,4.0E-4,2018yCat.1345....0G
G 233-42,347.4910814066492,55.1131618182857,,,,,M5V,2014AJ....147...20N,61.0426,0.0734,2018yCat.1345....0G,,,,14.01,7.0E-4,2018yCat.1345....0G
G 100-50,89.7220486373486,21.3504357345341,,,,,M5.0V,2015A&A...577A.128A,60.7063,0.7668,2018yCat.1345....0G,15.222,0.05,2012yCat.1322....0Z,13.398,0.0014,2018yCat.1345....0G
LHS  2052,132.2861078724921,39.6073255091462,,,,,M5V,2014AJ....147...20N,60.6624,0.0733,2018yCat.1345....0G,,,,14.0229,4.0E-4,2018yCat.1345....0G
LP  548-37,147.3426347174361,8.1125302919852,,,,,M8.5V,2014ApJ...794..143B,60.5022,0.1978,2018yCat.1345....0G,,,,16.791,0.0023,2018yCat.1345....0G
SCR J0420-7005,65.0523086054436,-70.0996164400124,,,,,M6Ve,2004AJ....128.2460H,60.2906,0.0973,2018yCat.1345....0G,17.17,,2008MNRAS.389..585C,14.8388,0.001,2018yCat.1345....0G
LP  839-29,101.6711805922956,-21.8378051323586,,,,,M6Ve,2003AJ....126.3007R,59.9638,0.0653,2018yCat.1345....0G,16.38,,,14.8594,5.0E-4,2018yCat.1345....0G
LP  485-17,127.6357094274096,9.7876209461463,,,,,M7.5Ve,2004AJ....128.2460H,59.8986,0.1449,2018yCat.1345....0G,19.063,0.032,2006AJ....132.1234C,16.2362,0.0015,2018yCat.1345....0G
LP  684-33,242.7434603732548,-6.5257127790021,,,,,M5.5,,59.8416,0.1346,2018yCat.1345....0G,,,,15.0941,7.0E-4,2018yCat.1345....0G
LP  651-7,41.562148670635835,-4.989043683365556,,GJ  3180,,,M6,,59.6802,0.0937,2018yCat.1345....0G,16.22,,1995GCTP..C......0V,14.3287,8.0E-4,2018yCat.1345....0G
LP  695-372,310.688214982012,-5.0053273917716,,,,,M6.5,2004AJ....128..463R,59.6402,0.1001,2018yCat.1345....0G,17.43,,,15.1997,6.0E-4,2018yCat.1345....0G
2MASS J19253089+0938235,291.3787939974683,9.6398038765588,,,,,M8/9V,2014AJ....147...20N,59.4255,0.2898,2018yCat.1345....0G,,,,15.6734,0.0013,2018yCat.1345....0G
LP  702-50,348.9771100326965,-6.4628983299948,,,,,M5.5Ve,2003AJ....126.3007R,59.4126,0.0769,2018yCat.1345....0G,16.79,,,14.819,8.0E-4,2018yCat.1345....0G
LEHPM 2-183,79.4070767566122,-33.817520101053,,,,,M8.0V,2012AJ....144...99D,59.2738,0.1043,2018yCat.1345....0G,,,,16.506,0.0011,2018yCat.1345....0G
UCAC3 123-175263,229.2210806487534,-28.5378979170213,,,,,M5,2016ApJS..224...36K,59.2549,0.0885,2018yCat.1345....0G,,,,13.6684,6.0E-4,2018yCat.1345....0G
[BHR2005] 832-2,47.8144882431639,1.1085770428091,,,,,M5.5V,2005AJ....130.1871B,59.2031,0.111,2018yCat.1345....0G,,,,14.1995,8.0E-4,2018yCat.1345....0G
APMPM J2134-4316,323.5929087425855,-43.2696224082562,,,,,M5.5,,59.1089,0.0882,2018yCat.1345....0G,,,,14.2939,6.0E-4,2018yCat.1345....0G
LP  415-217,68.6576360056296,19.1013964022891,,,,,M5.5Ve,2003AJ....126.3007R,58.9226,0.0712,2018yCat.1345....0G,,,,14.0182,3.0E-4,2018yCat.1345....0G
2MASS J20045709+0321076,301.2379041842871,3.3521463683147,,,,,M5V,2014AJ....147...20N,58.7659,0.0932,2018yCat.1345....0G,,,,13.421,4.0E-4,2018yCat.1345....0G
G 261-23,306.2116176820967,74.2068377256033,,,,,M5.0,1997PASP..109..849G,58.7388,0.0749,2018yCat.1345....0G,,,,13.6577,6.0E-4,2018yCat.1345....0G
2MASS J00045753-1709369,1.2397880695242,-17.1602658141661,,,,,M5.5V,2012AJ....144...99D,58.6765,0.1221,2018yCat.1345....0G,,,,14.6048,6.0E-4,2018yCat.1345....0G
LP  443-17,233.7116969328125,18.00344601392278,,,,,M5V,2014AJ....147...20N,58.5518,0.1645,2018yCat.1345....0G,,,,13.9115,6.0E-4,2018yCat.1345....0G
UCAC4 400-021119,106.29983911336832,-10.131319647289168,,,,,M5.0V,2015A&A...577A.128A,58.5436,0.0726,2018yCat.1345....0G,15.1,0.02,2012yCat.1322....0Z,13.4522,6.0E-4,2018yCat.1345....0G
UCAC3 177-269680,313.2880713324938,-1.5512121807793,,,,,M5.6V,2009ApJ...699..649S,58.4637,0.0675,2018yCat.1345....0G,,,,13.9734,0.001,2018yCat.1345....0G
BR B1222-1221,186.2174414772983,-12.6432523168304,,,,,M8Ve,2002ApJ...575..484G,58.1118,0.1929,2018yCat.1345....0G,,,,17.1133,0.0016,2018yCat.1345....0G
LP  430-46,159.0363154620795,19.3918483966598,,,,,M6.5Ve,2003AJ....126.3007R,57.8009,0.1319,2018yCat.1345....0G,,,,15.1054,9.0E-4,2018yCat.1345....0G
2MASS J18373180+2030424,279.382545767271,20.511675952536,,,,,M5.5,2007AJ....133.2825R,57.5536,0.075,2018yCat.1345....0G,,,,14.6416,4.0E-4,2018yCat.1345....0G
LP  708-589,28.4606523917508,-10.5371546897087,,,,,M5.0,1997PASP..109..849G,57.379,0.126,2018yCat.1345....0G,,,,13.7888,8.0E-4,2018yCat.1345....0G
SCR J0702-6102,105.7097023801643,-61.046520493858,,,,,M6.5Ve,2004AJ....128.2460H,57.2883,0.1852,2018yCat.1345....0G,16.61,,2008MNRAS.389..585C,14.1094,8.0E-4,2018yCat.1345....0G
LP  613-62,177.9804204106389,-1.525617795711,,,,,M5,2013A&A...556A..15R,57.2161,0.1031,2018yCat.1345....0G,15.64,,2008MNRAS.389..585C,13.8871,4.0E-4,2018yCat.1345....0G
2MASS J04513734-5818519,72.9055650468475,-58.3144561349995,,,,,M6.5V,,57.1474,0.0855,2018yCat.1345....0G,18.507,0.038,2005AJ....130..337C,15.7248,0.001,2018yCat.1345....0G
2MASS J02534448-7959133,43.435307389383,-79.9870169251164,,,,,M5.5e,2006A&A...446..515P,57.1011,0.0712,2018yCat.1345....0G,,,,15.0773,9.0E-4,2018yCat.1345....0G
LP  734-29,182.1823387958986,-11.5625400294764,,,,,M5.5Ve,2003AJ....126.3007R,56.8453,0.1197,2018yCat.1345....0G,16.37,,,14.4489,7.0E-4,2018yCat.1345....0G
WISEA J161510.05+315140.4,243.79188801645623,31.863391697631943,,,,,M5.0,2007AJ....133.2825R,56.8166,0.0489,2018yCat.1345....0G,,,,13.4956,4.0E-4,2018yCat.1345....0G
LP  222-65,229.1696485780715,39.1801086587769,,,,,M7V,2014AJ....147...20N,56.7689,0.0719,2018yCat.1345....0G,,,,14.6841,8.0E-4,2018yCat.1345....0G
LP  370-26,142.2961603266856,25.9692436331964,,,,,M5.0,2008MNRAS.384..150L,56.7136,0.0924,2018yCat.1345....0G,16.457,0.021,2006AJ....132.1234C,14.4169,5.0E-4,2018yCat.1345....0G
LHS  3227,249.2559702085925,35.595786751552,,,,,M5.5Ve,2003AJ....126.3007R,56.5277,0.0615,2018yCat.1345....0G,,,,14.6958,5.0E-4,2018yCat.1345....0G
LP  264-45,170.6782322817939,37.9301020086903,,,,,M6V,2014AJ....147...20N,56.5217,0.11,2018yCat.1345....0G,,,,14.9881,7.0E-4,2018yCat.1345....0G
LP  740-44,220.4416580370033,-14.4548206700943,,,,,M5.5Ve,2003AJ....126.3007R,56.4921,0.0733,2018yCat.1345....0G,15.86,,,14.3831,7.0E-4,2018yCat.1345....0G
LP  496-48,193.7116228629561,11.9873659182865,,,,,M6V,2014AJ....147...20N,56.0893,0.0783,2018yCat.1345....0G,,,,13.9244,6.0E-4,2018yCat.1345....0G
2MASS J16154245+0546400,243.9269009644298,5.7777959885594,,,,,M9,2007AJ....133.2258S,56.0884,0.2004,2018yCat.1345....0G,,,,17.5717,0.0013,2018yCat.1345....0G
APMPM J1251-2121,192.7193781585042,-21.3537796630045,,,,,M7.5e,2005A&A...440.1061L,56.0805,0.2522,2018yCat.1345....0G,19.0,,,15.3726,0.001,2018yCat.1345....0G
2MASS J22502051+5136265,342.5854861564474,51.607338963178,,,,,M5V,2014AJ....147...20N,55.99,0.0521,2018yCat.1345....0G,,,,13.3597,5.0E-4,2018yCat.1345....0G
2MASS J03283463+1129515,52.1443492834747,11.497692236914,,,,,M8,2007AJ....133.2258S,55.908,0.1644,2018yCat.1345....0G,,,,16.8621,0.0018,2018yCat.1345....0G
LP  645-53,8.9338374206647,-5.6862693469011,,,,,M5V,2003AJ....126.2421C,55.851,0.0923,2018yCat.1345....0G,15.79,,,14.1524,7.0E-4,2018yCat.1345....0G
LP  927-32,309.84925428817286,-29.44296434014111,,,,,M6Ve,2003AJ....126.3007R,55.6791,0.1368,2018yCat.1345....0G,17.618,0.068,2005AJ....130..337C,15.2026,6.0E-4,2018yCat.1345....0G
LP   65-357,198.5993377364727,66.3757676073018,,,,,M5.5,2004AJ....128..463R,55.4765,0.0798,2018yCat.1345....0G,,,,15.1162,9.0E-4,2018yCat.1345....0G
TVLM 868-110639,227.5701597316086,-2.6855696409386,,,,,M9V,2011ApJS..197...19K,55.434,0.3516,2018yCat.1345....0G,20.505,0.08,2006AJ....132.1234C,17.2383,0.0024,2018yCat.1345....0G
2MASS J17071830+6439331,256.8262810202517,64.6592186016949,,,,,M8.5,2015MNRAS.446.3878M,55.363,0.1155,2018yCat.1345....0G,,,,17.0313,0.0014,2018yCat.1345....0G
USNO-B1.0 0355-00820305,300.5560208729768,-54.4321968958051,,,,,M6e,2006A&A...446..515P,55.3026,0.1111,2018yCat.1345....0G,,,,15.5117,8.0E-4,2018yCat.1345....0G
2MASSI J0417374-080000,64.4062240551988,-8.0001663524887,,,,,M7.5V,2012AJ....144...99D,55.2859,0.1612,2018yCat.1345....0G,,,,16.413,9.0E-4,2018yCat.1345....0G
LP  556-64,194.8501477201924,7.7318993514176,,GJ  3757,,,M5V,2014AJ....147...20N,54.9502,0.074,2018yCat.1345....0G,,,,14.1052,4.0E-4,2018yCat.1345....0G
LP  212-62,155.9660883478342,43.8925356341192,,,,,M5.0V,2015A&A...577A.128A,54.9302,0.1054,2018yCat.1345....0G,,,,13.4926,8.0E-4,2018yCat.1345....0G
LP  280-16,281.3286721871489,38.8901726675732,,,,,M8,2007AJ....133.2258S,54.8906,0.0988,2018yCat.1345....0G,,,,16.51,9.0E-4,2018yCat.1345....0G
LP  794-23,182.0760395758916,-21.0181527153406,,,,,M5.5Ve,2003AJ....126.3007R,54.8761,0.0999,2018yCat.1345....0G,16.03,,,14.5666,7.0E-4,2018yCat.1345....0G
LP  892-32,79.6526455611462,-28.7018421072795,,,,,M5.5Ve,2003AJ....126.3007R,54.8152,0.0547,2018yCat.1345....0G,15.63,,,14.2438,5.0E-4,2018yCat.1345....0G
LP  726-37,136.1674552041353,-12.3200527009004,,,,,M5Ve,2003AJ....126.3007R,54.7313,0.0662,2018yCat.1345....0G,,,,13.9656,6.0E-4,2018yCat.1345....0G
LP  425-176,125.4872342562783,17.8155779044076,,,,,M5.0,1997PASP..109..849G,54.6637,0.0984,2018yCat.1345....0G,,,,14.1127,4.0E-4,2018yCat.1345....0G
LP  904-51,160.4333594641844,-31.1984381022219,,,,,M5,2013A&A...556A..15R,54.4769,0.0902,2018yCat.1345....0G,,,,14.4627,5.0E-4,2018yCat.1345....0G
2MASS J07385081+1829205,114.711745236718,18.4889502424634,,,,,M6V,2014AJ....147...20N,54.4193,0.1681,2018yCat.1345....0G,,,,14.3721,7.0E-4,2018yCat.1345....0G
LP  822-7,351.8602028889343,-17.692437942148,,,,,M7V,2005PASP..117..676R,54.3305,0.0834,2018yCat.1345....0G,,,,15.5475,8.0E-4,2018yCat.1345....0G
StM 193,210.52533961757499,21.045906933828334,,,,,M7,1986ApJ...301..927S,54.2017,0.0684,2018yCat.1345....0G,13.5,,,11.9773,5.0E-4,2018yCat.1345....0G
2MASS J19310458-0306186,292.7691580133705,-3.10503318182,,,,,M5.0,2018MNRAS.479.2351W,54.1645,0.1176,2018yCat.1345....0G,16.81,,2011AJ....141...21W,14.6822,9.0E-4,2018yCat.1345....0G
2MASS J22341394+2359559,338.55841056138667,23.998855204960837,,,,,M9.5V,,54.1111,0.1929,2018yCat.1345....0G,,,,17.845,0.0019,2018yCat.1345....0G
G 168-14,237.8407979192854,29.5184176251642,,GJ  3923,,,M7,1986AJ.....92..139S,54.1072,0.0404,2018yCat.1345....0G,,,,11.7888,6.0E-4,2018yCat.1345....0G
2MASS J06595620-6145001,104.9840615605714,-61.7499550081346,,,,,M5.0,2007AJ....133.2825R,53.9982,0.0549,2018yCat.1345....0G,,,,14.5575,7.0E-4,2018yCat.1345....0G
2MASS J08594029+1145325,134.9179383866367,11.759047349238699,,,,,M8.4V,2014ApJ...794..143B,53.8822,0.1596,2018yCat.1345....0G,,,,17.3531,0.0018,2018yCat.1345....0G
LHS  2650,193.6337540321521,44.9931023978968,,,,,M5Ve,2003AJ....126.3007R,53.8737,0.071,2018yCat.1345....0G,,,,14.1844,4.0E-4,2018yCat.1345....0G
GAT 1384,329.6442530880059,61.284999138778,,,,,M6.0V,2003AJ....125.1598L,53.6134,0.0619,2018yCat.1345....0G,,,,14.7744,6.0E-4,2018yCat.1345....0G
LP  423-14,115.27828991115793,17.64579036379861,,,,,M7.0V,2012AJ....144...99D,53.5151,0.2233,2018yCat.1345....0G,,,,16.0855,0.0014,2018yCat.1345....0G
LP  322-936,197.8400779328192,28.5448719678998,,GJ  3766,,,M5:,1976AJ.....81..350S,53.4197,0.0608,2018yCat.1345....0G,15.89,,1976AJ.....81..350S,14.1211,3.0E-4,2018yCat.1345....0G
G  73-45,35.1927219434352,2.9771063528801,,GJ  3153,,,M6V,2015ApJ...812....3W,53.3911,0.1026,2018yCat.1345....0G,,,,13.2262,0.001,2018yCat.1345....0G
LP  816-10,312.4697201069823,-17.2690189623359,,,,,M6,,53.3905,0.1014,2018yCat.1345....0G,,,,15.7765,8.0E-4,2018yCat.1345....0G
2MASS J10554733+0808427,163.9472600423981,8.1452591436006,,,,,M9V,2011AJ....141...97W,53.3382,0.1536,2018yCat.1345....0G,,,,17.0887,0.0017,2018yCat.1345....0G
LP  313-42,140.0913679322533,26.7286172726219,,GJ  3552,,,M5V,2014AJ....147...20N,53.169,0.0971,2018yCat.1345....0G,,,,14.1023,4.0E-4,2018yCat.1345....0G
NLTT 10087,47.5140972866609,2.574196202673,,,,,M6V,2015ApJ...812....3W,53.1207,0.0988,2018yCat.1345....0G,,,,14.6256,7.0E-4,2018yCat.1345....0G
SSSPM J2356-3426,359.0450850480453,-34.4346088121928,,,,,M9.3V,2014ApJ...794..143B,53.0052,0.1841,2018yCat.1345....0G,19.7,,,17.4802,0.0023,2018yCat.1345....0G
G 260-1,274.3125377987413,68.55526519942305,,GJ  1225,,,M5.0V,1997AJ....113..806G,52.9885,0.0441,2018yCat.1345....0G,,,,13.8717,4.0E-4,2018yCat.1345....0G
LP  310-34,121.858617661457,32.2194641211193,,,,,M8,2007AJ....133.2258S,52.9698,0.1603,2018yCat.1345....0G,,,,16.514,0.0011,2018yCat.1345....0G
LP  423-31,118.0996888749683,16.2041553169434,,,,,M6.0V,2015A&A...577A.128A,52.9304,0.1016,2018yCat.1345....0G,16.73,,,14.773,0.001,2018yCat.1345....0G
LP   66-542,213.7101532690951,64.2122211028149,,,,,M5.0,2007AJ....133.2825R,52.8371,0.0638,2018yCat.1345....0G,15.33,,,14.0864,7.0E-4,2018yCat.1345....0G
2MASSI J1124532+132253,171.2219429037722,13.3813620054158,,,,,M6.5,,52.6894,0.1122,2018yCat.1345....0G,,,,14.5151,7.0E-4,2018yCat.1345....0G
2MASS J14213145+1827407,215.3809016609496,18.4612495228212,,,,,M8.9V,2014ApJ...794..143B,52.6729,0.2626,2018yCat.1345....0G,,,,17.8631,0.0021,2018yCat.1345....0G
LP  757-92,317.8508373847281,-9.6759002508041,,,,,M5.5,2004AJ....128..463R,52.6692,0.0999,2018yCat.1345....0G,16.56,,2004AJ....128..463R,14.478,0.001,2018yCat.1345....0G
LSPM J0140+2701,25.011037844439,27.0305654114327,,,,,M8.5V,2012AJ....144...99D,52.6488,0.1771,2018yCat.1345....0G,,,,16.7685,0.003,2018yCat.1345....0G
2MUCD 11005,175.4335350038511,-22.5375030794794,,,,,M7.5V,2003AJ....126.2421C,52.6168,0.2017,2018yCat.1345....0G,,,,17.0392,0.0013,2018yCat.1345....0G
LP   44-162,269.3141882955412,70.7003101820604,,,,,M7.5V,2012AJ....144...99D,52.5837,0.2462,2018yCat.1345....0G,18.79,,2009AJ....137.4109L,15.6782,0.0011,2018yCat.1345....0G
2MASSI J0354200-143738,58.5837047197686,-14.6273801656744,,,,,M6.5V,2012AJ....144...99D,52.4556,0.6479,2018yCat.1345....0G,,,,15.3976,0.0041,2018yCat.1345....0G
G 207-18,287.0657356629041,26.5849090284277,,GJ  1231,,,M5V,2014AJ....147...20N,52.4454,0.0515,2018yCat.1345....0G,,,,13.5854,6.0E-4,2018yCat.1345....0G
2MASSI J1424187-351432,216.0779385426343,-35.242427877568,,,,,M6.5,,52.3878,0.2351,2018yCat.1345....0G,,,,15.8101,0.0015,2018yCat.1345....0G
LP  675-7,185.9669890004469,-8.978750488448,,,,,M6.5Ve,2003AJ....126.3007R,52.261,0.118,2018yCat.1345....0G,17.59,,,15.7021,0.0012,2018yCat.1345....0G
WISE J175839.20-583931.6,269.6648330658054,-58.6560564555475,,,,,M6,2016ApJS..224...36K,52.2355,0.1189,2018yCat.1345....0G,,,,14.912,9.0E-4,2018yCat.1345....0G
LP  718-5,83.8387318620862,-9.518478704062801,,,,,M6.5Ve,2003AJ....126.3007R,52.1754,0.1291,2018yCat.1345....0G,17.99,,,15.8013,0.0011,2018yCat.1345....0G
L  119-33,335.4288161219641,-65.525827971975,,GJ  4273,HIP 110400,,M5V,1974PhDT........10S,52.1081,0.0403,2018yCat.1345....0G,12.03,,2010MNRAS.403.1949K,11.0064,7.0E-4,2018yCat.1345....0G
LP  149-14,359.9562855584508,47.76236566886777,,GJ  4385,,,M5.0V,,51.9311,0.073,2018yCat.1345....0G,,,,14.3053,5.0E-4,2018yCat.1345....0G
LSPM J0339+2457,54.970181000000004,24.9576,,,,,M7.7V,2014ApJ...794..143B,51.9,5.2,2014ApJ...784..156D,,,,17.2606,0.0078,2018yCat.1345....0G
LP  829-41,34.0892774036354,-22.0135244569641,,,,,M5.5Ve,2003AJ....126.3007R,51.8886,0.1045,2018yCat.1345....0G,16.41,,,14.8427,7.0E-4,2018yCat.1345....0G
G 130-68,6.1453306496504165,30.04153523480028,,GJ  3033,,,M5V,2014AJ....147...20N,51.8335,0.1448,2018yCat.1345....0G,,,,12.9768,0.0017,2018yCat.1345....0G
LP  787-32,140.6930058670439,-15.7899845443042,,,,,M5.5Ve,2003AJ....126.3007R,51.656,0.0734,2018yCat.1345....0G,16.238,,,14.3201,0.001,2018yCat.1345....0G
NLTT 19068,122.7002098213331,1.1532535183745,,,,,M5V,2014AJ....147...20N,51.6185,0.0792,2018yCat.1345....0G,,,,13.9323,0.0011,2018yCat.1345....0G
G 247-22,68.322582050456,68.7817238371502,,,,,M5.0,1997PASP..109..849G,51.5816,0.0607,2018yCat.1345....0G,,,,14.2928,4.0E-4,2018yCat.1345....0G
LP  157-25,71.5771123522885,48.7477204437224,,GJ  3311,,,M6.0V,,51.5085,0.117,2018yCat.1345....0G,,,,15.0742,6.0E-4,2018yCat.1345....0G
G 247-23,68.3265694180195,68.7825754223752,,,,,M5.5,2005A&A...442..211S,51.4541,0.0705,2018yCat.1345....0G,,,,14.4405,5.0E-4,2018yCat.1345....0G
NLTT 24622,158.1373868299223,6.5021083715279,,,,,M6V,2014AJ....147...20N,51.3405,0.0795,2018yCat.1345....0G,,,,14.0162,0.0016,2018yCat.1345....0G
G 136-27,223.4049475502348,11.570143260763,,GJ  1186,,,M5V,2015ApJ...812....3W,51.2402,0.0693,2018yCat.1345....0G,,,,13.7519,8.0E-4,2018yCat.1345....0G
LP  666-11,133.55141524625003,-8.083397995846944,,,,,M6.0V,2005PASP..117..676R,51.1989,0.0837,2018yCat.1345....0G,17.156,0.022,2006AJ....132.1234C,15.0043,6.0E-4,2018yCat.1345....0G
2MASS J03521086+0210479,58.0452578097706,2.1800004594061,,,,,M8.6V,2014ApJ...794..143B,51.1984,0.2488,2018yCat.1345....0G,,,,17.7489,0.0014,2018yCat.1345....0G
LP  521-18,342.0938342686687,12.5362275609667,,,,,M5.5Ve,2003AJ....126.3007R,51.1451,0.1499,2018yCat.1345....0G,,,,14.8513,9.0E-4,2018yCat.1345....0G
WT 2180,297.0944498130133,-8.3811667698667,,,,,M5.5V,,51.1147,0.0767,2018yCat.1345....0G,16.644,0.011,2005AJ....130..337C,14.5848,4.0E-4,2018yCat.1345....0G
2MASS J23464599+1129094,356.6917830072525,11.4859638102916,,,,,M9,2007AJ....133.2258S,50.8282,0.1885,2018yCat.1345....0G,,,,17.3921,0.0013,2018yCat.1345....0G
LP  859-1,226.0674039254733,-23.9323843896028,,,,,M7.5Ve,2003AJ....126.3007R,50.8004,0.1838,2018yCat.1345....0G,18.9,,,16.2349,0.0015,2018yCat.1345....0G
G 127-50,340.8466483837872,22.1383403241654,,GJ  4292,,,M5V,2014AJ....147...20N,50.787,0.0658,2018yCat.1345....0G,,,,13.3764,6.0E-4,2018yCat.1345....0G
2MASSI J0534584-151143,83.7435373041848,-15.1955245906254,,,,,M8.9V,2014ApJ...794..143B,50.5762,0.1612,2018yCat.1345....0G,,,,17.8576,0.0017,2018yCat.1345....0G
LP  314-44,144.8471455414827,29.724198748106,,,,,M6.5Ve,2003AJ....126.3007R,50.5727,0.1452,2018yCat.1345....0G,,,,15.9287,0.001,2018yCat.1345....0G
LP   12-440,8.7822234641991,76.4651001705918,,,,,M7Ve,2005PASP..117..676R,50.5718,0.0745,2018yCat.1345....0G,,,,15.4483,6.0E-4,2018yCat.1345....0G
2MASSI J1403223+300754,210.8428824436533,30.1318437062807,,,,,M9V,2011AJ....141...97W,50.484,0.2048,2018yCat.1345....0G,,,,17.0512,0.0014,2018yCat.1345....0G
2MASS J20125995+0112584,303.2497591859346,1.2161882404346,,,,,M6V,2014AJ....147...20N,50.3936,0.3014,2018yCat.1345....0G,,,,13.9086,9.0E-4,2018yCat.1345....0G
APMPM J2359-6246,359.678671453773,-62.7617863126278,,,,,M6Ve,2002MNRAS.329..109S,50.2721,0.065,2018yCat.1345....0G,16.954,0.028,2006AJ....132.1234C,14.9025,5.0E-4,2018yCat.1345....0G
LP  701-7,341.6097784315468,-6.6573225052603,,GJ  4294,,,M5,,50.2232,0.0959,2018yCat.1345....0G,15.98,,1997yCat.2168....0M,14.1852,8.0E-4,2018yCat.1345....0G
2MASSI J0019457+521317,4.9409818398706005,52.2215511348651,,,,,M9,2007AJ....133.2258S,50.1097,0.18,2018yCat.1345....0G,,,,17.3475,0.0011,2018yCat.1345....0G
LP  638-50,327.8626059755322,-1.4539733159374,,,,,M5.5Ve,2003AJ....126.3007R,50.1047,0.1048,2018yCat.1345....0G,,,,14.8709,0.001,2018yCat.1345....0G
LP  220-13,209.1727652553084,43.7164398879248,,,,,M8V,2015ApJ...812....3W,50.0407,0.6125,2018yCat.1345....0G,,,,15.8433,9.0E-4,2018yCat.1345....0G
2MASS J06300140-1840143,97.5060872888629,-18.6707848751552,,,,,M8.5,2008MNRAS.383..831P,50.0086,0.4472,2018yCat.1345....0G,,,,17.258,0.0015,2018yCat.1345....0G
