main_id,ra,dec,hd,gj,wds,sp_type,sp_bibcode,plx_value,plx_err,plx_bibcode,v,v_err,v_bibcode,g,g_err,g_bibcode
* eps Eri,53.232687347500004,-9.458258656944444,HD  22049,GJ   144,"WDS J03329-0927A,WDS J03329-0927Aa,Ab",K2V,1989ApJS...71..245K,310.94,0.16,2007A&A...474..653V,3.73,,2002yCat.2237....0D,3.3691,0.004,2018yCat.1345....0G
* tau Cet,26.017014260833335,-15.937479597777779,HD  10700,GJ    71,WDS J01441-1556A,G8V,1989ApJS...71..245K,273.96,0.17,2007A&A...474..653V,3.5,,2002yCat.2237....0D,3.1336,0.0075,2018yCat.1345....0G
* e Eri,49.981878896666665,-43.069782637500005,HD  20794,GJ   139,,G6V,1989ApJS...71..245K,165.47,0.19,2007A&A...474..653V,4.27,,2002yCat.2237....0D,3.9814,0.0037,2018yCat.1345....0G
* del Pav,302.18170612375,-66.1820675763889,HD 190248,GJ   780,,G8IV,2006AJ....132..161G,163.71,0.17,2007A&A...474..653V,3.56,,2002yCat.2237....0D,3.2664,0.0025,2018yCat.1345....0G
HD 219134,348.32072825875497,57.16835458916472,HD 219134,GJ   892,WDS J23133+5710A,K3V,1989ApJS...71..245K,153.0808,0.0895,2018yCat.1345....0G,5.57,0.009,1993A&AS..100..591O,5.2079,0.0016,2018yCat.1345....0G
* bet Hyi,6.4377931550222804,-77.25424611998604,HD   2151,GJ    19,,G0V,2006AJ....132..161G,134.07,0.11,2007A&A...474..653V,2.79,,2002yCat.2237....0D,2.5271,0.0062,2018yCat.1345....0G
HD 157881,261.4384679348621,2.1114232411388,HD 157881,GJ   673,,K7V,2002AJ....123.2002H,129.6231,0.0286,2018yCat.1345....0G,7.56,0.05,2009ApJ...694.1085V,6.9265,4.0E-4,2018yCat.1345....0G
HD 217357,345.0671769879931,-22.5243476190278,HD 217357,GJ   884,,K7+Vk,2006AJ....132..161G,121.4918,0.0507,2018yCat.1345....0G,7.869,,2010MNRAS.403.1949K,7.2521,6.0E-4,2018yCat.1345....0G
*  61 Vir,199.60130948166668,-18.311195735555557,HD 115617,GJ   506,WDS J13184-1819A,G6.5V,1989ApJS...71..245K,116.89,0.22,2007A&A...474..653V,4.74,0.009,1993A&AS..100..591O,4.4772,0.004,2018yCat.1345....0G
* zet Tuc,5.017749880416666,-64.87479298888888,HD   1581,GJ    17,,F9.5V,2006AJ....132..161G,116.46,0.16,2007A&A...474..653V,4.23,,2002yCat.2237....0D,3.9872,0.0081,2018yCat.1345....0G
HD 192310,303.82246523275126,-27.03297599572111,HD 192310,GJ   785,,K2+V,2006AJ....132..161G,113.6481,0.1186,2018yCat.1345....0G,5.723,0.009,2000A&A...355L..27H,5.4532,0.0014,2018yCat.1345....0G
HD  32147,75.2041630608936,-5.7536723172099,HD  32147,GJ   183,,K3+V,2003AJ....126.2048G,113.0236,0.0324,2018yCat.1345....0G,6.21,,2002yCat.2237....0D,5.8694,6.0E-4,2018yCat.1345....0G
* del Eri,55.81208699458334,-9.763391234444445,HD  23249,GJ   150,,K0+IV,1989ApJS...71..245K,110.61,0.22,2007A&A...474..653V,3.54,,2002yCat.2237....0D,3.1347,0.0037,2018yCat.1345....0G
HD 103095,178.2448682506475,37.7186778007958,HD 103095,GJ   451,,K1V_Fe-1.5,2003AJ....126.2048G,108.9551,0.049,2018yCat.1345....0G,6.45,,2002yCat.2237....0D,6.182,3.0E-4,2018yCat.1345....0G
* gam Pav,321.6108534883333,-65.36619846777778,HD 203608,GJ   827,,F9VFe-1.4CH-0.7,2006AJ....132..161G,107.97,0.19,2007A&A...474..653V,4.22,,2002yCat.2237....0D,4.0003,0.0035,2018yCat.1345....0G
HD 151288,251.276460742948,33.5092260787878,HD 151288,GJ   638,,K7.5Ve,1989ApJS...71..245K,101.5116,0.0281,2018yCat.1345....0G,8.799,0.1,2012yCat.1322....0Z,7.4813,5.0E-4,2018yCat.1345....0G
HD 122064,209.3835798891534,61.4928609327902,HD 122064,,,K3V,,99.2285,0.0232,2018yCat.1345....0G,6.52,0.009,1991A&AS...89..415O,6.1542,3.0E-4,2018yCat.1345....0G
HD 103932,179.4841931766843,-27.7070456229115,HD 103932,GJ   453,,K4+V,2006AJ....132..161G,98.1908,0.0413,2018yCat.1345....0G,6.964,,2010MNRAS.403.1949K,6.5654,2.0E-4,2018yCat.1345....0G
* alf Men,92.5603088308903,-74.7530454408681,HD  43834,GJ   231,,G7V,2006AJ....132..161G,97.8983,0.0719,2018yCat.1345....0G,5.09,,,4.8503,0.0022,2018yCat.1345....0G
BD+36  2393,204.3698691881367,35.7177624393468,,GJ   519,,K7.5Ve,2013AJ....145..102L,91.2519,0.0353,2018yCat.1345....0G,9.07,,,8.3568,4.0E-4,2018yCat.1345....0G
HD 166620,272.4059011711959,38.4577766448776,HD 166620,GJ   706,,K2V,2003AJ....126.2048G,90.1264,0.02,2018yCat.1345....0G,6.4,,2002yCat.2237....0D,6.1126,3.0E-4,2018yCat.1345....0G
*  54 Psc,9.840856297512085,21.250476681314446,HD   3651,GJ    27,WDS J00394+2115A,K0.5V,1989ApJS...71..245K,89.7891,0.0581,2018yCat.1345....0G,5.88,0.05,2009ApJ...694.1085V,5.635,8.0E-4,2018yCat.1345....0G
HD  74576,130.8251266689107,-38.8823805626667,HD  74576,GJ   320,,K3V,2006A&A...460..695T,89.3972,0.0254,2018yCat.1345....0G,6.56,,,6.2696,5.0E-4,2018yCat.1345....0G
HD  85512,147.77938346115084,-43.502783875244724,HD  85512,GJ   370,,K6Vk:,2006AJ....132..161G,88.6158,0.0406,2018yCat.1345....0G,7.651,,2010MNRAS.403.1949K,7.1873,3.0E-4,2018yCat.1345....0G
V* V2689 Ori,84.129126793325,11.3278699997849,HD 245409,GJ   208,,K6V,1986AJ.....92..139S,87.4367,0.0562,2018yCat.1345....0G,8.898,0.044,2012AcA....62...67K,8.208,0.0012,2018yCat.1345....0G
HD 222237,354.9057797135815,-72.7221548166411,HD 222237,GJ   902,,K3+V,2006AJ....132..161G,87.3306,0.0259,2018yCat.1345....0G,7.087,,2010MNRAS.403.1949K,6.7399,2.0E-4,2018yCat.1345....0G
HD 125072,214.7701422364245,-59.3790375076325,HD 125072,GJ   542,,K3IV,2006AJ....132..161G,84.4535,0.0349,2018yCat.1345....0G,6.66,,,6.3391,3.0E-4,2018yCat.1345....0G
HD  72673,128.2145659631339,-31.500850807352,HD  72673,GJ   309,,K1V,1989ApJS...71..245K,82.09,0.0294,2018yCat.1345....0G,6.38,,,6.151,3.0E-4,2018yCat.1345....0G
HD 196877,310.5782615364371,-52.6992651435641,HD 196877,GJ   798,,K7V,1963MNRAS.126...61W,81.12,0.048,2018yCat.1345....0G,8.82,,1982MNRAS.201...51R,8.2371,5.0E-4,2018yCat.1345....0G
HD  21531,51.96835847044505,-19.804483578400866,HD  21531,GJ   142,,K5V,1988MSS...C04....0H,80.04,0.99,2007A&A...474..653V,8.367,,2010MNRAS.403.1949K,7.8111,7.0E-4,2018yCat.1345....0G
HD  69830,124.59977903853625,-12.632169500714445,HD  69830,GJ   302,,G8:V,1989ApJS...71..245K,79.5945,0.0607,2018yCat.1345....0G,5.95,,,5.7393,7.0E-4,2018yCat.1345....0G
HD 104304,180.1852548304925,-10.446126395440833,HD 104304,GJ   454,,G8IV,2006AJ....132..161G,78.7565,0.1206,2018yCat.1345....0G,5.55,,2002yCat.2237....0D,5.3289,0.0015,2018yCat.1345....0G
HD 190007,300.6960232970428,3.3261846682692,HD 190007,GJ   775,,K5V,1991ApJS...77..417K,78.6238,0.0617,2018yCat.1345....0G,7.48,,,7.0634,3.0E-4,2018yCat.1345....0G
HD 101581,175.2602840876487,-44.405189564126,HD 101581,GJ   435,,K4.5Vk:,2006AJ....132..161G,78.23,0.0694,2018yCat.1345....0G,7.762,,2010MNRAS.403.1949K,7.384,3.0E-4,2018yCat.1345....0G
HD  82106,142.4784394773387,5.6551331129547,HD  82106,GJ   349,,K3V,2010MNRAS.403.1949K,78.229,0.0473,2018yCat.1345....0G,7.197,,2010MNRAS.403.1949K,6.8756,5.0E-4,2018yCat.1345....0G
HD 158633,261.2504094619069,67.3067083726557,HD 158633,GJ   675,,K0,1985ApJS...59..197B,78.1653,0.0266,2018yCat.1345....0G,6.43,,,6.2097,2.0E-4,2018yCat.1345....0G
HD  14412,34.7437695599448,-25.945687076905,HD  14412,GJ    95,,G8V,2006AJ....132..161G,77.9153,0.0602,2018yCat.1345....0G,6.34,,,6.1311,5.0E-4,2018yCat.1345....0G
HD  40307,88.51767081413502,-60.023469929958054,HD  40307,GJ  2046,,K2.5V,2006AJ....132..161G,77.2727,0.0276,2018yCat.1345....0G,7.147,,2010MNRAS.403.1949K,6.8437,3.0E-4,2018yCat.1345....0G
HD  27274,63.9870920154234,-53.3098080832095,HD  27274,GJ   167,,K4.5Vk:,2006AJ....132..161G,76.5847,0.0304,2018yCat.1345....0G,7.634,,2010MNRAS.403.1949K,7.2323,3.0E-4,2018yCat.1345....0G
HD 211970,335.5675252432959,-54.5606128931153,HD 211970,GJ  1267,,K7Vk:,2006AJ....132..161G,76.1461,0.04,2018yCat.1345....0G,8.992,,2010MNRAS.403.1949K,8.4044,5.0E-4,2018yCat.1345....0G
HD 170657,277.8290050847194,-18.9088146012824,HD 170657,GJ   716,,K2V,2006AJ....132..161G,75.9773,0.0458,2018yCat.1345....0G,6.81,,2010MNRAS.403.1949K,6.5475,4.0E-4,2018yCat.1345....0G
HD  29697,70.3285639326502,20.9015133196549,HD  29697,GJ   174,,K4V,1986AJ.....92..139S,75.5395,0.057,2018yCat.1345....0G,7.985,0.068,2012AcA....62...67K,7.5259,0.0012,2018yCat.1345....0G
*  58 Eri,71.9012156698201,-16.934456090932,HD  30495,GJ   177,,G2.5IV-V,1989ApJS...71..245K,75.5213,0.0795,2018yCat.1345....0G,5.5,,,5.293,0.0015,2018yCat.1345....0G
HD 128165,218.3702833736367,52.9087908184112,HD 128165,GJ   556,,K3,1985ApJS...59..197B,75.5094,0.0242,2018yCat.1345....0G,7.23,,,6.9062,2.0E-4,2018yCat.1345....0G
HD 214749,340.1807684661431,-29.674479914138,HD 214749,GJ   868,,K4.5Vk,2006AJ....132..161G,75.26,0.0511,2018yCat.1345....0G,7.841,,2010MNRAS.403.1949K,7.414,7.0E-4,2018yCat.1345....0G
BD+62   780,86.4511504789031,62.2367739070248,,GJ   215,,K7V,1986AJ.....92..139S,73.998,0.0416,2018yCat.1345....0G,9.209,,2012yCat.1322....0Z,8.3801,5.0E-4,2018yCat.1345....0G
HD  10436,25.9196823939791,63.8233980740082,HD  10436,GJ    69,,K5Vbe,1989ApJS...71..245K,73.9913,0.0353,2018yCat.1345....0G,8.41,,,7.9254,3.0E-4,2018yCat.1345....0G
HD  22496,53.7539159412185,-48.4191407642097,HD  22496,GJ   146,,K5/M0V,1978MSS...C02....0H,73.5244,0.0387,2018yCat.1345....0G,8.57,,,8.0195,5.0E-4,2018yCat.1345....0G
HD 145417,243.4523269658986,-57.5705121968851,HD 145417,GJ   615,,K3VFe-1.7,2006AJ....132..161G,73.4265,0.0374,2018yCat.1345....0G,7.54,,2010MNRAS.403.1949K,7.2546,2.0E-4,2018yCat.1345....0G
HD 154577,257.5431289900873,-60.728771769936,HD 154577,GJ   656,,K2.5Vk:,2006AJ....132..161G,72.7317,0.0467,2018yCat.1345....0G,7.41,,,7.1022,2.0E-4,2018yCat.1345....0G
*  47 UMa,164.86655776870498,40.430256219143885,HD  95128,GJ   407,,G1-VFe-0.5,1989ApJS...71..245K,72.4528,0.1507,2018yCat.1345....0G,5.04,0.05,2009ApJ...694.1085V,4.8306,0.0028,2018yCat.1345....0G
HD 281621,62.1558290007145,33.6370368353611,HD 281621,GJ   162,,K7V,1986AJ.....92..139S,71.813,0.0431,2018yCat.1345....0G,10.213,0.05,2012yCat.1322....0Z,9.365,5.0E-4,2018yCat.1345....0G
HD  23356,55.98059557661,-19.1108981395438,HD  23356,,,K2V,1988MSS...C04....0H,71.6588,0.0364,2018yCat.1345....0G,7.081,,2010MNRAS.403.1949K,6.8047,2.0E-4,2018yCat.1345....0G
*  10 Tau,54.217270009390006,0.3995935882605555,HD  22484,GJ   147,,F9IV-V,1989ApJS...71..245K,71.62,0.54,2007A&A...474..653V,4.3,0.05,2009ApJ...694.1085V,4.075,3.0E-4,2018yCat.1345....0G
HD   5133,13.2547298273308,-30.3569148492065,HD   5133,GJ    42,,K2.5Vk:,2006AJ....132..161G,71.5472,0.0573,2018yCat.1345....0G,7.171,,2010MNRAS.403.1949K,6.8708,2.0E-4,2018yCat.1345....0G
HD 120467,207.4366933249343,-22.1110927323432,HD 120467,GJ   529,,K6Va,1989ApJS...71..245K,71.1199,0.0843,2018yCat.1345....0G,8.166,,2010MNRAS.403.1949K,7.6831,5.0E-4,2018yCat.1345....0G
HD 110315,190.277019039061,15.3766675273692,HD 110315,GJ   481,,K4.5V,2010MNRAS.403.1949K,70.8894,0.1099,2018yCat.1345....0G,7.9,0.02,1997JApA...18..161Y,7.4994,4.0E-4,2018yCat.1345....0G
HD 150689,251.0625653216823,-38.9436357956149,HD 150689,,,K3V,2006A&A...460..695T,70.3716,0.0468,2018yCat.1345....0G,7.514,,2010MNRAS.403.1949K,7.1783,2.0E-4,2018yCat.1345....0G
HD 234078,208.0000229116778,49.9509097673892,HD 234078,GJ   532,,K7V,2003AJ....126.2048G,70.1809,0.0353,2018yCat.1345....0G,9.094,0.08,2012yCat.1322....0Z,8.2512,6.0E-4,2018yCat.1345....0G
HD 173818,281.8635439465056,-3.6398334230301,HD 173818,GJ   726,,K5V,1999MSS...C05....0H,70.1428,0.0609,2018yCat.1345....0G,8.766,,2010MNRAS.403.1949K,8.2594,0.0012,2018yCat.1345....0G
V* pi.01 UMa,129.7987680272112,65.020907853664,HD  72905,GJ   311,,G0.5V,2001AJ....121.2148G,69.2004,0.0652,2018yCat.1345....0G,5.64,,2002yCat.2237....0D,5.4796,9.0E-4,2018yCat.1345....0G
BD-08  2582,136.6889570122471,-8.8068365959072,,GJ   334,,K7V,1986AJ.....92..139S,68.8876,0.0386,2018yCat.1345....0G,9.478,,2010MNRAS.403.1949K,8.783,4.0E-4,2018yCat.1345....0G
BD+30  2512,215.4884010248992,29.6296158774174,,GJ   546,,K6V,2003AJ....126.2048G,68.8608,0.0398,2018yCat.1345....0G,8.61,0.009,1991A&AS...89..415O,8.0159,6.0E-4,2018yCat.1345....0G
HD  52698,105.3071854159818,-25.948740845306,HD  52698,GJ   259,,K1V,2006A&A...460..695T,68.1526,0.0746,2018yCat.1345....0G,6.688,,2010MNRAS.403.1949K,6.4533,3.0E-4,2018yCat.1345....0G
HD 196761,310.0489776404055,-23.7738679651309,HD 196761,GJ   796,,G7.5IV-V,1989ApJS...71..245K,68.1348,0.0682,2018yCat.1345....0G,6.37,,,6.1636,2.0E-4,2018yCat.1345....0G
* psi Cap,311.52388594375,-25.270897543055554,HD 197692,GJ   805,,F5V,2006AJ....132..161G,68.13,0.27,2007A&A...474..653V,4.122,0.009,2000A&A...355L..27H,3.9696,0.0031,2018yCat.1345....0G
* nu.02 Lup,230.45062965463,-48.317628467770284,HD 136352,GJ   582,,G3/5V,1978MSS...C02....0H,68.0818,0.0915,2018yCat.1345....0G,5.65,,2002yCat.2237....0D,5.4618,0.0011,2018yCat.1345....0G
BD+40    45,4.2765577931941,40.9482969960645,,GJ    14,,K7,1985ApJS...59..197B,68.0351,0.0566,2018yCat.1345....0G,9.0,0.02,2000A&A...355L..27H,8.3701,6.0E-4,2018yCat.1345....0G
HD 142709,239.4197657350689,-42.6242339703312,HD 142709,GJ   604,,K4V,1978MSS...C02....0H,67.8795,0.0466,2018yCat.1345....0G,8.055,,2010MNRAS.403.1949K,7.6501,3.0E-4,2018yCat.1345....0G
BD+33   529,43.0297387351705,34.3893519352817,,GJ   116,,K4,1985ApJS...59..197B,67.7365,0.038,2018yCat.1345....0G,9.55,,,9.0216,3.0E-4,2018yCat.1345....0G
HD 205390,324.1718474342873,-50.8453856672401,HD 205390,GJ   833,,K1V,2006A&A...460..695T,67.5029,0.0299,2018yCat.1345....0G,7.157,,2010MNRAS.403.1949K,6.8831,4.0E-4,2018yCat.1345....0G
HD  84117,145.560068855975,-23.9155705775205,HD  84117,GJ   364,,F9V,1989ApJS...71..245K,67.4693,0.1921,2018yCat.1345....0G,4.94,,,4.7239,0.003,2018yCat.1345....0G
HD 144628,242.4283101006176,-56.4451511529935,HD 144628,GJ   613,,K2V,1989ApJS...71..245K,67.4096,0.0486,2018yCat.1345....0G,7.124,,2010MNRAS.403.1949K,6.8515,2.0E-4,2018yCat.1345....0G
HD 218511,347.4206289628172,-67.7328226114255,HD 218511,GJ  1279,,K6V,2006A&A...460..695T,67.396,0.0382,2018yCat.1345....0G,8.39,,,7.8248,5.0E-4,2018yCat.1345....0G
* eta Lep,89.10122085083334,-14.16769969,HD  40136,GJ   225,,F2V,2006AJ....132..161G,67.21,0.25,2007A&A...474..653V,3.72,,2002yCat.2237....0D,3.5512,0.0058,2018yCat.1345....0G
* alf Crv,182.10340218374998,-24.728875098333333,HD 105452,"GJ  9389,GJ   455.3",,F1V,2006AJ....132..161G,66.95,0.15,2007A&A...474..653V,4.0,,,3.8519,0.0031,2018yCat.1345....0G
BD+63   137,16.7841584992869,63.9413268220948,,GJ    52,,K7V,2003AJ....126.2048G,66.3671,0.0375,2018yCat.1345....0G,8.98,,,8.4113,4.0E-4,2018yCat.1345....0G
HD 118926,205.029715441366,-4.1861067629986,HD 118926,"GJ   521.1,GJ  9456",,K5V,1999MSS...C05....0H,66.3269,0.098,2018yCat.1345....0G,9.589,,2010MNRAS.403.1949K,8.9392,6.0E-4,2018yCat.1345....0G
* nu. Phe,18.7963441219758,-45.5316687864624,HD   7570,GJ    55,,F9VFe+0.4,2006AJ....132..161G,65.8894,0.1803,2018yCat.1345....0G,4.96,,2002yCat.2237....0D,4.7638,0.0032,2018yCat.1345....0G
HD  38858,87.14558393882166,-4.094644313723888,HD  38858,GJ  1085,,G2V,2003AJ....126.2048G,65.5534,0.0621,2018yCat.1345....0G,5.97,,2002yCat.2237....0D,5.7923,9.0E-4,2018yCat.1345....0G
HD  21197,51.248877484508,-5.3637555461085,HD  21197,GJ   141,,K4V,1999MSS...C05....0H,65.1422,0.0502,2018yCat.1345....0G,7.841,,2010MNRAS.403.1949K,7.4584,5.0E-4,2018yCat.1345....0G
*  51 Peg,344.36658506978085,20.76882840019833,HD 217014,GJ   882,WDS J22575+2046AB,G2IV,1989ApJS...71..245K,64.6488,0.1232,2018yCat.1345....0G,5.46,0.05,2009ApJ...694.1085V,5.256,0.002,2018yCat.1345....0G
HD 139763,235.1440418413839,-18.04902664622,HD 139763,,,K6Vk,2006AJ....132..161G,64.2263,0.074,2018yCat.1345....0G,8.91,,2010MNRAS.403.1949K,8.3594,7.0E-4,2018yCat.1345....0G
* mu. Ara,266.03626514261543,-51.834053069200834,HD 160691,GJ   691,,G3IV-V,2006AJ....132..161G,64.0817,0.1202,2018yCat.1345....0G,5.15,,,4.9046,0.002,2018yCat.1345....0G
HD 190404,300.9671961806371,23.3406851207477,HD 190404,GJ   778,,K1V,2010MNRAS.403.1949K,64.0307,0.03,2018yCat.1345....0G,7.27,0.009,1991A&AS...89..415O,7.0202,2.0E-4,2018yCat.1345....0G
* tau Boo,206.81559750230946,17.456904217850756,HD 120136,GJ   527,WDS J13473+1727AB,F7IV-V,2001AJ....121.2148G,64.03,0.19,2007A&A...474..653V,4.49,0.05,2009ApJ...694.1085V,,,
HD 152705,254.1778015737648,-39.1368770313455,HD 152705,,,K3/4V,1982MSS...C03....0H,63.7411,0.0564,2018yCat.1345....0G,8.59,0.02,2000A&A...355L..27H,8.0622,0.0011,2018yCat.1345....0G
HD 213042,337.313484793786,-30.0184062754796,HD 213042,GJ   862,,K4V,1982MSS...C03....0H,63.7236,0.0857,2018yCat.1345....0G,7.645,,2010MNRAS.403.1949K,7.289,4.0E-4,2018yCat.1345....0G
HD 118972,205.2673788586062,-34.4641581506564,HD 118972,GJ  1175,,K0V,2006A&A...460..695T,63.7208,0.0573,2018yCat.1345....0G,6.92,,1970MNSSA..29....7C,6.6804,5.0E-4,2018yCat.1345....0G
BD-07   699,58.6477755897279,-6.8260147641867,,GJ   156,,K5V,1986AJ.....92..139S,63.7059,0.0468,2018yCat.1345....0G,9.015,,2010MNRAS.403.1949K,8.4204,5.0E-4,2018yCat.1345....0G
V* V1386 Ori,91.6686582205681,15.5421053385108,HD  41593,GJ   227,,K0V,,63.3684,0.0551,2018yCat.1345....0G,6.74,,2010MNRAS.403.1949K,6.5242,0.001,2018yCat.1345....0G
HD 203040,320.0575881304057,-19.8522851852201,HD 203040,"GJ   826.1,GJ  9736",,K6.5Vk,2006AJ....132..161G,63.3493,0.0899,2018yCat.1345....0G,9.086,,2010MNRAS.403.1949K,8.4948,9.0E-4,2018yCat.1345....0G
BD+41  2695,245.2197490574503,40.9614499626743,,GJ   619,,K5V,1986AJ.....92..139S,63.3463,0.0281,2018yCat.1345....0G,9.0,,,8.4376,5.0E-4,2018yCat.1345....0G
HD 191391,302.5815460436206,-20.4934359561692,HD 191391,GJ   782,,K6Vk,2006AJ....132..161G,63.2814,0.0714,2018yCat.1345....0G,8.901,,2010MNRAS.403.1949K,8.3698,8.0E-4,2018yCat.1345....0G
HD 135599,228.9965289360014,0.7963614233157,HD 135599,,,K0V,1999MSS...C05....0H,63.2318,0.0407,2018yCat.1345....0G,6.905,,2010MNRAS.403.1949K,6.6866,4.0E-4,2018yCat.1345....0G
* chi Her,238.1689214050488,42.4515141958648,HD 142373,GJ   602,,F8VFe-2Hdel-1,1989ApJS...71..245K,63.1627,0.149,2018yCat.1345....0G,4.62,,2002yCat.2237....0D,4.3655,0.0037,2018yCat.1345....0G
* phi02 Cet,12.5316191217328,-10.6443291141835,HD   4813,GJ    37,,F7V,2003AJ....126.2048G,62.9723,0.1614,2018yCat.1345....0G,5.19,,,4.9961,0.002,2018yCat.1345....0G
HD  17230,41.5719867098561,11.7752391919043,HD  17230,"GJ   112.1,GJ  9100",,K6V,2010MNRAS.403.1949K,61.9128,0.0461,2018yCat.1345....0G,8.574,,2010MNRAS.403.1949K,8.1068,7.0E-4,2018yCat.1345....0G
HD 202575,319.1352794618367,9.3938262954429,HD 202575,GJ   824,,K3V,2010MNRAS.403.1949K,61.8699,0.0441,2018yCat.1345....0G,7.878,,2010MNRAS.403.1949K,7.5692,4.0E-4,2018yCat.1345....0G
HD  23484,56.0382214697508,-38.2817700105762,HD  23484,GJ   152,,K2V,2006A&A...460..695T,61.8451,0.0219,2018yCat.1345....0G,6.996,,2010MNRAS.403.1949K,6.7349,3.0E-4,2018yCat.1345....0G
HD 109200,188.3807582857515,-68.7558087982804,HD 109200,GJ   472,,K1V,1975MSS...C01....0H,61.7191,0.0279,2018yCat.1345....0G,7.14,,2010MNRAS.403.1949K,6.8894,2.0E-4,2018yCat.1345....0G
* I Car,156.09877488083333,-74.031612105,HD  90589,GJ   391,,F3V,2006AJ....132..161G,61.64,0.12,2007A&A...474..653V,4.01,,2002yCat.2237....0D,3.8257,0.0044,2018yCat.1345....0G
HD  24451,60.3317679575844,76.1593738496639,HD  24451,"GJ   156.2,GJ  9139",,K4,1985ApJS...59..197B,61.6177,0.0262,2018yCat.1345....0G,8.25,,,7.7999,3.0E-4,2018yCat.1345....0G
HD 113538,196.23948519312958,-52.442924568013055,HD 113538,"GJ   496.1,GJ  9425",,K9Vk:,2006AJ....132..161G,61.3899,0.0523,2018yCat.1345....0G,9.057,,2010MNRAS.403.1949K,8.4428,5.0E-4,2018yCat.1345....0G
HD 128311,219.00233639301123,9.746514900968053,HD 128311,GJ  3860,,K3V,2010MNRAS.403.1949K,61.2111,0.074,2018yCat.1345....0G,7.446,,2010MNRAS.403.1949K,7.1672,5.0E-4,2018yCat.1345....0G
HD     55,1.3237030248377,-67.8325904533938,HD     55,GJ     3,,K4.5V,2006AJ....132..161G,61.0313,0.0325,2018yCat.1345....0G,8.485,,2010MNRAS.403.1949K,8.0841,3.0E-4,2018yCat.1345....0G
BD+66   582,133.0014498407487,66.1314969083332,,GJ   322,,K5,,60.5523,0.0303,2018yCat.1345....0G,9.28,,,8.6786,5.0E-4,2018yCat.1345....0G
L  266-166,248.7299167246665,-53.5773164887212,,GJ  3961,,K7,,59.9648,0.0802,2018yCat.1345....0G,12.0,,,11.0748,0.0014,2018yCat.1345....0G
HD 229590,282.2161318942468,17.4389471414656,HD 229590,GJ   728,,K7,2010MNRAS.403.1949K,59.9538,0.0428,2018yCat.1345....0G,9.155,,2010MNRAS.403.1949K,8.605,4.0E-4,2018yCat.1345....0G
HD 130992,222.9186044599766,-24.3041323841181,HD 130992,GJ   565,,K3.5V,2006AJ....132..161G,59.6682,0.0443,2018yCat.1345....0G,7.805,,2010MNRAS.403.1949K,7.4769,3.0E-4,2018yCat.1345....0G
HD 152391,253.2450105947343,-0.0264211943524,HD 152391,GJ   641,,G8.5Vk:,2006AJ....132..161G,59.5382,0.0328,2018yCat.1345....0G,6.64,,,6.427,7.0E-4,2018yCat.1345....0G
HD 193202,302.7184074892676,77.2389720454709,HD 193202,GJ   786,,K7V,1991ApJS...77..417K,59.4428,0.026,2018yCat.1345....0G,8.88,,,8.3133,4.0E-4,2018yCat.1345....0G
HD  76151,133.5747790870404,-5.4344573577189,HD  76151,GJ   327,,G2V,1989ApJS...71..245K,59.3469,0.0447,2018yCat.1345....0G,6.0,,2002yCat.2237....0D,5.8315,7.0E-4,2018yCat.1345....0G
HD  55575,108.9589133975783,47.2399655022431,HD  55575,GJ  1095,,F9V,2003AJ....126.2048G,59.287,0.1222,2018yCat.1345....0G,5.58,,2002yCat.2237....0D,5.3678,0.0014,2018yCat.1345....0G
HD 174080,282.1217718755889,10.7454508517027,HD 174080,GJ   727,WDS J18485+1045A,K0,2010MNRAS.403.1949K,59.2621,0.0481,2018yCat.1345....0G,7.912,,2010MNRAS.403.1949K,7.5976,7.0E-4,2018yCat.1345....0G
HD 221354,352.8425363273528,59.1655184681585,HD 221354,GJ   895.4,,K0V,2003AJ....126.2048G,59.2528,0.031,2018yCat.1345....0G,6.74,,,6.5214,2.0E-4,2018yCat.1345....0G
HD  48948,102.4876078077536,60.335545083342,HD  48948,GJ   247,,K5,1985ApJS...59..197B,59.1275,0.0659,2018yCat.1345....0G,8.58,,,8.1131,4.0E-4,2018yCat.1345....0G
HD 177565,286.7186013078458,-37.81065911146166,HD 177565,GJ   744,,G6V,2006AJ....132..161G,59.0802,0.0667,2018yCat.1345....0G,6.16,,,5.9647,7.0E-4,2018yCat.1345....0G
HD   7924,20.49630508765708,76.71028814467778,HD   7924,"GJ    56.5,GJ  9054",,K0.5V,2014MNRAS.438.2413V,58.8216,0.0249,2018yCat.1345....0G,7.167,0.01,2000A&A...355L..27H,6.9252,2.0E-4,2018yCat.1345....0G
HD 111395,192.1960343572391,24.840227848043,HD 111395,GJ   486.1,,G5V,,58.4809,0.0501,2018yCat.1345....0G,6.29,0.02,1997JApA...18..161Y,6.0983,4.0E-4,2018yCat.1345....0G
HD  65583,120.1338738122514,29.2123546225954,HD  65583,GJ   295,,K0V_Fe-1.3,2003AJ....126.2048G,58.4791,0.045,2018yCat.1345....0G,7.0,,2002yCat.2237....0D,6.7639,2.0E-4,2018yCat.1345....0G
BD+45  4378,359.6812006710607,46.7290936826221,,GJ   913,,K7V,1986AJ.....92..139S,58.4067,0.8984,2018yCat.1345....0G,9.62,,,8.8728,5.0E-4,2018yCat.1345....0G
HD  62613,119.0717836869487,80.2655429470217,HD  62613,GJ   290,,G9,1985ApJS...59..197B,58.3088,0.0244,2018yCat.1345....0G,6.56,,,6.3603,2.0E-4,2018yCat.1345....0G
HD 124642,213.4878265148564,30.2171872985343,HD 124642,GJ  3833,,K3.5V,2003AJ....126.2048G,58.1145,0.0472,2018yCat.1345....0G,8.06,,,7.6666,4.0E-4,2018yCat.1345....0G
HD  47752,100.3154630298131,23.9577162078236,HD  47752,GJ   241,,K3.5V,2010MNRAS.403.1949K,57.8889,0.0499,2018yCat.1345....0G,8.056,,2010MNRAS.403.1949K,7.7333,4.0E-4,2018yCat.1345....0G
HD  67199,120.6299466805382,-66.0209388431651,HD  67199,GJ  3476,,K2Vk:,2006AJ....132..161G,57.8823,0.0356,2018yCat.1345....0G,7.166,,2010MNRAS.403.1949K,6.9215,3.0E-4,2018yCat.1345....0G
HD  94765,164.1283305183821,7.3884746641671,HD  94765,GJ  3633,,K0V,,57.7619,0.0343,2018yCat.1345....0G,7.379,0.064,2012AcA....62...67K,7.0991,5.0E-4,2018yCat.1345....0G
* iot Hor,40.639443682844174,-50.80029339504166,HD  17051,GJ   108,,F8V,2006A&A...460..695T,57.7143,0.0537,2018yCat.1345....0G,5.4,,,5.2242,0.0016,2018yCat.1345....0G
* q01 Eri,25.622145342716248,-53.74083087924167,HD  10647,GJ  3109,,F9V,1989ApJS...71..245K,57.6556,0.0737,2018yCat.1345....0G,5.52,,,5.3549,0.0013,2018yCat.1345....0G
* g Lup,235.29740413375,-44.661206336944446,HD 139664,GJ   594,,F3/5V,1978MSS...C02....0H,57.35,0.16,2007A&A...474..653V,4.64,,,4.4891,0.0036,2018yCat.1345....0G
HD 193664,304.3805345030912,66.853689331402,HD 193664,GJ   788,,G3V,2011ARep...55...31S,57.2564,0.0371,2018yCat.1345....0G,5.93,,,5.7519,7.0E-4,2018yCat.1345....0G
*  37 Gem,103.8277779386131,25.3756955006603,HD  50692,GJ   252,,G0V,2003AJ....126.2048G,57.2425,0.1005,2018yCat.1345....0G,5.748,0.009,2000A&A...355L..27H,5.584,0.0013,2018yCat.1345....0G
* rho CrB,240.26108668845416,33.30351173487027,HD 143761,"GJ   606.2,GJ  9537",WDS J16010+3318A,G0+VaFe-1,1989ApJS...71..245K,57.2216,0.0782,2018yCat.1345....0G,5.41,0.05,2009ApJ...694.1085V,5.2094,0.0016,2018yCat.1345....0G
HD  35650,81.1257071391423,-38.9696517534358,HD  35650,,,K6V,2006A&A...460..695T,57.2104,0.0281,2018yCat.1345....0G,9.054,0.041,2012AcA....62...67K,8.5263,0.0011,2018yCat.1345....0G
HD 148467,246.9871134875884,7.305443665335,HD 148467,GJ   626,,K6V,2003AJ....126.2048G,57.0479,0.0414,2018yCat.1345....0G,8.85,0.014,2000A&A...355L..27H,8.3327,2.0E-4,2018yCat.1345....0G
* e Vir,199.19381732999628,9.424157557205,HD 115383,GJ   504,WDS J13168+0925A,G0V,2010A&A...522A..81A,57.0186,0.2524,2018yCat.1345....0G,5.22,,,5.001,0.0029,2018yCat.1345....0G
*  10 CVn,191.2475211138082,39.2789161990675,HD 110897,GJ   484,,F9V_Fe-0.3,2003AJ....126.2048G,56.9309,0.073,2018yCat.1345....0G,5.95,,2002yCat.2237....0D,5.7853,7.0E-4,2018yCat.1345....0G
HD  25004,59.1515848907585,-41.3435694353512,HD  25004,GJ  1066,,K6Vk:,2006AJ....132..161G,56.9195,0.0257,2018yCat.1345....0G,8.847,,2010MNRAS.403.1949K,8.3704,4.0E-4,2018yCat.1345....0G
CD-46    76,5.3317491193017,-45.7464190295317,,"GJ  9010,GJ    17.1",,K7.0,2010MNRAS.403.1949K,56.8562,0.0315,2018yCat.1345....0G,10.394,,2010MNRAS.403.1949K,9.6286,4.0E-4,2018yCat.1345....0G
* tau06 Eri,56.71203412958333,-23.249723495833337,HD  23754,GJ   155,,F5IV-V,2006AJ....132..161G,56.73,0.19,2007A&A...474..653V,4.2,,,4.044,0.0052,2018yCat.1345....0G
*  58 Oph,265.85747375499994,-21.683193876111115,HD 160915,GJ   692,,F5V,2006AJ....132..161G,56.65,0.24,2007A&A...474..653V,4.861,0.009,2000A&A...355L..27H,4.6927,0.0029,2018yCat.1345....0G
CD-27 13268,282.5881788445884,-26.9236348034903,,,,K8Vk,2006AJ....132..161G,56.6218,0.0418,2018yCat.1345....0G,9.68,,2010MNRAS.403.1949K,9.0476,5.0E-4,2018yCat.1345....0G
CD-27  7978,169.2812789286628,-27.8135307893965,,GJ  1145,,K7,2010MNRAS.403.1949K,56.609,0.036,2018yCat.1345....0G,9.758,,2010MNRAS.403.1949K,9.1052,4.0E-4,2018yCat.1345....0G
HD 152606,253.9083934717834,-32.0677020087793,HD 152606,,,K8Vk,2006AJ....132..161G,56.6076,0.0514,2018yCat.1345....0G,9.572,,2010MNRAS.403.1949K,8.9392,3.0E-4,2018yCat.1345....0G
HD  30876,72.4680497323941,-35.1076300176025,HD  30876,GJ  3317,,K2V,1982MSS...C03....0H,56.4713,0.024,2018yCat.1345....0G,7.495,,2010MNRAS.403.1949K,7.2421,4.0E-4,2018yCat.1345....0G
HD 204587,322.511483619527,-12.5100685268788,HD 204587,GJ   830,,K7Vk:,2006AJ....132..161G,56.4251,0.06,2018yCat.1345....0G,9.075,,2010MNRAS.403.1949K,8.536,7.0E-4,2018yCat.1345....0G
HD 113194,195.5862029909056,-26.78711802841,HD 113194,,,K5Vk:,2006AJ....132..161G,56.3997,0.1368,2018yCat.1345....0G,8.351,,2010MNRAS.403.1949K,7.8616,6.0E-4,2018yCat.1345....0G
HD 102438,176.8158656209018,-30.2865103764475,HD 102438,GJ   446,,G6V,2006AJ....132..161G,56.3677,0.0342,2018yCat.1345....0G,6.48,,,6.2875,2.0E-4,2018yCat.1345....0G
* iot Pav,272.6089632387432,-62.0022386929854,HD 165499,"GJ   705.1,GJ  9616",,G0V,2006AJ....132..161G,56.328,0.1231,2018yCat.1345....0G,5.49,,,5.2901,0.0012,2018yCat.1345....0G
BD+17  2785,221.597009882395,16.4966991577585,,GJ   562,,K5V,2010MNRAS.403.1949K,56.3208,0.0432,2018yCat.1345....0G,9.23,0.02,2000A&A...355L..27H,8.7102,7.0E-4,2018yCat.1345....0G
HD 132683,225.1808880263343,-11.1351297143899,HD 132683,"GJ  9507,GJ   571.1",,K8Vk,2006AJ....132..161G,56.0214,0.0529,2018yCat.1345....0G,9.472,,2010MNRAS.403.1949K,8.8441,0.001,2018yCat.1345....0G
HD  35854,81.5614089571171,-32.504760253901,HD  35854,GJ  1079,,K2/3V,1982MSS...C03....0H,55.9232,0.0235,2018yCat.1345....0G,7.711,,2010MNRAS.403.1949K,7.4087,2.0E-4,2018yCat.1345....0G
HD 189567,301.38652181999294,-67.32089690622277,HD 189567,GJ   776,,G2V,2006AJ....132..161G,55.8197,0.0381,2018yCat.1345....0G,6.07,,2002yCat.2237....0D,5.8992,4.0E-4,2018yCat.1345....0G
HD   3765,10.2052912922363,40.1871721461014,HD   3765,GJ    28,,K2V,1989ApJS...71..245K,55.7562,0.1002,2018yCat.1345....0G,7.36,,,7.0783,2.0E-4,2018yCat.1345....0G
*  14 Her,242.6013136477292,43.81763853737972,HD 145675,GJ   614,WDS J16104+4349AB,K0V,1989ApJS...71..245K,55.7363,0.0226,2018yCat.1345....0G,6.67,,,6.3793,2.0E-4,2018yCat.1345....0G
HD 217486,345.4079461476703,-44.988548292988,HD 217486,,,K3+V,2006AJ....132..161G,55.7205,0.4377,2018yCat.1345....0G,8.96,,,8.5713,3.0E-4,2018yCat.1345....0G
HD   2025,6.1080561057659,-27.0267729437561,HD   2025,GJ    18,,K3V,2006AJ....132..161G,55.7055,0.071,2018yCat.1345....0G,7.916,,2010MNRAS.403.1949K,7.6169,3.0E-4,2018yCat.1345....0G
UPM J0901-6526,135.3821384054031,-65.4445161244102,,,,K5,2006AJ....132..866R,55.6139,0.0609,2018yCat.1345....0G,,,,13.3712,6.0E-4,2018yCat.1345....0G
*  70 Vir,202.10753583333334,13.778788055555554,HD 117176,"GJ  9446,GJ   512.1",WDS J13284+1347A,G4Va,1989ApJS...71..245K,55.6,0.24,2007A&A...474..653V,4.97,0.009,1993A&AS..100..591O,4.7087,0.0032,2018yCat.1345....0G
*   6 Cet,2.8160454159002,-15.4679835277425,HD    693,GJ    10,,F8VFe-0.8CH-0.5,2006AJ....132..161G,55.587,0.3324,2018yCat.1345....0G,4.89,,2002yCat.2237....0D,4.6906,0.0044,2018yCat.1345....0G
* ksi Gem,101.32235133541666,12.895591979722221,HD  48737,GJ   242,,F5IV-V,2003AJ....126.2048G,55.56,0.19,2007A&A...474..653V,3.36,,2002yCat.2237....0D,3.123,0.0051,2018yCat.1345....0G
HD  84035,145.8569188750738,42.6915598240029,HD  84035,GJ   365,,K4V,2003AJ....126.2048G,55.4519,0.1298,2018yCat.1345....0G,8.16,0.009,1991A&AS...89..415O,7.7351,4.0E-4,2018yCat.1345....0G
HD 117936,203.384998395339,8.5867630048631,HD 117936,GJ  2102,,K3V,2010MNRAS.403.1949K,55.3898,0.1452,2018yCat.1345....0G,7.959,,2010MNRAS.403.1949K,7.6268,5.0E-4,2018yCat.1345....0G
HD 206860,326.13054155570626,14.771939536399723,HD 206860,"GJ   836.7,GJ  9751",WDS J21445+1446A,G0V+,2001AJ....121.2148G,55.1631,0.0608,2018yCat.1345....0G,5.95,0.01,2000A&A...355L..27H,5.8109,0.0013,2018yCat.1345....0G
V* V376 Gem,112.2573695904007,31.9938437345588,,"GJ   273.1,GJ  9233",,K2.5V,2003AJ....126.2048G,55.0668,0.0423,2018yCat.1345....0G,7.71,,,7.4389,5.0E-4,2018yCat.1345....0G
* chi Cnc,125.0160862352765,27.2177073344785,HD  69897,GJ   303,,F6V,2007AJ....133.2524W,54.864,0.1728,2018yCat.1345....0G,5.1,,,4.9581,0.0029,2018yCat.1345....0G
HD  31560,73.9246267376178,-28.5639122812935,HD  31560,GJ  2037,,K3.5Vk:,2006AJ....132..161G,54.843,0.0342,2018yCat.1345....0G,8.122,,2010MNRAS.403.1949K,7.7609,3.0E-4,2018yCat.1345....0G
HD 222335,354.9637757474491,-32.7434070730393,HD 222335,"GJ  9833,GJ   902.1",,G9.5V,2006AJ....132..161G,54.7891,0.0493,2018yCat.1345....0G,7.191,,2010MNRAS.403.1949K,6.9578,3.0E-4,2018yCat.1345....0G
BD+13  3578,274.0093776655749,13.9133902220479,,"GJ  9620,GJ   708.2",,K7V,1986AJ.....92..139S,54.761,0.0504,2018yCat.1345....0G,10.179,,2010MNRAS.403.1949K,9.4737,4.0E-4,2018yCat.1345....0G
BD-13  3333,169.09227671107,-14.6933763281128,,"GJ  9355,GJ  1144",,K7V,1986AJ.....92..139S,54.731,0.0847,2018yCat.1345....0G,9.98,,2010MNRAS.403.1949K,9.3285,5.0E-4,2018yCat.1345....0G
HD 154088,256.1160133603975,-28.582677721676667,HD 154088,GJ   652,,K0IV-V,2006AJ....132..161G,54.708,0.0468,2018yCat.1345....0G,6.584,0.01,2000A&A...355L..27H,6.3631,2.0E-4,2018yCat.1345....0G
* pi. Men,84.29118800108377,-80.46911981867916,HD  39091,GJ  9189,,G0V,2006AJ....132..161G,54.7052,0.0671,2018yCat.1345....0G,5.67,,,5.4907,0.0014,2018yCat.1345....0G
* eta Crv,188.0176105425,-16.19600457583333,HD 109085,"GJ   471.2,GJ  9411",,F2V,2006AJ....132..161G,54.7,0.17,2007A&A...474..653V,4.31,,,4.1916,0.0176,2018yCat.1345....0G
V* LQ Hya,143.1065350329684,-11.184635391871801,HD  82558,GJ   355,,K1Vp,1999MSS...C05....0H,54.675,0.0671,2018yCat.1345....0G,7.891,0.096,2012AcA....62...67K,7.4967,0.0018,2018yCat.1345....0G
HD 154345,255.65168293662424,47.081878521931394,HD 154345,GJ   651,,G9,1985ApJS...59..197B,54.6636,0.0212,2018yCat.1345....0G,6.74,,,6.5677,2.0E-4,2018yCat.1345....0G
HD  87883,152.17975380065874,34.24226352926167,HD  87883,,,K0V,,54.6421,0.0369,2018yCat.1345....0G,7.55,0.01,2000A&A...355L..27H,7.2719,2.0E-4,2018yCat.1345....0G
* tau PsA,332.5365847481189,-32.5484098617725,HD 210302,"GJ   849.1,GJ  9770",,F6V,2006AJ....132..161G,54.4879,0.154,2018yCat.1345....0G,4.92,,,4.7641,0.0026,2018yCat.1345....0G
HD  53143,104.9985644189788,-61.3361804749317,HD  53143,GJ   260,,G9V,2006A&A...460..695T,54.4655,0.0233,2018yCat.1345....0G,6.803,,2010MNRAS.403.1949K,6.6049,7.0E-4,2018yCat.1345....0G
HD  97503,168.3051440500852,4.4823445548839,HD  97503,GJ   418,,K5V,2010MNRAS.403.1949K,54.4599,0.062,2018yCat.1345....0G,9.32,0.01,2012yCat.1322....0Z,8.2556,7.0E-4,2018yCat.1345....0G
HD 158233,262.2773174956035,-23.8361121722806,HD 158233,GJ  4008,,K5V,1988MSS...C04....0H,54.3679,0.0593,2018yCat.1345....0G,9.597,,2010MNRAS.403.1949K,9.0597,5.0E-4,2018yCat.1345....0G
HD 192961,304.9039002417262,-46.4281151685674,HD 192961,GJ   787,,K5.5V,2006AJ....132..161G,54.1449,0.0596,2018yCat.1345....0G,8.708,,2010MNRAS.403.1949K,8.2735,4.0E-4,2018yCat.1345....0G
HD  25329,60.8124931520908,35.2732795152558,HD  25329,GJ   158,,K1VbFe-2,1989ApJS...71..245K,53.9806,0.0521,2018yCat.1345....0G,8.5,,2002yCat.2237....0D,8.2205,2.0E-4,2018yCat.1345....0G
HD  42807,93.3020947823679,10.6271426145449,HD  42807,GJ   230,,G4,1985ApJS...59..197B,53.6335,0.0716,2018yCat.1345....0G,6.44,,,6.2613,9.0E-4,2018yCat.1345....0G
HD  49601,102.8849739794998,47.3678194316394,HD  49601,GJ   249,,K6V,2003AJ....126.2048G,53.5873,0.0377,2018yCat.1345....0G,8.98,,,8.457,5.0E-4,2018yCat.1345....0G
HD  20280,48.6859349253919,-26.4462487063324,HD  20280,GJ   131,,K5.5Vk:,2006AJ....132..161G,53.5696,0.041,2018yCat.1345....0G,9.141,,2010MNRAS.403.1949K,8.6513,7.0E-4,2018yCat.1345....0G
BD-18  3106,166.865425323186,-19.2914876796619,,,,K5V,1986AJ.....92..139S,53.3991,0.0465,2018yCat.1345....0G,10.379,,2010MNRAS.403.1949K,9.6408,4.0E-4,2018yCat.1345....0G
HD  25665,62.3959994205427,69.5413913311491,HD  25665,GJ   161,,K2.5V,2003AJ....126.2048G,53.284,0.0347,2018yCat.1345....0G,7.697,0.01,2000A&A...355L..27H,7.4167,2.0E-4,2018yCat.1345....0G
HD  25457,60.6531047681552,-0.2689218240574,HD  25457,GJ   159,,F7/8V,1999MSS...C05....0H,53.273,0.1157,2018yCat.1345....0G,5.38,,,5.2304,0.0015,2018yCat.1345....0G
HD 170493,277.4683644767182,-1.8181025236799,HD 170493,GJ   715,,K4V,1999MSS...C05....0H,53.2422,0.07,2018yCat.1345....0G,8.004,,2010MNRAS.403.1949K,7.6722,6.0E-4,2018yCat.1345....0G
HD 130004,221.3507618038695,13.8463156306293,HD 130004,,,K0V,,53.1567,0.0405,2018yCat.1345....0G,7.87,0.009,1987A&AS...71..561O,7.5836,3.0E-4,2018yCat.1345....0G
HD 266611,104.2695522499919,30.7564919076566,HD 266611,GJ   254,,K5V,1986AJ.....92..139S,52.9498,0.1017,2018yCat.1345....0G,9.745,0.07,2012yCat.1322....0Z,9.0951,6.0E-4,2018yCat.1345....0G
*  15 LMi,147.1473804188647,46.0210093814971,HD  84737,GJ   368,,G0.5Va,1989ApJS...71..245K,52.8994,0.126,2018yCat.1345....0G,5.1,,2002yCat.2237....0D,4.8944,0.0021,2018yCat.1345....0G
CD-39  2700,99.0761665384013,-40.0065616275003,,,,K8Vk,2006AJ....132..161G,52.804,0.2911,2018yCat.1345....0G,10.592,,2010MNRAS.403.1949K,9.8495,7.0E-4,2018yCat.1345....0G
HD  52711,105.8769119987895,29.3370824966074,HD  52711,GJ   262,,G0V,2003AJ....126.2048G,52.7681,0.0929,2018yCat.1345....0G,5.93,,2002yCat.2237....0D,5.7732,9.0E-4,2018yCat.1345....0G
BD+06  2986,226.2230258125757,5.6381001423014,,GJ   576,,K8V,2010MNRAS.403.1949K,52.5873,0.0668,2018yCat.1345....0G,9.815,,2010MNRAS.403.1949K,9.2357,6.0E-4,2018yCat.1345....0G
HD  78366,137.2127939282032,33.882218922011,HD  78366,GJ   334.2,,G0IV-V,2003AJ....126.2048G,52.5197,0.0801,2018yCat.1345....0G,5.9,,,5.7947,5.0E-4,2018yCat.1345....0G
HD 168442,274.9618383432947,-1.938612589349,HD 168442,GJ   710,,K7Vk,2006AJ....132..161G,52.5185,0.0478,2018yCat.1345....0G,9.656,,2010MNRAS.403.1949K,9.0608,5.0E-4,2018yCat.1345....0G
HD 160964,264.0556543538556,71.8783564845964,HD 160964,GJ   689,,K4V,1989ApJS...71..245K,52.455,0.0261,2018yCat.1345....0G,8.59,,,8.1642,4.0E-4,2018yCat.1345....0G
HD 170573,278.2711687260166,-54.2631900947533,HD 170573,,,K4.5Vk:,2006AJ....132..161G,52.3688,0.0581,2018yCat.1345....0G,8.53,0.01,2000A&A...355L..27H,8.0792,4.0E-4,2018yCat.1345....0G
HD  52919,105.6788227021525,-6.7992262311065,HD  52919,GJ  1094,,K4V,1999MSS...C05....0H,52.3185,0.0488,2018yCat.1345....0G,8.351,,2010MNRAS.403.1949K,7.9849,4.0E-4,2018yCat.1345....0G
BD-04  3873,230.5170838338389,-4.7774525511489,,GJ   583,,K4V,1986AJ.....92..139S,52.1506,0.0532,2018yCat.1345....0G,9.459,,2010MNRAS.403.1949K,8.8991,7.0E-4,2018yCat.1345....0G
HD 220339,350.7703966654632,-10.7642439444714,HD 220339,"GJ  9824,GJ   894.5",,K2V,1999MSS...C05....0H,52.1313,0.0573,2018yCat.1345....0G,7.796,,2010MNRAS.403.1949K,7.5312,3.0E-4,2018yCat.1345....0G
HD  68834,123.6496431029737,13.0228261574527,HD  68834,GJ  3488,,K5V,2010MNRAS.403.1949K,52.1185,0.044,2018yCat.1345....0G,8.797,,2010MNRAS.403.1949K,8.3404,4.0E-4,2018yCat.1345....0G
* 110 Her,281.41552376708336,20.54631030527778,HD 173667,"GJ   725.2,GJ  9635",WDS J18457+2033A,F5.5IV-V,2001AJ....121.2148G,52.06,0.25,2007A&A...474..653V,4.19,,2002yCat.2237....0D,4.0296,0.0089,2018yCat.1345....0G
BD+00  3077,203.8532181781812,-0.389101831292,,"GJ  1173,GJ  9413",,K7V,1986AJ.....92..139S,51.941,0.0731,2018yCat.1345....0G,10.27,0.006,1992AJ....104..340L,9.5788,6.0E-4,2018yCat.1345....0G
HD 194640,306.9343450390601,-30.8678462946428,HD 194640,GJ   790,,G8V,2006AJ....132..161G,51.7896,0.0486,2018yCat.1345....0G,6.62,,,6.4261,3.0E-4,2018yCat.1345....0G
HD 130307,221.8170881606219,2.7032263004449,HD 130307,GJ  3867,,K1V,1999MSS...C05....0H,51.5701,0.0785,2018yCat.1345....0G,7.755,,2010MNRAS.403.1949K,7.5045,5.0E-4,2018yCat.1345....0G
CD-33  4354,119.4521627783676,-33.952010997632,,GJ  1106,,K4.5Vk:,2006AJ....132..161G,51.4977,0.5547,2018yCat.1345....0G,8.824,,2010MNRAS.403.1949K,8.3859,4.0E-4,2018yCat.1345....0G
HD  36435,81.9139681466151,-60.415995711059,HD  36435,"GJ  9180,GJ   204.1",,G5V,2006A&A...460..695T,51.3404,0.0303,2018yCat.1345....0G,6.983,,2010MNRAS.403.1949K,6.7886,5.0E-4,2018yCat.1345....0G
* alf Cha,124.63147162083337,-76.91972123111111,HD  71243,GJ   305,,F5VFe-0.8,2006AJ....132..161G,51.12,0.12,2007A&A...474..653V,4.047,0.009,2000A&A...355L..27H,3.8856,0.0053,2018yCat.1345....0G
HD 216520,341.8828187617006,83.697027580338,HD 216520,,,K0V,2003AJ....126.2048G,51.1167,0.0292,2018yCat.1345....0G,7.524,0.01,2000A&A...355L..27H,7.279,2.0E-4,2018yCat.1345....0G
HD 188474,299.1542755533875,-31.3353177000478,HD 188474,GJ  1246,,K3.5Vk:,2006AJ....132..161G,51.0671,0.0976,2018yCat.1345....0G,8.44,0.01,2000A&A...355L..27H,8.0659,4.0E-4,2018yCat.1345....0G
BD+82   733,355.2416128048552,82.872040808799,,,,K2,,51.0042,0.1137,2018yCat.1345....0G,8.35,0.01,2000A&A...355L..27H,8.0097,6.0E-4,2018yCat.1345....0G
HD  56533,108.2795366351067,-63.3449481421887,HD  56533,"GJ   268.2,GJ  9226",,K6Vk:,2006AJ....132..161G,50.9662,0.0306,2018yCat.1345....0G,9.079,,2010MNRAS.403.1949K,8.5667,4.0E-4,2018yCat.1345....0G
CD-34   239,10.3769758749132,-33.6255645562669,,GJ  1016,,K9V,2006AJ....132..161G,50.9542,0.0453,2018yCat.1345....0G,10.525,,2010MNRAS.403.1949K,9.835,6.0E-4,2018yCat.1345....0G
G 188-49,333.6308896078147,27.8551924988027,,GJ   851.5,,K7.5Ve,2013AJ....145..102L,50.9308,0.0741,2018yCat.1345....0G,10.314,0.04,2012yCat.1322....0Z,9.6556,4.0E-4,2018yCat.1345....0G
HD 192263,303.49935631177834,-0.8668810181375001,HD 192263,,WDS J20140-0052A,K1/2V,1999MSS...C05....0H,50.8982,0.0561,2018yCat.1345....0G,7.767,,2010MNRAS.403.1949K,7.4956,6.0E-4,2018yCat.1345....0G
HD 157347,260.7136987897198,-2.3881777294933,HD 157347,,,G3V,2003AJ....126.2048G,50.8591,0.0544,2018yCat.1345....0G,6.278,0.01,2000A&A...355L..27H,6.1037,5.0E-4,2018yCat.1345....0G
CD-38 13254,284.9560418699191,-38.215640138091,,,,G0,1955AnCap..18....0J,50.7617,0.8124,2018yCat.1345....0G,10.27,0.05,2000A&A...355L..27H,10.1729,0.001,2018yCat.1345....0G
HD 136923,230.6951412671229,18.9189608381123,HD 136923,,,G9V,2010MNRAS.403.1949K,50.6409,0.0342,2018yCat.1345....0G,7.123,,2010MNRAS.403.1949K,6.943,3.0E-4,2018yCat.1345....0G
HD 219764,349.772496265934,-60.520663463809,HD 219764,GJ  1283,,K5Vk:,2006AJ....132..161G,50.5944,0.0359,2018yCat.1345....0G,8.93,,,8.4784,3.0E-4,2018yCat.1345....0G
HD 189733,300.1821376595367,22.710853280906388,HD 189733,GJ  4130,,K0V+M4V,2014A&A...565L...1P,50.5685,0.0323,2018yCat.1345....0G,7.648,,2010MNRAS.403.1949K,7.4143,4.0E-4,2018yCat.1345....0G
HD 110810,191.3100547424869,-57.3580010678286,HD 110810,,,K4V,2006A&A...460..695T,50.4855,0.045,2018yCat.1345....0G,7.843,,2010MNRAS.403.1949K,7.528,9.0E-4,2018yCat.1345....0G
G 130-9,356.4562544479869,36.2550490639808,,GJ   906,,K4V,1986AJ.....92..139S,50.4494,0.0522,2018yCat.1345....0G,9.932,0.01,2012yCat.1322....0Z,9.3016,3.0E-4,2018yCat.1345....0G
BD+40  4631,326.1248403916435,41.5974618233972,,"GJ   836.8,GJ  9752",,K8V,2003AJ....126.2048G,50.4206,0.0281,2018yCat.1345....0G,9.674,0.02,2012yCat.1322....0Z,9.0389,4.0E-4,2018yCat.1345....0G
HD  97214,167.7945870186577,-10.9508863569284,HD  97214,GJ   415,,K5V,2006AJ....132..161G,50.334,0.0478,2018yCat.1345....0G,9.219,,2010MNRAS.403.1949K,8.7891,3.0E-4,2018yCat.1345....0G
HD 181321,290.3738657179381,-34.9834323141701,HD 181321,GJ   755,,G2V,2006A&A...460..695T,50.2864,0.3959,2018yCat.1345....0G,6.48,,2002yCat.2237....0D,6.3121,8.0E-4,2018yCat.1345....0G
