main_id,ids,ra,dec,sp_type,plx_value,plx_err,V,G
* eps Eri,"HD  22049, GJ   144, WDS J03329-0927Aa,Ab, WDS J03329-0927A",53.232687347500004,-9.458258656944444,K2V,310.94,0.16,3.7300000190734863,3.3691000938415527
* tau Cet,"WDS J01441-1556A, HD  10700, GJ    71",26.017014260833335,-15.937479597777779,G8V,273.96,0.17,3.5,3.1335999965667725
* e Eri,"HD  20794, GJ   139",49.981878896666665,-43.069782637500005,G6V,165.47,0.19,4.269999980926514,3.9814000129699707
* del Pav,"HD 190248, GJ   780",302.18170612375,-66.1820675763889,G8IV,163.71,0.17,3.559999942779541,3.266400098800659
HD 219134,"GJ   892, HD 219134, WDS J23133+5710A",348.32072825875497,57.16835458916472,K3V,153.0808,0.0895,5.570000171661377,5.207900047302246
* bet Hyi,"GJ    19, HD   2151",6.4377931550222804,-77.25424611998604,G0V,134.07,0.11,2.7899999618530273,2.527100086212158
HD 157881,"GJ   673, HD 157881",261.4384679348621,2.1114232411388,K7V,129.6231,0.0286,7.559999942779541,6.926499843597412
HD 217357,"HD 217357, GJ   884",345.0671769879931,-22.5243476190278,K7+Vk,121.4918,0.0507,7.86899995803833,7.252099990844727
*  61 Vir,"GJ   506, HD 115617, WDS J13184-1819A",199.60130948166668,-18.311195735555557,G6.5V,116.89,0.22,4.739999771118164,4.477200031280518
* zet Tuc,"GJ    17, HD   1581",5.017749880416666,-64.87479298888888,F9.5V,116.46,0.16,4.230000019073486,3.9872000217437744
HD 192310,"GJ   785, HD 192310",303.82246523275126,-27.03297599572111,K2+V,113.6481,0.1186,5.7230000495910645,5.453199863433838
HD  32147,"GJ   183, HD  32147",75.2041630608936,-5.7536723172099,K3+V,113.0236,0.0324,6.210000038146973,5.8694000244140625
* del Eri,"GJ   150, HD  23249",55.81208699458334,-9.763391234444445,K0+IV,110.61,0.22,3.5399999618530273,3.134700059890747
HD 103095,"HD 103095, GJ   451",178.2448682506475,37.7186778007958,K1V_Fe-1.5,108.9551,0.049,6.449999809265137,6.182000160217285
* gam Pav,"HD 203608, GJ   827",321.6108534883333,-65.36619846777778,F9VFe-1.4CH-0.7,107.97,0.19,4.21999979019165,4.00029993057251
HD 151288,"HD 151288, GJ   638",251.276460742948,33.5092260787878,K7.5Ve,101.5116,0.0281,8.798999786376953,7.481299877166748
HD 122064,HD 122064,209.3835798891534,61.4928609327902,K3V,99.2285,0.0232,6.519999980926514,6.154200077056885
HD 103932,"HD 103932, GJ   453",179.4841931766843,-27.7070456229115,K4+V,98.1908,0.0413,6.964000225067139,6.565400123596191
* alf Men,"HD  43834, GJ   231",92.5603088308903,-74.7530454408681,G7V,97.8983,0.0719,5.090000152587891,4.850299835205078
BD+36  2393,GJ   519,204.3698691881367,35.7177624393468,K7.5Ve,91.2519,0.0353,9.069999694824219,8.356800079345703
HD 166620,"HD 166620, GJ   706",272.4059011711959,38.4577766448776,K2V,90.1264,0.02,6.400000095367432,6.112599849700928
*  54 Psc,"WDS J00394+2115A, GJ    27, HD   3651",9.840856297512085,21.250476681314446,K0.5V,89.7891,0.0581,5.880000114440918,5.635000228881836
HD  74576,"GJ   320, HD  74576",130.8251266689107,-38.8823805626667,K3V,89.3972,0.0254,6.559999942779541,6.269599914550781
HD  85512,"HD  85512, GJ   370",147.77938346115084,-43.502783875244724,K6Vk:,88.6158,0.0406,7.651000022888184,7.187300205230713
V* V2689 Ori,"HD 245409, GJ   208",84.129126793325,11.3278699997849,K6V,87.4367,0.0562,8.89799976348877,8.208000183105469
HD 222237,"GJ   902, HD 222237",354.9057797135815,-72.7221548166411,K3+V,87.3306,0.0259,7.086999893188477,6.7399001121521
HD 125072,"HD 125072, GJ   542",214.7701422364245,-59.3790375076325,K3IV,84.4535,0.0349,6.659999847412109,6.339099884033203
HD  72673,"GJ   309, HD  72673",128.2145659631339,-31.500850807352,K1V,82.09,0.0294,6.380000114440918,6.151000022888184
HD 196877,"HD 196877, GJ   798",310.5782615364371,-52.6992651435641,K7V,81.12,0.048,8.819999694824219,8.237099647521973
HD  21531,"GJ   142, HD  21531",51.96835847044505,-19.804483578400866,K5V,80.04,0.99,8.366999626159668,7.811100006103516
HD  69830,"HD  69830, GJ   302",124.59977903853625,-12.632169500714445,G8:V,79.5945,0.0607,5.949999809265137,5.739299774169922
HD 104304,"HD 104304, GJ   454",180.1852548304925,-10.446126395440833,G8IV,78.7565,0.1206,5.550000190734863,5.32889986038208
HD 190007,"GJ   775, HD 190007",300.6960232970428,3.3261846682692,K5V,78.6238,0.0617,7.480000019073486,7.063399791717529
HD 101581,"HD 101581, GJ   435",175.2602840876487,-44.405189564126,K4.5Vk:,78.23,0.0694,7.76200008392334,7.383999824523926
HD  82106,"GJ   349, HD  82106",142.4784394773387,5.6551331129547,K3V,78.229,0.0473,7.197000026702881,6.8755998611450195
HD 158633,"HD 158633, GJ   675",261.2504094619069,67.3067083726557,K0,78.1653,0.0266,6.429999828338623,6.209700107574463
HD  14412,"HD  14412, GJ    95",34.7437695599448,-25.945687076905,G8V,77.9153,0.0602,6.340000152587891,6.131100177764893
HD  40307,"GJ  2046, HD  40307",88.51767081413502,-60.023469929958054,K2.5V,77.2727,0.0276,7.146999835968018,6.843699932098389
HD  27274,"GJ   167, HD  27274",63.9870920154234,-53.3098080832095,K4.5Vk:,76.5847,0.0304,7.633999824523926,7.2322998046875
HD 211970,"HD 211970, GJ  1267",335.5675252432959,-54.5606128931153,K7Vk:,76.1461,0.04,8.991999626159668,8.404399871826172
HD 170657,"HD 170657, GJ   716",277.8290050847194,-18.9088146012824,K2V,75.9773,0.0458,6.809999942779541,6.547500133514404
HD  29697,"HD  29697, GJ   174",70.3285639326502,20.9015133196549,K4V,75.5395,0.057,7.985000133514404,7.525899887084961
*  58 Eri,"GJ   177, HD  30495",71.9012156698201,-16.934456090932,G2.5IV-V,75.5213,0.0795,5.5,5.293000221252441
HD 128165,"HD 128165, GJ   556",218.3702833736367,52.9087908184112,K3,75.5094,0.0242,7.230000019073486,6.906199932098389
HD 214749,"GJ   868, HD 214749",340.1807684661431,-29.674479914138,K4.5Vk,75.26,0.0511,7.841000080108643,7.414000034332275
BD+62   780,GJ   215,86.4511504789031,62.2367739070248,K7V,73.998,0.0416,9.208999633789062,8.38010025024414
HD  10436,"HD  10436, GJ    69",25.9196823939791,63.8233980740082,K5Vbe,73.9913,0.0353,8.40999984741211,7.9253997802734375
HD  22496,"HD  22496, GJ   146",53.7539159412185,-48.4191407642097,K5/M0V,73.5244,0.0387,8.569999694824219,8.019499778747559
HD 145417,"HD 145417, GJ   615",243.4523269658986,-57.5705121968851,K3VFe-1.7,73.4265,0.0374,7.539999961853027,7.2546000480651855
HD 154577,"HD 154577, GJ   656",257.5431289900873,-60.728771769936,K2.5Vk:,72.7317,0.0467,7.409999847412109,7.102200031280518
*  47 UMa,"HD  95128, GJ   407",164.86655776870498,40.430256219143885,G1-VFe-0.5,72.4528,0.1507,5.039999961853027,4.830599784851074
HD 281621,"HD 281621, GJ   162",62.1558290007145,33.6370368353611,K7V,71.813,0.0431,10.213000297546387,9.364999771118164
HD  23356,HD  23356,55.98059557661,-19.1108981395438,K2V,71.6588,0.0364,7.080999851226807,6.804699897766113
*  10 Tau,"GJ   147, HD  22484",54.217270009390006,0.3995935882605555,F9IV-V,71.62,0.54,4.300000190734863,4.074999809265137
HD   5133,"GJ    42, HD   5133",13.2547298273308,-30.3569148492065,K2.5Vk:,71.5472,0.0573,7.171000003814697,6.870800018310547
HD 120467,"GJ   529, HD 120467",207.4366933249343,-22.1110927323432,K6Va,71.1199,0.0843,8.166000366210938,7.68310022354126
HD 110315,"HD 110315, GJ   481",190.277019039061,15.3766675273692,K4.5V,70.8894,0.1099,7.900000095367432,7.4994001388549805
HD 150689,HD 150689,251.0625653216823,-38.9436357956149,K3V,70.3716,0.0468,7.513999938964844,7.178299903869629
HD 234078,"GJ   532, HD 234078",208.0000229116778,49.9509097673892,K7V,70.1809,0.0353,9.093999862670898,8.251199722290039
HD 173818,"GJ   726, HD 173818",281.8635439465056,-3.6398334230301,K5V,70.1428,0.0609,8.765999794006348,8.259400367736816
V* pi.01 UMa,"GJ   311, HD  72905",129.7987680272112,65.020907853664,G0.5V,69.2004,0.0652,5.639999866485596,5.479599952697754
BD-08  2582,GJ   334,136.6889570122471,-8.8068365959072,K7V,68.8876,0.0386,9.477999687194824,8.782999992370605
BD+30  2512,GJ   546,215.4884010248992,29.6296158774174,K6V,68.8608,0.0398,8.609999656677246,8.015899658203125
HD  52698,"GJ   259, HD  52698",105.3071854159818,-25.948740845306,K1V,68.1526,0.0746,6.688000202178955,6.4532999992370605
HD 196761,"HD 196761, GJ   796",310.0489776404055,-23.7738679651309,G7.5IV-V,68.1348,0.0682,6.369999885559082,6.163599967956543
* psi Cap,"HD 197692, GJ   805",311.52388594375,-25.270897543055554,F5V,68.13,0.27,4.122000217437744,3.969599962234497
* nu.02 Lup,"GJ   582, HD 136352",230.45062965463,-48.317628467770284,G3/5V,68.0818,0.0915,5.650000095367432,5.4618000984191895
BD+40    45,GJ    14,4.2765577931941,40.9482969960645,K7,68.0351,0.0566,9.0,8.370100021362305
HD 142709,"HD 142709, GJ   604",239.4197657350689,-42.6242339703312,K4V,67.8795,0.0466,8.055000305175781,7.650100231170654
BD+33   529,GJ   116,43.0297387351705,34.3893519352817,K4,67.7365,0.038,9.550000190734863,9.021599769592285
HD 205390,"HD 205390, GJ   833",324.1718474342873,-50.8453856672401,K1V,67.5029,0.0299,7.1570000648498535,6.8831000328063965
HD  84117,"HD  84117, GJ   364",145.560068855975,-23.9155705775205,F9V,67.4693,0.1921,4.940000057220459,4.723899841308594
HD 144628,"HD 144628, GJ   613",242.4283101006176,-56.4451511529935,K2V,67.4096,0.0486,7.124000072479248,6.851500034332275
HD 218511,"GJ  1279, HD 218511",347.4206289628172,-67.7328226114255,K6V,67.396,0.0382,8.390000343322754,7.82480001449585
* eta Lep,"HD  40136, GJ   225",89.10122085083334,-14.16769969,F2V,67.21,0.25,3.7200000286102295,3.5511999130249023
* alf Crv,"HD 105452, GJ  9389, GJ   455.3",182.10340218374998,-24.728875098333333,F1V,66.95,0.15,4.0,3.851900100708008
BD+63   137,GJ    52,16.7841584992869,63.9413268220948,K7V,66.3671,0.0375,8.979999542236328,8.411299705505371
HD 118926,"HD 118926, GJ  9456, GJ   521.1",205.029715441366,-4.1861067629986,K5V,66.3269,0.098,9.58899974822998,8.939200401306152
* nu. Phe,"GJ    55, HD   7570",18.7963441219758,-45.5316687864624,F9VFe+0.4,65.8894,0.1803,4.960000038146973,4.763800144195557
HD  38858,"HD  38858, GJ  1085",87.14558393882166,-4.094644313723888,G2V,65.5534,0.0621,5.96999979019165,5.792300224304199
HD  21197,"GJ   141, HD  21197",51.248877484508,-5.3637555461085,K4V,65.1422,0.0502,7.841000080108643,7.458399772644043
*  51 Peg,"WDS J22575+2046AB, GJ   882, HD 217014",344.36658506978085,20.76882840019833,G2IV,64.6488,0.1232,5.460000038146973,5.25600004196167
HD 139763,HD 139763,235.1440418413839,-18.04902664622,K6Vk,64.2263,0.074,8.90999984741211,8.359399795532227
* mu. Ara,"HD 160691, GJ   691",266.03626514261543,-51.834053069200834,G3IV-V,64.0817,0.1202,5.150000095367432,4.904600143432617
HD 190404,"HD 190404, GJ   778",300.9671961806371,23.3406851207477,K1V,64.0307,0.03,7.269999980926514,7.020199775695801
* tau Boo,"HD 120136, WDS J13473+1727AB, GJ   527",206.81559750230946,17.456904217850756,F7IV-V,64.03,0.19,4.489999771118164,
HD 152705,HD 152705,254.1778015737648,-39.1368770313455,K3/4V,63.7411,0.0564,8.59000015258789,8.062199592590332
HD 213042,"HD 213042, GJ   862",337.313484793786,-30.0184062754796,K4V,63.7236,0.0857,7.644999980926514,7.289000034332275
HD 118972,"HD 118972, GJ  1175",205.2673788586062,-34.4641581506564,K0V,63.7208,0.0573,6.920000076293945,6.6803998947143555
BD-07   699,GJ   156,58.6477755897279,-6.8260147641867,K5V,63.7059,0.0468,9.015000343322754,8.42039966583252
V* V1386 Ori,"HD  41593, GJ   227",91.6686582205681,15.5421053385108,K0V,63.3684,0.0551,6.739999771118164,6.524199962615967
HD 203040,"GJ  9736, GJ   826.1, HD 203040",320.0575881304057,-19.8522851852201,K6.5Vk,63.3493,0.0899,9.086000442504883,8.494799613952637
BD+41  2695,GJ   619,245.2197490574503,40.9614499626743,K5V,63.3463,0.0281,9.0,8.437600135803223
HD 191391,"GJ   782, HD 191391",302.5815460436206,-20.4934359561692,K6Vk,63.2814,0.0714,8.901000022888184,8.369799613952637
HD 135599,HD 135599,228.9965289360014,0.7963614233157,K0V,63.2318,0.0407,6.90500020980835,6.686600208282471
* chi Her,"GJ   602, HD 142373",238.1689214050488,42.4515141958648,F8VFe-2Hdel-1,63.1627,0.149,4.619999885559082,4.365499973297119
* phi02 Cet,"HD   4813, GJ    37",12.5316191217328,-10.6443291141835,F7V,62.9723,0.1614,5.190000057220459,4.996099948883057
HD  17230,"GJ   112.1, GJ  9100, HD  17230",41.5719867098561,11.7752391919043,K6V,61.9128,0.0461,8.574000358581543,8.106800079345703
HD 202575,"GJ   824, HD 202575",319.1352794618367,9.3938262954429,K3V,61.8699,0.0441,7.877999782562256,7.569200038909912
HD  23484,"HD  23484, GJ   152",56.0382214697508,-38.2817700105762,K2V,61.8451,0.0219,6.995999813079834,6.734899997711182
HD 109200,"HD 109200, GJ   472",188.3807582857515,-68.7558087982804,K1V,61.7191,0.0279,7.139999866485596,6.889400005340576
* I Car,"GJ   391, HD  90589",156.09877488083333,-74.031612105,F3V,61.64,0.12,4.010000228881836,3.825700044631958
HD  24451,"GJ  9139, HD  24451, GJ   156.2",60.3317679575844,76.1593738496639,K4,61.6177,0.0262,8.25,7.799900054931641
HD 113538,"HD 113538, GJ   496.1, GJ  9425",196.23948519312958,-52.442924568013055,K9Vk:,61.3899,0.0523,9.057000160217285,8.44279956817627
HD 128311,"HD 128311, GJ  3860",219.00233639301123,9.746514900968053,K3V,61.2111,0.074,7.446000099182129,7.167200088500977
HD     55,"GJ     3, HD     55",1.3237030248377,-67.8325904533938,K4.5V,61.0313,0.0325,8.484999656677246,8.084099769592285
BD+66   582,GJ   322,133.0014498407487,66.1314969083332,K5,60.5523,0.0303,9.279999732971191,8.678600311279297
L  266-166,GJ  3961,248.7299167246665,-53.5773164887212,K7,59.9648,0.0802,12.0,11.074799537658691
HD 229590,"GJ   728, HD 229590",282.2161318942468,17.4389471414656,K7,59.9538,0.0428,9.154999732971191,8.604999542236328
HD 130992,"HD 130992, GJ   565",222.9186044599766,-24.3041323841181,K3.5V,59.6682,0.0443,7.804999828338623,7.476900100708008
HD 152391,"GJ   641, HD 152391",253.2450105947343,-0.0264211943524,G8.5Vk:,59.5382,0.0328,6.639999866485596,6.427000045776367
HD 193202,"HD 193202, GJ   786",302.7184074892676,77.2389720454709,K7V,59.4428,0.026,8.880000114440918,8.313300132751465
HD  76151,"HD  76151, GJ   327",133.5747790870404,-5.4344573577189,G2V,59.3469,0.0447,6.0,5.831500053405762
HD  55575,"GJ  1095, HD  55575",108.9589133975783,47.2399655022431,F9V,59.287,0.1222,5.579999923706055,5.367800235748291
HD 174080,"WDS J18485+1045A, GJ   727, HD 174080",282.1217718755889,10.7454508517027,K0,59.2621,0.0481,7.9120001792907715,7.597599983215332
HD 221354,"HD 221354, GJ   895.4",352.8425363273528,59.1655184681585,K0V,59.2528,0.031,6.739999771118164,6.521399974822998
HD  48948,"GJ   247, HD  48948",102.4876078077536,60.335545083342,K5,59.1275,0.0659,8.579999923706055,8.113100051879883
HD 177565,"HD 177565, GJ   744",286.7186013078458,-37.81065911146166,G6V,59.0802,0.0667,6.159999847412109,5.964700222015381
HD   7924,"GJ  9054, HD   7924, GJ    56.5",20.49630508765708,76.71028814467778,K0.5V,58.8216,0.0249,7.166999816894531,6.92519998550415
HD 111395,"GJ   486.1, HD 111395",192.1960343572391,24.840227848043,G5V,58.4809,0.0501,6.289999961853027,6.098299980163574
HD  65583,"GJ   295, HD  65583",120.1338738122514,29.2123546225954,K0V_Fe-1.3,58.4791,0.045,7.0,6.763899803161621
BD+45  4378,GJ   913,359.6812006710607,46.7290936826221,K7V,58.4067,0.8984,9.619999885559082,8.87279987335205
HD  62613,"HD  62613, GJ   290",119.0717836869487,80.2655429470217,G9,58.3088,0.0244,6.559999942779541,6.360300064086914
HD 124642,"GJ  3833, HD 124642",213.4878265148564,30.2171872985343,K3.5V,58.1145,0.0472,8.0600004196167,7.666600227355957
HD  47752,"GJ   241, HD  47752",100.3154630298131,23.9577162078236,K3.5V,57.8889,0.0499,8.055999755859375,7.73330020904541
HD  67199,"GJ  3476, HD  67199",120.6299466805382,-66.0209388431651,K2Vk:,57.8823,0.0356,7.165999889373779,6.921500205993652
HD  94765,"GJ  3633, HD  94765",164.1283305183821,7.3884746641671,K0V,57.7619,0.0343,7.379000186920166,7.099100112915039
* iot Hor,"GJ   108, HD  17051",40.639443682844174,-50.80029339504166,F8V,57.7143,0.0537,5.400000095367432,5.2241997718811035
* q01 Eri,"GJ  3109, HD  10647",25.622145342716248,-53.74083087924167,F9V,57.6556,0.0737,5.519999980926514,5.354899883270264
* g Lup,"HD 139664, GJ   594",235.29740413375,-44.661206336944446,F3/5V,57.35,0.16,4.639999866485596,4.489099979400635
HD 193664,"HD 193664, GJ   788",304.3805345030912,66.853689331402,G3V,57.2564,0.0371,5.929999828338623,5.7519001960754395
*  37 Gem,"GJ   252, HD  50692",103.8277779386131,25.3756955006603,G0V,57.2425,0.1005,5.748000144958496,5.584000110626221
* rho CrB,"GJ  9537, HD 143761, WDS J16010+3318A, GJ   606.2",240.26108668845416,33.30351173487027,G0+VaFe-1,57.2216,0.0782,5.409999847412109,5.209400177001953
HD  35650,HD  35650,81.1257071391423,-38.9696517534358,K6V,57.2104,0.0281,9.053999900817871,8.526300430297852
HD 148467,"GJ   626, HD 148467",246.9871134875884,7.305443665335,K6V,57.0479,0.0414,8.850000381469727,8.3326997756958
* e Vir,"HD 115383, WDS J13168+0925A, GJ   504",199.19381732999628,9.424157557205,G0V,57.0186,0.2524,5.21999979019165,5.000999927520752
*  10 CVn,"HD 110897, GJ   484",191.2475211138082,39.2789161990675,F9V_Fe-0.3,56.9309,0.073,5.949999809265137,5.785299777984619
HD  25004,"HD  25004, GJ  1066",59.1515848907585,-41.3435694353512,K6Vk:,56.9195,0.0257,8.847000122070312,8.370400428771973
CD-46    76,"GJ    17.1, GJ  9010",5.3317491193017,-45.7464190295317,K7.0,56.8562,0.0315,10.394000053405762,9.628600120544434
* tau06 Eri,"GJ   155, HD  23754",56.71203412958333,-23.249723495833337,F5IV-V,56.73,0.19,4.199999809265137,4.044000148773193
*  58 Oph,"GJ   692, HD 160915",265.85747375499994,-21.683193876111115,F5V,56.65,0.24,4.861000061035156,4.692699909210205
CD-27  7978,GJ  1145,169.2812789286628,-27.8135307893965,K7,56.609,0.036,9.758000373840332,9.105199813842773
HD 152606,HD 152606,253.9083934717834,-32.0677020087793,K8Vk,56.6076,0.0514,9.571999549865723,8.939200401306152
HD  30876,"GJ  3317, HD  30876",72.4680497323941,-35.1076300176025,K2V,56.4713,0.024,7.494999885559082,7.242099761962891
HD 204587,"HD 204587, GJ   830",322.511483619527,-12.5100685268788,K7Vk:,56.4251,0.06,9.074999809265137,8.53600025177002
HD 113194,HD 113194,195.5862029909056,-26.78711802841,K5Vk:,56.3997,0.1368,8.35099983215332,7.861599922180176
HD 102438,"GJ   446, HD 102438",176.8158656209018,-30.2865103764475,G6V,56.3677,0.0342,6.480000019073486,6.287499904632568
* iot Pav,"GJ   705.1, GJ  9616, HD 165499",272.6089632387432,-62.0022386929854,G0V,56.328,0.1231,5.489999771118164,5.29010009765625
BD+17  2785,GJ   562,221.597009882395,16.4966991577585,K5V,56.3208,0.0432,9.229999542236328,8.710200309753418
HD 132683,"GJ   571.1, GJ  9507, HD 132683",225.1808880263343,-11.1351297143899,K8Vk,56.0214,0.0529,9.472000122070312,8.844099998474121
HD  35854,"GJ  1079, HD  35854",81.5614089571171,-32.504760253901,K2/3V,55.9232,0.0235,7.710999965667725,7.408699989318848
HD 189567,"GJ   776, HD 189567",301.38652181999294,-67.32089690622277,G2V,55.8197,0.0381,6.070000171661377,5.899199962615967
HD   3765,"HD   3765, GJ    28",10.2052912922363,40.1871721461014,K2V,55.7562,0.1002,7.360000133514404,7.0782999992370605
*  14 Her,"GJ   614, WDS J16104+4349AB, HD 145675",242.6013136477292,43.81763853737972,K0V,55.7363,0.0226,6.670000076293945,6.379300117492676
HD 217486,HD 217486,345.4079461476703,-44.988548292988,K3+V,55.7205,0.4377,8.960000038146973,8.57129955291748
HD   2025,"HD   2025, GJ    18",6.1080561057659,-27.0267729437561,K3V,55.7055,0.071,7.915999889373779,7.6168999671936035
*  70 Vir,"GJ  9446, GJ   512.1, WDS J13284+1347A, HD 117176",202.10753583333334,13.778788055555554,G4Va,55.6,0.24,4.96999979019165,4.708700180053711
*   6 Cet,"HD    693, GJ    10",2.8160454159002,-15.4679835277425,F8VFe-0.8CH-0.5,55.587,0.3324,4.889999866485596,4.6905999183654785
* ksi Gem,"GJ   242, HD  48737",101.32235133541666,12.895591979722221,F5IV-V,55.56,0.19,3.359999895095825,3.122999906539917
HD  84035,"GJ   365, HD  84035",145.8569188750738,42.6915598240029,K4V,55.4519,0.1298,8.15999984741211,7.735099792480469
HD 117936,"HD 117936, GJ  2102",203.384998395339,8.5867630048631,K3V,55.3898,0.1452,7.959000110626221,7.626800060272217
HD 206860,"GJ   836.7, HD 206860, WDS J21445+1446A, GJ  9751",326.13054155570626,14.771939536399723,G0V+,55.1631,0.0608,5.949999809265137,5.8109002113342285
V* V376 Gem,"GJ  9233, GJ   273.1",112.2573695904007,31.9938437345588,K2.5V,55.0668,0.0423,7.710000038146973,7.438899993896484
* chi Cnc,"HD  69897, GJ   303",125.0160862352765,27.2177073344785,F6V,54.864,0.1728,5.099999904632568,4.958099842071533
HD  31560,"GJ  2037, HD  31560",73.9246267376178,-28.5639122812935,K3.5Vk:,54.843,0.0342,8.121999740600586,7.760900020599365
HD 222335,"GJ  9833, HD 222335, GJ   902.1",354.9637757474491,-32.7434070730393,G9.5V,54.7891,0.0493,7.190999984741211,6.957799911499023
BD+13  3578,"GJ   708.2, GJ  9620",274.0093776655749,13.9133902220479,K7V,54.761,0.0504,10.178999900817871,9.473699569702148
BD-13  3333,"GJ  9355, GJ  1144",169.09227671107,-14.6933763281128,K7V,54.731,0.0847,9.979999542236328,9.328499794006348
HD 154088,"GJ   652, HD 154088",256.1160133603975,-28.582677721676667,K0IV-V,54.708,0.0468,6.584000110626221,6.363100051879883
* pi. Men,"GJ  9189, HD  39091",84.29118800108377,-80.46911981867916,G0V,54.7052,0.0671,5.670000076293945,5.490699768066406
* eta Crv,"GJ  9411, GJ   471.2, HD 109085",188.0176105425,-16.19600457583333,F2V,54.7,0.17,4.309999942779541,4.1915998458862305
V* LQ Hya,"GJ   355, HD  82558",143.1065350329684,-11.184635391871801,K1Vp,54.675,0.0671,7.890999794006348,7.496699810028076
HD 154345,"HD 154345, GJ   651",255.65168293662424,47.081878521931394,G9,54.6636,0.0212,6.739999771118164,6.567699909210205
HD  87883,HD  87883,152.17975380065874,34.24226352926167,K0V,54.6421,0.0369,7.550000190734863,7.271900177001953
* tau PsA,"HD 210302, GJ  9770, GJ   849.1",332.5365847481189,-32.5484098617725,F6V,54.4879,0.154,4.920000076293945,4.764100074768066
HD  53143,"GJ   260, HD  53143",104.9985644189788,-61.3361804749317,G9V,54.4655,0.0233,6.802999973297119,6.604899883270264
HD  97503,"GJ   418, HD  97503",168.3051440500852,4.4823445548839,K5V,54.4599,0.062,9.319999694824219,8.255599975585938
HD 158233,"HD 158233, GJ  4008",262.2773174956035,-23.8361121722806,K5V,54.3679,0.0593,9.597000122070312,9.059700012207031
HD 192961,"HD 192961, GJ   787",304.9039002417262,-46.4281151685674,K5.5V,54.1449,0.0596,8.708000183105469,8.273500442504883
HD  25329,"HD  25329, GJ   158",60.8124931520908,35.2732795152558,K1VbFe-2,53.9806,0.0521,8.5,8.220499992370605
HD  42807,"HD  42807, GJ   230",93.3020947823679,10.6271426145449,G4,53.6335,0.0716,6.440000057220459,6.261300086975098
HD  49601,"GJ   249, HD  49601",102.8849739794998,47.3678194316394,K6V,53.5873,0.0377,8.979999542236328,8.456999778747559
HD  20280,"HD  20280, GJ   131",48.6859349253919,-26.4462487063324,K5.5Vk:,53.5696,0.041,9.140999794006348,8.651300430297852
HD  25665,"HD  25665, GJ   161",62.3959994205427,69.5413913311491,K2.5V,53.284,0.0347,7.697000026702881,7.4166998863220215
HD  25457,"GJ   159, HD  25457",60.6531047681552,-0.2689218240574,F7/8V,53.273,0.1157,5.380000114440918,5.230400085449219
HD 170493,"GJ   715, HD 170493",277.4683644767182,-1.8181025236799,K4V,53.2422,0.07,8.003999710083008,7.6722002029418945
HD 130004,HD 130004,221.3507618038695,13.8463156306293,K0V,53.1567,0.0405,7.869999885559082,7.583600044250488
HD 266611,"HD 266611, GJ   254",104.2695522499919,30.7564919076566,K5V,52.9498,0.1017,9.744999885559082,9.095100402832031
*  15 LMi,"HD  84737, GJ   368",147.1473804188647,46.0210093814971,G0.5Va,52.8994,0.126,5.099999904632568,4.894400119781494
HD  52711,"GJ   262, HD  52711",105.8769119987895,29.3370824966074,G0V,52.7681,0.0929,5.929999828338623,5.773200035095215
BD+06  2986,GJ   576,226.2230258125757,5.6381001423014,K8V,52.5873,0.0668,9.8149995803833,9.235699653625488
HD  78366,"GJ   334.2, HD  78366",137.2127939282032,33.882218922011,G0IV-V,52.5197,0.0801,5.900000095367432,5.7947001457214355
HD 168442,"HD 168442, GJ   710",274.9618383432947,-1.938612589349,K7Vk,52.5185,0.0478,9.656000137329102,9.060799598693848
HD 160964,"GJ   689, HD 160964",264.0556543538556,71.8783564845964,K4V,52.455,0.0261,8.59000015258789,8.164199829101562
HD 170573,HD 170573,278.2711687260166,-54.2631900947533,K4.5Vk:,52.3688,0.0581,8.529999732971191,8.07919979095459
HD  52919,"GJ  1094, HD  52919",105.6788227021525,-6.7992262311065,K4V,52.3185,0.0488,8.35099983215332,7.984899997711182
BD-04  3873,GJ   583,230.5170838338389,-4.7774525511489,K4V,52.1506,0.0532,9.458999633789062,8.899100303649902
HD 220339,"GJ   894.5, HD 220339, GJ  9824",350.7703966654632,-10.7642439444714,K2V,52.1313,0.0573,7.796000003814697,7.531199932098389
HD  68834,"GJ  3488, HD  68834",123.6496431029737,13.0228261574527,K5V,52.1185,0.044,8.79699993133545,8.340399742126465
* 110 Her,"HD 173667, GJ  9635, GJ   725.2, WDS J18457+2033A",281.41552376708336,20.54631030527778,F5.5IV-V,52.06,0.25,4.190000057220459,4.029600143432617
BD+00  3077,"GJ  1173, GJ  9413",203.8532181781812,-0.389101831292,K7V,51.941,0.0731,10.270000457763672,9.578800201416016
HD 194640,"GJ   790, HD 194640",306.9343450390601,-30.8678462946428,G8V,51.7896,0.0486,6.619999885559082,6.42609977722168
HD 130307,"GJ  3867, HD 130307",221.8170881606219,2.7032263004449,K1V,51.5701,0.0785,7.755000114440918,7.504499912261963
CD-33  4354,GJ  1106,119.4521627783676,-33.952010997632,K4.5Vk:,51.4977,0.5547,8.824000358581543,8.385899543762207
HD  36435,"GJ   204.1, GJ  9180, HD  36435",81.9139681466151,-60.415995711059,G5V,51.3404,0.0303,6.982999801635742,6.788599967956543
* alf Cha,"GJ   305, HD  71243",124.63147162083337,-76.91972123111111,F5VFe-0.8,51.12,0.12,4.046999931335449,3.8856000900268555
HD 216520,HD 216520,341.8828187617006,83.697027580338,K0V,51.1167,0.0292,7.52400016784668,7.2789998054504395
HD 188474,"HD 188474, GJ  1246",299.1542755533875,-31.3353177000478,K3.5Vk:,51.0671,0.0976,8.4399995803833,8.065899848937988
HD  56533,"HD  56533, GJ   268.2, GJ  9226",108.2795366351067,-63.3449481421887,K6Vk:,50.9662,0.0306,9.079000473022461,8.566699981689453
CD-34   239,GJ  1016,10.3769758749132,-33.6255645562669,K9V,50.9542,0.0453,10.524999618530273,9.835000038146973
G 188-49,GJ   851.5,333.6308896078147,27.8551924988027,K7.5Ve,50.9308,0.0741,10.314000129699707,9.655599594116211
HD 192263,"HD 192263, WDS J20140-0052A",303.49935631177834,-0.8668810181375001,K1/2V,50.8982,0.0561,7.767000198364258,7.49560022354126
HD 157347,HD 157347,260.7136987897198,-2.3881777294933,G3V,50.8591,0.0544,6.2779998779296875,6.103700160980225
HD 136923,HD 136923,230.6951412671229,18.9189608381123,G9V,50.6409,0.0342,7.123000144958496,6.942999839782715
HD 219764,"GJ  1283, HD 219764",349.772496265934,-60.520663463809,K5Vk:,50.5944,0.0359,8.930000305175781,8.478400230407715
HD 189733,"HD 189733, GJ  4130",300.1821376595367,22.710853280906388,K0V+M4V,50.5685,0.0323,7.6479997634887695,7.414299964904785
HD 110810,HD 110810,191.3100547424869,-57.3580010678286,K4V,50.4855,0.045,7.8429999351501465,7.5279998779296875
G 130-9,GJ   906,356.4562544479869,36.2550490639808,K4V,50.4494,0.0522,9.932000160217285,9.301600456237793
BD+40  4631,"GJ   836.8, GJ  9752",326.1248403916435,41.5974618233972,K8V,50.4206,0.0281,9.673999786376953,9.038900375366211
HD  97214,"HD  97214, GJ   415",167.7945870186577,-10.9508863569284,K5V,50.334,0.0478,9.218999862670898,8.78909969329834
HD 181321,"HD 181321, GJ   755",290.3738657179381,-34.9834323141701,G2V,50.2864,0.3959,6.480000019073486,6.312099933624268
