recno,Star,Teff,e_Teff,logg,e_logg,Vt,e_Vt,[Fe/H],e_[Fe/H],Mass,e_Mass,Age,e_Age,_RA,_DE
1,"HD 55     ",4554,88,4.54,0.21,0.06,1.63,-0.67,0.01,,,4.531,3.824,1.3237,-67.83259
2,"HD 142    ",6431,123,4.82,0.11,2.1,0.28,0.05,0.08,1.23,0.033,1.12,0.904,1.5799,-49.07519
3,"HD 283    ",5135,24,4.49,0.07,0.47,0.06,-0.55,0.01,0.717,0.015,5.167,4.107,1.88559,-23.81872
4,"HD 361    ",5888,14,4.54,0.08,1.03,0.03,-0.13,0.01,1.029,0.011,0.356,0.283,2.06818,-14.82449
5,"HD 750    ",5069,32,4.33,0.1,0.66,0.07,-0.3,0.02,0.752,0.017,4.825,4.118,2.89914,-57.47255
6,"HD 870    ",5360,24,4.4,0.08,0.79,0.04,-0.12,0.02,0.859,0.016,1.594,1.591,3.20937,-57.91261
7,"HD 967    ",5595,18,4.59,0.02,0.9,0.05,-0.66,0.01,0.764,0.018,7.775,3.945,3.51866,-11.31159
8,"HD 1237   ",5489,40,4.46,0.11,1.04,0.06,0.06,0.03,0.924,0.019,1.765,1.696,4.05282,-79.85118
9,"HD 1320   ",5699,13,4.55,0.05,0.89,0.02,-0.26,0.01,0.912,0.021,2.388,2.005,4.31886,-43.85273
10,"HD 1388   ",5970,15,4.42,0.05,1.13,0.02,0.0,0.01,1.061,0.013,3.005,0.802,4.49529,-13.45564
11,"HD 1461   ",5740,16,4.36,0.03,0.94,0.02,0.18,0.01,1.05,0.016,1.967,1.153,4.67445,-8.053
12,"HD 1581   ",5990,15,4.49,0.07,1.24,0.03,-0.18,0.01,1.026,0.016,2.191,1.052,5.01775,-64.87479
13,"HD 2025   ",4851,49,4.49,0.13,0.51,0.18,-0.37,0.02,0.706,0.008,4.557,4.047,6.10805,-27.02677
14,"HD 2071   ",5729,13,4.49,0.02,0.93,0.02,-0.08,0.01,0.987,0.012,0.872,0.591,6.17729,-53.984
15,"HD 2638   ",5169,77,4.41,0.15,0.66,0.13,0.12,0.05,0.852,0.026,4.038,3.838,7.49947,-5.764
16,"HD 3569   ",5093,26,4.43,0.06,0.39,0.08,-0.34,0.02,0.747,0.016,4.98,4.193,9.6385,-12.17242
17,"HD 3823   ",6054,18,4.37,0.06,1.44,0.04,-0.26,0.01,1.014,0.022,7.55,0.728,10.10696,-59.4546
18,"HD 4208   ",5600,16,4.41,0.07,0.88,0.03,-0.29,0.01,0.852,0.025,5.685,3.913,11.11105,-26.51568
19,"HD 4307   ",5840,18,4.13,0.03,1.24,0.03,-0.21,0.01,0.994,0.01,9.804,0.221,11.36953,-12.88081
20,"HD 4308   ",5662,13,4.44,0.06,0.89,0.03,-0.32,0.01,0.842,0.0,11.745,0.034,11.16361,-65.64952
21,"HD 4915   ",5660,13,4.5,0.07,0.9,0.02,-0.21,0.01,0.938,0.011,0.409,0.35,12.7952,-5.03928
22,"HD 6348   ",5080,22,4.47,0.05,0.33,0.09,-0.59,0.01,0.706,0.01,4.555,4.094,16.1103,-2.36659
23,"HD 6673   ",4875,49,4.39,0.12,0.38,0.18,-0.28,0.02,0.723,0.015,4.62,4.048,16.69762,-50.98945
24,"HD 6735   ",6111,20,4.56,0.04,1.13,0.03,-0.04,0.01,1.112,0.008,0.222,0.13,16.88355,-41.7467
25,"HD 7134   ",5979,16,4.49,0.05,1.25,0.03,-0.27,0.01,0.945,0.012,7.567,1.074,17.88367,-12.84308
26,"HD 7199   ",5292,49,4.21,0.12,0.9,0.08,0.25,0.03,0.908,0.027,5.699,4.247,17.69675,-66.18817
27,"HD 7449   ",6040,15,4.53,0.05,1.17,0.02,-0.1,0.01,1.079,0.011,0.571,0.428,18.62217,-5.04739
28,"HD 8326   ",4834,67,4.35,0.17,0.44,0.22,0.04,0.03,0.78,0.018,4.399,4.001,20.53172,-26.8931
29,"HD 8406   ",5731,10,4.52,0.03,0.87,0.02,-0.1,0.01,0.988,0.019,0.818,0.877,20.75364,-16.48746
30,"HD 8638   ",5508,16,4.45,0.05,0.81,0.04,-0.4,0.01,0.795,0.017,8.08,4.126,21.20503,-27.83904
31,"HD 8828   ",5369,18,4.4,0.04,0.72,0.03,-0.18,0.01,0.845,0.023,3.202,3.29,21.75644,-0.15759
32,"HD 8859   ",5495,17,4.4,0.04,0.79,0.03,-0.09,0.01,0.889,0.027,4.56,3.986,21.70519,-29.47497
33,"HD 8912   ",5178,30,4.4,0.08,0.7,0.06,-0.09,0.02,0.821,0.02,3.699,3.59,21.86339,-25.9369
34,"HD 9246   ",4976,30,4.52,0.07,0.33,0.15,-0.56,0.02,0.701,0.003,4.314,3.998,22.60402,-29.25887
35,"HD 9782   ",6013,18,4.38,0.07,1.08,0.03,0.09,0.01,1.12,0.014,1.164,0.827,23.85962,-13.38103
36,"HD 9796   ",5139,32,4.34,0.08,0.49,0.08,-0.25,0.02,0.776,0.018,5.845,4.438,23.83738,-21.2011
37,"HD 10002  ",5230,44,4.28,0.09,0.72,0.08,0.13,0.03,0.88,0.026,4.984,4.229,24.28595,-29.39326
38,"HD 10166  ",5187,30,4.44,0.06,0.57,0.08,-0.39,0.02,0.754,0.016,3.111,3.218,24.74103,-27.25221
39,"HD 10180  ",5898,13,4.39,0.05,1.08,0.02,0.08,0.01,1.062,0.011,3.206,0.759,24.47324,-60.51153
42,"HD 11226  ",6112,14,4.35,0.03,1.33,0.02,0.05,0.01,1.136,0.007,3.225,0.382,27.56437,-6.70409
43,"HD 11505  ",5757,15,4.39,0.03,0.99,0.03,-0.22,0.01,0.882,0.006,11.25,0.586,28.27583,-1.32694
44,"HD 11683  ",4957,40,4.35,0.12,0.71,0.09,-0.27,0.02,0.738,0.015,4.491,4.015,28.59246,-15.72398
45,"HD 12345  ",5386,25,4.42,0.06,0.7,0.05,-0.22,0.02,0.833,0.024,4.024,3.673,30.20313,-12.87498
46,"HD 12387  ",5704,15,4.42,0.05,0.93,0.03,-0.25,0.01,0.861,0.002,11.58,0.278,30.13386,-40.73125
47,"HD 12617  ",4766,86,4.31,0.24,0.19,0.67,0.14,0.02,0.783,0.018,4.41,3.999,30.68769,-40.95087
48,"HD 13060  ",5189,42,4.31,0.16,0.69,0.08,0.01,0.03,0.844,0.022,4.244,3.896,30.19672,-80.53271
49,"HD 13724  ",5824,19,4.42,0.04,0.96,0.03,0.21,0.01,1.091,0.013,0.613,0.485,33.08616,-46.81639
50,"HD 13789  ",4667,104,4.29,0.26,0.3,0.62,-0.01,0.07,0.737,0.017,4.506,3.993,33.55654,-3.63521
51,"HD 13808  ",5033,38,4.36,0.08,0.63,0.08,-0.21,0.02,0.769,0.017,5.877,4.433,33.17886,-53.74389
52,"HD 14374  ",5375,18,4.42,0.04,0.78,0.03,-0.07,0.01,0.873,0.023,3.443,3.116,34.81682,-0.77984
53,"HD 14635  ",4685,102,4.27,0.27,0.51,0.32,0.0,0.04,0.723,0.014,4.271,3.944,35.43507,-6.87953
54,"HD 14680  ",4913,58,4.33,0.12,0.48,0.16,-0.18,0.03,0.758,0.018,5.047,4.185,35.34997,-30.93364
55,"HD 14744  ",4871,49,4.38,0.13,0.51,0.15,-0.17,0.02,0.746,0.016,4.794,4.116,35.40692,-34.83728
56,"HD 14747  ",5547,15,4.46,0.03,0.79,0.03,-0.37,0.01,0.798,0.012,10.343,1.664,34.89057,-67.69847
57,"HD 15337  ",5088,44,4.36,0.1,0.51,0.11,0.06,0.03,0.829,0.021,3.95,3.841,36.86824,-27.6352
58,"HD 16141  ",5786,15,4.17,0.03,1.1,0.02,0.15,0.01,1.069,0.012,7.017,0.229,38.83303,-3.56061
59,"HD 16270  ",4583,114,4.23,0.34,0.16,1.08,0.14,0.02,0.76,0.015,4.464,4.005,39.00323,-23.52132
60,"HD 16297  ",5379,24,4.44,0.05,0.78,0.04,-0.03,0.02,0.869,0.024,6.698,5.037,39.03264,-28.2186
61,"HD 16417  ",5843,12,4.16,0.03,1.18,0.02,0.14,0.01,1.108,0.014,6.211,0.33,39.2442,-34.57798
62,"HD 16714  ",5541,29,4.45,0.05,0.74,0.05,-0.18,0.02,0.878,0.029,4.116,3.657,39.94842,-33.90005
64,"HD 17970  ",5038,31,4.39,0.06,0.2,0.2,-0.45,0.02,0.723,0.014,6.865,4.081,43.08204,-33.45064
65,"HD 18386  ",5446,30,4.37,0.05,0.89,0.04,0.14,0.02,0.944,0.022,2.019,1.985,44.15789,-22.31009
66,"HD 18719  ",5211,31,4.39,0.06,0.8,0.05,-0.09,0.02,0.826,0.021,4.82,4.333,45.07138,-9.03991
67,"HD 19034  ",5526,18,4.49,0.03,0.71,0.04,-0.45,0.01,0.794,0.018,7.522,4.422,45.91233,-5.6663
68,"HD 19467  ",5718,12,4.29,0.03,1.02,0.02,-0.15,0.01,0.898,0.008,11.649,0.194,46.8274,-13.76178
69,"HD 19994  ",6315,44,4.44,0.1,1.66,0.06,0.27,0.03,1.314,0.015,1.936,0.219,48.19349,-1.1961
70,"HD 20003  ",5465,18,4.37,0.07,0.8,0.03,0.03,0.01,0.903,0.022,6.092,3.983,46.90799,-72.32189
71,"HD 20407  ",5885,19,4.52,0.04,1.17,0.05,-0.43,0.01,0.868,0.015,7.845,1.465,48.77662,-45.66482
72,"HD 20619  ",5716,13,4.51,0.05,0.97,0.02,-0.21,0.01,0.933,0.023,2.281,2.15,49.75789,-2.84319
73,"HD 20781  ",5236,32,4.31,0.12,0.77,0.05,-0.12,0.02,0.824,0.021,4.91,4.321,50.01226,-28.78383
74,"HD 20782  ",5770,12,4.35,0.03,1.01,0.02,-0.06,0.01,0.949,0.012,7.378,1.292,50.01491,-28.85407
76,"HD 20807  ",5875,14,4.5,0.08,1.15,0.03,-0.23,0.01,0.98,0.014,1.404,0.924,49.55341,-62.50636
77,"HD 21019  ",5468,12,3.93,0.02,1.1,0.02,-0.45,0.01,1.023,0.016,7.786,0.451,50.82375,-7.7941
78,"HD 21411  ",5458,22,4.51,0.03,0.81,0.04,-0.27,0.01,0.839,0.023,3.416,3.174,51.54632,-30.61781
79,"HD 21693  ",5418,21,4.38,0.05,0.7,0.03,0.0,0.01,0.908,0.021,2.49,2.368,51.80201,-58.32368
80,"HD 21749  ",4562,120,4.24,0.34,0.28,0.66,0.02,0.07,0.722,0.014,4.475,4.014,51.74676,-63.49911
81,"HD 21938  ",5800,20,4.41,0.04,1.14,0.04,-0.47,0.01,0.826,0.008,11.541,0.319,52.70976,-37.37229
82,"HD 22049  ",5049,48,4.45,0.09,0.83,0.1,-0.15,0.03,0.78,0.019,3.578,3.322,53.23269,-9.45826
83,"HD 22610  ",4981,43,4.41,0.1,0.64,0.1,-0.22,0.02,0.75,0.017,3.985,3.817,53.68871,-62.45684
84,"HD 22879  ",5949,33,4.68,0.05,1.63,0.15,-0.79,0.02,0.804,0.002,11.495,0.334,55.09193,-3.21698
85,"HD 23079  ",6009,14,4.5,0.05,1.2,0.02,-0.11,0.01,1.06,0.016,1.425,0.96,54.92957,-52.91584
86,"HD 23249  ",5027,48,3.66,0.1,0.93,0.06,0.07,0.03,1.095,0.016,7.691,0.372,55.81209,-9.76339
87,"HD 23356  ",4919,66,4.45,0.14,0.52,0.18,-0.15,0.03,0.756,0.017,4.371,4.407,55.9806,-19.1109
88,"HD 23456  ",6190,24,4.61,0.1,1.48,0.06,-0.31,0.02,0.991,0.014,6.123,0.54,55.76983,-50.64308
89,"HD 24331  ",4948,51,4.56,0.12,0.46,0.18,-0.3,0.02,0.73,0.015,4.383,3.931,57.64786,-42.56553
90,"HD 24892  ",5360,14,3.99,0.03,0.94,0.02,-0.33,0.01,0.938,0.012,11.454,0.344,59.11945,-25.18134
91,"HD 25105  ",5306,31,4.42,0.11,0.74,0.05,-0.15,0.02,0.835,0.023,3.25,3.356,59.48121,-36.25991
92,"HD 25120  ",5104,25,4.37,0.12,0.85,0.05,-0.21,0.01,0.779,0.017,3.184,3.387,58.82632,-65.28472
93,"HD 25565  ",5145,67,4.41,0.14,0.73,0.12,0.0,0.04,0.817,0.022,3.666,3.632,60.52545,-36.61693
94,"HD 25673  ",5116,28,4.45,0.08,0.48,0.08,-0.51,0.02,0.721,0.016,4.615,4.083,61.0846,-4.65513
95,"HD 27063  ",5759,15,4.44,0.05,0.92,0.02,0.05,0.01,1.028,0.013,0.73,0.612,64.12601,-0.57281
96,"HD 27894  ",4833,209,4.3,0.48,0.33,0.85,0.26,0.1,0.821,0.021,4.479,4.061,65.19603,-59.41084
97,"HD 28185  ",5621,22,4.36,0.05,0.92,0.03,0.19,0.01,0.989,0.017,5.698,2.465,66.60968,-10.55081
98,"HD 28471  ",5727,16,4.36,0.02,0.97,0.02,-0.07,0.01,0.942,0.02,6.432,2.594,66.28813,-64.08007
99,"HD 28701  ",5718,14,4.47,0.06,0.99,0.03,-0.32,0.01,0.842,0.004,11.541,0.304,66.44104,-69.99369
100,"HD 28821  ",5663,12,4.37,0.02,0.94,0.02,-0.12,0.01,0.889,0.013,9.944,2.016,68.08947,-5.039
101,"HD 30278  ",5374,16,4.37,0.03,0.72,0.03,-0.19,0.01,0.812,0.01,10.933,0.911,70.80702,-54.59343
102,"HD 30306  ",5520,23,4.32,0.07,0.81,0.03,0.18,0.02,0.951,0.02,6.596,2.387,69.99165,-71.50561
103,"HD 31527  ",5917,13,4.47,0.05,1.15,0.02,-0.17,0.01,0.98,0.018,4.792,1.99,73.90993,-23.24188
104,"HD 31560  ",4655,78,4.36,0.23,0.08,1.23,0.0,0.12,0.73,0.019,4.376,4.068,73.92463,-28.56392
105,"HD 31822  ",6061,19,4.61,0.04,1.25,0.04,-0.19,0.01,1.05,0.013,0.733,0.654,74.64902,-9.3343
106,"HD 32724  ",5834,16,4.28,0.03,1.15,0.03,-0.16,0.01,0.948,0.009,10.645,0.397,76.19818,-11.69903
107,"HD 33725  ",5240,28,4.35,0.08,0.63,0.06,-0.19,0.02,0.808,0.02,5.068,4.139,77.97603,-9.11316
108,"HD 34449  ",5861,17,4.45,0.05,0.98,0.03,-0.09,0.01,1.028,0.012,0.417,0.363,72.63854,-85.37517
109,"HD 34688  ",5104,32,4.34,0.08,0.54,0.08,-0.22,0.02,0.775,0.018,4.14,3.886,79.6783,-14.01846
110,"HD 35854  ",4808,56,4.35,0.16,0.16,0.42,-0.14,0.02,0.748,0.015,4.807,4.047,81.56141,-32.50477
111,"HD 36003  ",4568,110,4.34,0.28,0.24,0.6,-0.13,0.02,0.702,0.005,3.793,3.927,82.10873,-3.49956
112,"HD 36108  ",5924,14,4.36,0.06,1.22,0.03,-0.2,0.01,0.969,0.009,9.47,0.32,82.08762,-22.43393
113,"HD 36379  ",6039,15,4.35,0.04,1.39,0.03,-0.18,0.01,1.07,0.029,6.721,0.808,82.74975,-10.08109
114,"HD 37962  ",5732,16,4.47,0.06,0.88,0.03,-0.19,0.01,0.936,0.025,2.896,2.583,85.21653,-31.35111
115,"HD 37986  ",5479,39,4.29,0.09,0.93,0.06,0.24,0.03,0.958,0.028,3.881,3.188,85.47369,-15.63054
116,"HD 38277  ",5882,11,4.35,0.06,1.12,0.02,-0.06,0.01,1.009,0.008,7.786,0.314,86.07332,-10.01673
117,"HD 38382  ",6110,19,4.46,0.05,1.19,0.03,0.04,0.01,1.134,0.005,0.302,0.195,86.11831,-20.12657
118,"HD 38858  ",5719,11,4.49,0.02,0.97,0.02,-0.23,0.01,0.933,0.017,2.01,1.358,87.14558,-4.09464
119,"HD 38973  ",6015,12,4.43,0.04,1.14,0.02,0.05,0.01,1.114,0.012,0.442,0.31,86.61663,-53.21933
120,"HD 39091  ",5991,20,4.4,0.05,1.09,0.03,0.09,0.01,1.115,0.014,0.771,0.491,84.29122,-80.46912
121,"HD 39194  ",5173,18,4.51,0.05,0.39,0.07,-0.63,0.01,0.709,0.012,6.849,3.955,86.13299,-70.14357
122,"HD 40105  ",5064,30,3.69,0.06,0.91,0.04,0.02,0.02,1.073,0.015,8.202,0.376,88.54506,-50.36255
123,"HD 40307  ",4774,77,4.42,0.16,0.1,0.59,-0.36,0.02,0.706,0.008,5.515,3.946,88.51767,-60.02347
124,"HD 40397  ",5498,13,4.35,0.02,0.82,0.02,-0.14,0.01,0.843,0.005,11.245,0.655,89.58973,-4.65067
125,"HD 44120  ",6059,22,4.25,0.04,1.27,0.03,0.14,0.02,1.218,0.009,3.377,0.153,94.07827,-59.2135
126,"HD 44420  ",5772,22,4.3,0.03,0.99,0.03,0.28,0.02,1.069,0.016,1.335,1.096,95.4314,-0.53912
127,"HD 44447  ",6004,14,4.41,0.03,1.32,0.03,-0.22,0.01,0.985,0.012,8.043,0.332,93.77508,-71.70277
128,"HD 44573  ",4990,52,4.42,0.11,0.61,0.12,-0.07,0.03,0.784,0.019,4.2,3.899,95.38803,-22.21475
129,"HD 44594  ",5828,17,4.37,0.03,1.05,0.02,0.15,0.01,1.08,0.011,0.56,0.425,95.02556,-48.74109
130,"HD 45184  ",5869,11,4.47,0.03,1.02,0.02,0.05,0.01,1.061,0.007,0.373,0.242,96.18283,-28.78011
131,"HD 45289  ",5731,18,4.34,0.02,0.96,0.03,0.0,0.01,0.953,0.011,9.441,0.575,96.10146,-42.84752
132,"HD 45364  ",5428,16,4.37,0.05,0.77,0.03,-0.18,0.01,0.858,0.023,3.387,3.143,96.41031,-31.48096
133,"HD 47186  ",5643,22,4.34,0.04,0.9,0.03,0.22,0.02,0.999,0.015,5.59,1.723,99.03662,-27.6223
134,"HD 48611  ",5330,17,4.48,0.06,0.6,0.05,-0.36,0.01,0.781,0.019,5.316,4.378,99.46071,-70.93261
135,"HD 50590  ",4760,103,4.33,0.24,0.09,0.87,-0.21,0.02,0.73,0.016,4.7,4.093,103.2485,-23.1077
136,"HD 50806  ",5598,17,4.1,0.04,1.03,0.02,0.01,0.01,0.98,0.011,11.01,0.273,103.39143,-28.53979
137,"HD 51608  ",5323,23,4.36,0.04,0.68,0.04,-0.08,0.02,0.839,0.018,8.507,4.008,103.71393,-55.25933
138,"HD 52265  ",6167,24,4.44,0.04,1.28,0.03,0.24,0.02,1.212,0.01,0.393,0.254,105.07515,-5.36716
139,"HD 52919  ",4628,100,4.43,0.28,0.26,0.53,-0.09,0.05,0.706,0.01,4.408,4.01,105.67883,-6.79923
140,"HD 55693  ",5908,61,4.38,0.09,0.95,0.08,0.35,0.05,1.103,0.025,1.462,1.248,108.26114,-24.22558
141,"HD 59468  ",5582,16,4.36,0.03,0.86,0.02,0.01,0.01,0.915,0.014,8.418,1.338,111.85611,-51.4026
142,"HD 63454  ",4756,77,4.32,0.22,0.31,0.42,0.13,0.05,0.764,0.017,4.3,4.035,114.84104,-78.27897
143,"HD 63765  ",5445,17,4.41,0.07,0.8,0.03,-0.15,0.01,0.874,0.021,2.726,2.482,116.95716,-54.26415
144,"HD 65216  ",5614,16,4.46,0.06,0.81,0.03,-0.17,0.01,0.917,0.023,2.142,2.137,118.42217,-63.64732
145,"HD 65277  ",4701,57,4.3,0.16,0.3,0.37,-0.3,0.04,0.703,0.006,4.786,4.095,119.49077,-0.81442
146,"HD 65562  ",5018,39,4.35,0.1,0.41,0.13,-0.13,0.02,0.783,0.018,5.835,4.371,119.71741,-13.31523
147,"HD 66221  ",5590,22,4.34,0.04,0.88,0.03,0.16,0.02,0.974,0.023,4.993,3.14,120.52235,-12.80462
148,"HD 66428  ",5671,28,4.3,0.04,0.94,0.04,0.23,0.02,1.014,0.019,4.753,2.822,120.86944,-1.16271
149,"HD 67458  ",5903,13,4.54,0.02,1.09,0.02,-0.15,0.01,1.019,0.013,0.783,0.584,121.75218,-29.40294
150,"HD 68607  ",5155,47,4.38,0.09,0.7,0.09,0.06,0.03,0.849,0.023,4.577,4.095,122.79035,-46.29739
151,"HD 69655  ",5977,14,4.49,0.06,1.2,0.03,-0.18,0.01,0.998,0.014,4.59,0.884,123.85506,-52.0603
152,"HD 69830  ",5370,24,4.38,0.04,0.67,0.04,-0.07,0.02,0.868,0.028,4.264,4.179,124.59978,-12.63217
153,"HD 70642  ",5659,24,4.43,0.06,0.81,0.04,0.17,0.02,1.021,0.015,0.859,0.747,125.36724,-39.70541
154,"HD 70889  ",6069,18,4.55,0.08,1.07,0.03,0.13,0.01,1.138,0.008,0.192,0.087,125.88255,-27.82235
155,"HD 71334  ",5706,11,4.41,0.05,0.94,0.02,-0.08,0.01,0.965,0.022,2.663,2.008,126.45631,-29.93059
156,"HD 71479  ",5991,15,4.38,0.04,1.13,0.02,0.24,0.01,1.146,0.013,1.291,0.776,126.89636,-5.14864
157,"HD 71835  ",5431,16,4.39,0.03,0.76,0.03,-0.04,0.01,0.888,0.025,4.364,3.686,127.04993,-36.72299
158,"HD 72579  ",5419,32,4.28,0.06,0.81,0.05,0.18,0.02,0.918,0.02,8.231,3.106,127.7876,-54.08828
159,"HD 72673  ",5230,20,4.43,0.07,0.67,0.04,-0.43,0.01,0.75,0.015,7.07,3.759,128.21457,-31.50085
160,"HD 72769  ",5587,24,4.3,0.05,0.86,0.03,0.29,0.02,0.975,0.015,6.981,1.423,128.44044,-23.35555
161,"HD 73121  ",6083,20,4.27,0.04,1.33,0.03,0.09,0.02,1.189,0.012,3.549,0.175,128.80224,-39.97045
162,"HD 73256  ",5465,36,4.36,0.05,1.0,0.05,0.21,0.02,0.962,0.023,2.202,2.123,129.0959,-30.03762
163,"HD 73524  ",6004,17,4.42,0.05,1.1,0.02,0.16,0.01,1.136,0.005,0.336,0.215,129.33331,-40.14766
164,"HD 74014  ",5552,25,4.33,0.05,0.86,0.03,0.22,0.02,0.988,0.022,2.884,2.302,130.32733,-4.80893
165,"HD 75289  ",6139,24,4.35,0.05,1.22,0.03,0.3,0.02,1.201,0.014,0.382,0.246,131.91829,-41.73679
166,"HD 76151  ",5781,17,4.44,0.05,0.93,0.03,0.12,0.01,1.054,0.01,0.295,0.211,133.57478,-5.43446
167,"HD 78429  ",5742,15,4.26,0.03,1.01,0.02,0.07,0.01,0.987,0.009,7.691,0.631,136.66179,-43.49198
168,"HD 78538  ",5790,13,4.5,0.03,0.97,0.02,-0.02,0.01,1.021,0.02,1.108,1.063,137.19569,-5.11609
169,"HD 78558  ",5759,19,4.46,0.04,1.08,0.04,-0.42,0.01,0.827,0.008,11.705,0.122,137.10516,-15.14479
170,"HD 78612  ",5838,14,4.3,0.03,1.19,0.03,-0.24,0.01,0.928,0.009,11.578,0.206,137.20744,-10.75751
171,"HD 78747  ",5814,22,4.57,0.05,1.22,0.06,-0.65,0.02,0.802,0.005,11.568,0.301,136.98573,-50.48245
172,"HD 80883  ",5198,24,4.36,0.07,0.65,0.05,-0.27,0.02,0.777,0.016,7.553,4.303,139.93386,-59.47772
173,"HD 81639  ",5516,16,4.39,0.05,0.81,0.03,-0.18,0.01,0.882,0.026,2.839,2.939,140.52529,-73.54335
174,"HD 82342  ",4470,21,4.6,0.05,0.1,0.02,-0.56,0.1,,,8.356,2.055,142.61703,-32.1034
175,"HD 82516  ",5041,57,4.47,0.12,0.5,0.15,0.02,0.03,0.82,0.021,4.609,4.087,142.74701,-47.38418
176,"HD 82943  ",5992,17,4.42,0.05,1.06,0.02,0.28,0.01,1.145,0.013,0.311,0.18,143.7114,-12.12955
177,"HD 83443  ",5442,49,4.32,0.1,0.84,0.07,0.32,0.04,0.947,0.029,3.558,3.26,144.29928,-43.2722
178,"HD 83529  ",5909,16,4.36,0.02,1.16,0.03,-0.22,0.01,0.938,0.01,9.749,0.389,144.36941,-49.99093
179,"HD 85119  ",5413,22,4.5,0.05,0.88,0.04,-0.21,0.02,0.845,0.021,2.903,2.617,147.20872,-37.30965
180,"HD 85390  ",5135,45,4.32,0.12,0.66,0.08,-0.09,0.02,0.808,0.019,4.159,3.652,147.5104,-49.79027
181,"HD 85512  ",4400,45,4.36,0.1,0.02,0.05,-0.26,0.14,0.701,0.003,4.557,4.125,147.77938,-43.50278
182,"HD 86065  ",4863,45,4.27,0.12,0.38,0.16,-0.03,0.02,0.769,0.017,4.435,3.972,148.92715,-18.10741
183,"HD 86140  ",4776,70,4.4,0.18,0.15,0.57,-0.28,0.02,0.71,0.012,4.624,4.089,148.64608,-58.72981
184,"HD 86171  ",5394,16,4.45,0.04,0.76,0.03,-0.25,0.01,0.829,0.022,3.819,3.29,149.16016,-8.83456
185,"HD 87521  ",4770,71,4.31,0.16,0.47,0.23,-0.01,0.03,0.752,0.017,4.334,3.979,151.14156,-39.31687
186,"HD 88084  ",5765,13,4.45,0.07,0.96,0.02,-0.1,0.01,0.976,0.022,2.658,1.895,152.28436,-15.49449
187,"HD 88218  ",5872,17,4.14,0.03,1.23,0.03,-0.14,0.01,1.033,0.007,8.701,0.192,152.38237,-35.85677
188,"HD 88656  ",5099,30,4.35,0.07,0.69,0.06,-0.12,0.02,0.797,0.018,5.248,4.224,153.21991,-28.51338
189,"HD 88742  ",6004,17,4.52,0.09,1.05,0.03,0.0,0.01,1.096,0.013,0.264,0.168,153.35304,-33.03172
190,"HD 89454  ",5708,13,4.45,0.03,0.96,0.02,0.11,0.01,1.031,0.013,0.74,0.628,154.81784,-11.37851
191,"HD 90156  ",5591,11,4.45,0.03,0.86,0.02,-0.25,0.01,0.84,0.015,9.414,2.03,155.98031,-29.64553
192,"HD 90711  ",5396,39,4.33,0.09,0.87,0.06,0.21,0.03,0.936,0.028,3.487,3.15,157.05062,-6.60058
193,"HD 90812  ",5118,24,4.35,0.06,0.5,0.06,-0.38,0.01,0.745,0.016,3.773,3.63,157.17868,-27.36604
194,"HD 92588  ",5105,24,3.6,0.05,0.94,0.03,-0.02,0.02,1.216,0.022,4.999,0.36,160.35077,-1.74149
195,"HD 92719  ",5812,13,4.47,0.07,0.98,0.02,-0.11,0.01,1.008,0.01,0.423,0.374,160.55551,-13.78771
196,"HD 92788  ",5729,24,4.35,0.06,0.91,0.03,0.27,0.02,1.042,0.018,3.133,1.73,160.7022,-2.18376
197,"HD 93083  ",5048,66,4.32,0.16,0.81,0.12,0.08,0.04,0.819,0.021,4.13,3.936,161.08714,-33.57702
198,"HD 93380  ",4512,20,4.61,0.05,0.05,0.01,-0.68,0.12,,,4.544,4.068,161.65376,-24.58548
199,"HD 93385  ",5989,17,4.46,0.03,1.15,0.02,0.03,0.01,1.091,0.015,1.342,1.016,161.56298,-41.46437
200,"HD 94151  ",5581,16,4.4,0.04,0.86,0.03,0.04,0.01,0.961,0.02,2.238,2.056,162.91346,-22.07183
201,"HD 95456  ",6311,19,4.38,0.06,1.41,0.03,0.18,0.01,1.27,0.01,1.362,0.239,165.16993,-31.83937
202,"HD 95521  ",5762,12,4.46,0.05,0.95,0.02,-0.15,0.01,0.977,0.018,1.057,1.077,165.20943,-49.01984
203,"HD 96423  ",5701,17,4.35,0.04,0.93,0.02,0.1,0.01,1.006,0.019,3.013,1.88,166.58227,-44.37332
204,"HD 96700  ",5854,12,4.39,0.05,1.06,0.02,-0.18,0.01,0.924,0.008,9.751,0.547,166.97678,-30.17457
205,"HD 97037  ",5890,18,4.32,0.04,1.13,0.03,-0.07,0.01,0.988,0.008,7.393,0.458,167.5556,-7.3894
206,"HD 97343  ",5385,18,4.31,0.05,0.78,0.03,-0.08,0.01,0.843,0.007,10.77,1.044,168.00496,-26.13667
207,"HD 97998  ",5725,18,4.53,0.06,0.94,0.04,-0.42,0.01,0.849,0.023,5.267,3.296,168.95424,-39.3235
208,"HD 98281  ",5389,19,4.39,0.08,0.77,0.03,-0.27,0.01,0.82,0.023,4.402,3.97,169.59172,-5.0673
209,"HD 98356  ",5274,45,4.35,0.09,0.75,0.07,0.09,0.03,0.881,0.026,4.232,3.885,169.66543,-10.12621
210,"HD 100508 ",5384,66,4.39,0.11,0.88,0.1,0.35,0.04,0.931,0.031,5.07,4.088,173.30455,-67.05458
211,"HD 100777 ",5530,25,4.31,0.05,0.76,0.04,0.25,0.02,0.974,0.024,3.77,3.111,173.96468,-4.75569
212,"HD 101581 ",4615,56,4.4,0.17,0.11,0.85,-0.51,0.09,0.7,0.0,4.477,4.032,175.26029,-44.40519
213,"HD 101930 ",5083,63,4.35,0.13,0.58,0.14,0.16,0.04,0.848,0.022,4.237,3.904,175.87547,-58.00689
214,"HD 102117 ",5620,28,4.28,0.05,0.98,0.04,0.26,0.02,0.988,0.012,8.308,0.887,176.21025,-58.70371
215,"HD 102365 ",5616,41,4.4,0.06,0.86,0.08,-0.28,0.03,0.855,0.024,8.794,3.079,176.62947,-40.50035
216,"HD 102438 ",5562,12,4.43,0.08,0.86,0.02,-0.29,0.01,0.822,0.012,10.021,1.468,176.81587,-30.28651
217,"HD 103949 ",4774,80,4.49,0.21,0.43,0.31,-0.07,0.04,0.74,0.017,4.22,3.977,179.54877,-23.92389
218,"HD 104006 ",5046,32,4.58,0.06,0.28,0.16,-0.78,0.02,0.7,0.0,5.087,4.269,179.61672,-41.92201
219,"HD 104067 ",4888,72,4.35,0.19,0.66,0.17,-0.04,0.04,0.779,0.018,4.524,3.974,179.79171,-20.35378
220,"HD 104263 ",5456,19,4.35,0.04,0.75,0.03,0.01,0.01,0.891,0.022,7.213,4.284,180.1144,-4.54881
221,"HD 104982 ",5682,13,4.42,0.03,0.91,0.02,-0.2,0.01,0.9,0.025,5.526,3.39,181.30587,-28.71723
222,"HD 105671 ",4571,104,4.41,0.27,0.23,0.84,0.09,0.08,0.728,0.014,4.446,4.011,182.47909,-46.20839
223,"HD 105837 ",5932,23,4.6,0.06,1.24,0.06,-0.5,0.02,0.853,0.015,9.712,1.632,182.74139,-46.32198
224,"HD 106116 ",5656,17,4.35,0.03,0.89,0.02,0.13,0.01,0.984,0.014,5.625,1.285,183.12018,-3.08447
225,"HD 106275 ",4978,53,4.33,0.11,0.59,0.13,-0.13,0.03,0.78,0.018,5.388,4.179,183.46606,-69.06045
226,"HD 107148 ",5744,24,4.3,0.03,0.93,0.03,0.28,0.02,1.043,0.016,3.946,1.919,184.80622,-3.31979
227,"HD 108147 ",6318,29,4.53,0.05,1.32,0.04,0.21,0.02,1.244,0.005,0.152,0.052,186.44278,-64.02209
228,"HD 108309 ",5781,12,4.24,0.05,1.08,0.02,0.13,0.01,1.036,0.005,7.178,0.279,186.70059,-48.91319
229,"HD 109200 ",5056,33,4.37,0.08,0.56,0.08,-0.35,0.02,0.744,0.014,7.689,3.632,188.38076,-68.75581
230,"HD 109409 ",5833,24,4.11,0.06,1.19,0.03,0.31,0.02,1.201,0.044,4.601,0.744,188.67664,-44.67302
231,"HD 109423 ",5040,54,4.39,0.11,0.63,0.12,-0.06,0.03,0.784,0.019,3.26,3.299,188.70296,-41.2346
232,"HD 110619 ",5615,12,4.52,0.03,0.91,0.03,-0.41,0.01,0.831,0.021,4.675,3.282,190.92802,-37.70814
233,"HD 111031 ",5749,17,4.3,0.05,0.99,0.02,0.26,0.01,1.039,0.009,4.884,0.732,191.62852,-11.81244
234,"HD 111232 ",5482,13,4.46,0.03,0.73,0.03,-0.43,0.01,0.776,0.009,11.298,0.606,192.21564,-68.42515
235,"HD 112540 ",5523,18,4.48,0.06,0.8,0.03,-0.17,0.01,0.888,0.025,2.533,2.634,197.08589,-87.21931
236,"HD 114386 ",4774,59,4.37,0.14,0.01,0.84,-0.09,0.01,0.752,0.016,5.198,4.199,197.66593,-35.05478
237,"HD 114613 ",5712,20,3.94,0.05,1.17,0.02,0.18,0.02,1.201,0.014,5.057,0.099,198.01327,-37.80302
238,"HD 114729 ",5865,19,4.2,0.05,1.29,0.03,-0.26,0.02,0.946,0.012,11.011,0.318,198.1844,-31.87335
239,"HD 114747 ",5086,85,4.4,0.18,0.87,0.15,0.21,0.04,0.851,0.021,4.185,3.873,198.22626,-30.71175
240,"HD 114783 ",5060,72,4.37,0.16,0.76,0.13,0.03,0.04,0.819,0.021,4.216,3.96,198.18244,-2.26504
241,"HD 114853 ",5698,12,4.43,0.02,0.96,0.02,-0.23,0.01,0.88,0.018,7.864,2.144,198.46761,-45.1858
242,"HD 115585 ",5683,28,4.19,0.05,1.01,0.03,0.36,0.02,1.025,0.012,7.914,0.602,199.96079,-70.85502
243,"HD 115617 ",5537,16,4.38,0.04,0.83,0.03,-0.03,0.01,0.891,0.014,8.986,1.575,199.60131,-18.3112
244,"HD 115674 ",5633,16,4.43,0.07,0.81,0.03,-0.18,0.01,0.918,0.022,2.451,1.93,200.75029,-81.31012
245,"HD 116858 ",4913,54,4.45,0.12,0.54,0.16,-0.22,0.02,0.743,0.017,4.627,4.054,201.66482,-24.29337
246,"HD 116920 ",4928,53,4.37,0.11,0.48,0.15,-0.25,0.03,0.739,0.016,4.706,4.069,201.7621,-24.29044
247,"HD 117105 ",5912,18,4.44,0.03,1.19,0.03,-0.28,0.01,0.909,0.01,10.302,0.518,202.12731,-27.39185
248,"HD 117207 ",5649,25,4.31,0.04,0.95,0.03,0.21,0.02,1.005,0.018,4.847,1.977,202.33797,-35.571
249,"HD 117618 ",6003,12,4.45,0.03,1.16,0.02,0.03,0.01,1.09,0.013,2.077,1.081,203.10648,-47.27136
250,"HD 119638 ",6111,16,4.48,0.04,1.3,0.03,-0.13,0.01,1.073,0.016,2.651,1.258,206.18584,-14.22518
251,"HD 119782 ",5120,37,4.41,0.08,0.6,0.09,-0.07,0.02,0.813,0.02,4.885,4.175,206.67513,-56.85008
252,"HD 121504 ",6022,13,4.52,0.04,1.1,0.02,0.14,0.01,1.143,0.013,0.767,0.588,209.32183,-56.04004
253,"HD 122862 ",6009,15,4.25,0.06,1.34,0.02,-0.1,0.01,1.08,0.024,6.339,0.538,212.11319,-74.85028
254,"HD 123265 ",5311,47,4.31,0.1,0.83,0.08,0.18,0.03,0.906,0.027,5.537,4.309,211.672,-5.51834
255,"HD 124106 ",5067,45,4.48,0.09,0.61,0.1,-0.17,0.02,0.781,0.019,4.646,4.109,212.94238,-12.61176
256,"HD 124292 ",5426,18,4.37,0.03,0.76,0.03,-0.14,0.01,0.835,0.013,10.184,2.358,213.1885,-3.32008
257,"HD 124364 ",5601,15,4.49,0.05,0.85,0.03,-0.27,0.01,0.887,0.02,1.588,1.734,213.60343,-48.14664
258,"HD 125072 ",4794,102,4.27,0.24,0.53,0.41,0.24,0.08,0.806,0.017,4.539,4.141,214.77015,-59.37904
259,"HD 125184 ",5660,45,4.11,0.08,1.06,0.05,0.27,0.04,1.055,0.012,7.977,0.485,214.50303,-7.54239
260,"HD 125455 ",5095,29,4.4,0.07,0.56,0.07,-0.21,0.02,0.776,0.016,6.725,4.165,214.89526,-5.15119
261,"HD 125881 ",6046,18,4.49,0.04,1.09,0.03,0.07,0.01,1.128,0.012,0.383,0.275,216.19157,-63.70657
262,"HD 126525 ",5645,11,4.4,0.05,0.92,0.02,-0.09,0.01,0.922,0.027,5.074,4.137,216.88738,-51.93309
263,"HD 128674 ",5571,19,4.5,0.1,0.8,0.04,-0.37,0.01,0.807,0.015,9.331,2.53,220.11776,-57.02956
264,"HD 129642 ",4919,65,4.35,0.16,0.53,0.19,-0.09,0.03,0.785,0.019,5.427,4.291,221.29059,-49.91628
265,"HD 130322 ",5341,33,4.4,0.05,0.81,0.05,-0.03,0.02,0.872,0.025,3.826,3.603,221.88635,-0.28148
266,"HD 130930 ",4963,67,4.39,0.17,0.44,0.18,-0.01,0.03,0.802,0.021,4.716,4.113,223.0739,-43.8182
267,"HD 130992 ",4712,108,4.37,0.25,0.31,0.45,-0.13,0.05,0.733,0.017,4.32,4.216,222.9186,-24.30413
268,"HD 132648 ",5419,17,4.49,0.02,0.76,0.04,-0.38,0.01,0.785,0.018,7.308,4.117,225.47195,-47.00747
269,"HD 134060 ",5940,18,4.42,0.03,1.07,0.03,0.12,0.01,1.107,0.015,1.006,0.713,227.68643,-61.42232
270,"HD 134606 ",5614,34,4.3,0.08,0.94,0.05,0.27,0.03,0.998,0.024,4.349,2.399,228.81269,-70.51962
271,"HD 134664 ",5823,13,4.46,0.04,0.99,0.02,0.07,0.01,1.044,0.016,1.874,1.45,228.04315,-30.88629
272,"HD 134985 ",5096,41,4.44,0.08,0.09,0.32,-0.61,0.02,0.709,0.012,4.739,4.05,228.19844,-1.16611
273,"HD 134987 ",5700,28,4.22,0.06,1.04,0.04,0.23,0.02,1.021,0.013,6.83,0.785,228.36945,-25.30935
275,"HD 136713 ",4911,85,4.32,0.21,0.69,0.2,0.08,0.05,0.802,0.019,4.392,4.001,230.65289,-10.66112
276,"HD 136894 ",5402,14,4.37,0.04,0.75,0.03,-0.11,0.01,0.838,0.008,11.049,0.875,231.01012,-27.30522
277,"HD 137303 ",4632,79,4.38,0.18,0.17,0.66,-0.35,0.07,0.701,0.003,4.547,4.036,231.49376,-26.70578
278,"HD 137388 ",5144,57,4.35,0.14,0.71,0.11,0.19,0.03,0.869,0.024,4.201,3.905,233.91638,-80.20459
279,"HD 138549 ",5552,16,4.4,0.05,0.84,0.03,-0.01,0.01,0.944,0.021,2.061,1.834,233.47316,-31.01905
280,"HD 140901 ",5584,18,4.4,0.04,0.86,0.03,0.08,0.01,0.981,0.012,0.982,0.897,236.87126,-37.91632
281,"HD 141937 ",5892,17,4.46,0.07,0.97,0.02,0.13,0.01,1.094,0.013,0.356,0.242,238.07311,-18.43607
282,"HD 142709 ",4536,118,4.21,0.33,0.35,0.54,-0.31,0.06,0.7,0.0,4.462,4.048,239.41977,-42.62423
283,"HD 143114 ",5811,17,4.46,0.05,1.1,0.04,-0.41,0.01,0.842,0.001,11.581,0.272,239.90945,-29.63256
284,"HD 143295 ",4940,62,4.4,0.12,0.64,0.14,-0.01,0.03,0.776,0.018,3.855,3.783,239.92622,-5.07625
285,"HD 144411 ",4839,72,4.45,0.14,0.23,0.38,-0.32,0.02,0.705,0.009,4.332,4.042,241.54727,-10.9907
286,"HD 144497 ",4953,67,4.52,0.14,0.61,0.19,-0.11,0.03,0.772,0.019,4.468,4.02,241.74909,-22.97723
287,"HD 144585 ",5880,17,4.32,0.05,1.1,0.02,0.32,0.01,1.098,0.013,4.099,0.403,241.76404,-14.0713
288,"HD 144628 ",5022,26,4.43,0.08,0.43,0.09,-0.45,0.02,0.718,0.015,6.094,4.159,242.42831,-56.44515
289,"HD 145598 ",5465,25,4.59,0.03,0.63,0.08,-0.75,0.02,0.734,0.017,6.039,4.322,243.54138,-50.78487
290,"HD 145666 ",5984,14,4.56,0.03,1.02,0.02,-0.02,0.01,1.087,0.014,0.539,0.423,243.76733,-56.37454
291,"HD 145809 ",5778,15,4.15,0.03,1.18,0.03,-0.25,0.01,0.956,0.012,11.082,0.364,243.4181,-21.39996
292,"HD 146233 ",5810,12,4.46,0.04,0.99,0.02,0.05,0.01,1.053,0.011,0.289,0.174,243.90529,-8.36944
293,"HD 147512 ",5515,12,4.4,0.02,0.82,0.02,-0.09,0.01,0.868,0.015,9.356,2.742,245.63634,-4.24925
294,"HD 147513 ",5907,107,4.58,0.16,1.39,0.16,0.12,0.08,0.997,0.036,2.215,2.149,246.00537,-39.19298
295,"HD 148303 ",4829,84,4.44,0.22,0.55,0.26,-0.03,0.03,0.773,0.018,4.654,4.076,247.08865,-31.13082
296,"HD 150433 ",5680,15,4.48,0.05,0.93,0.03,-0.36,0.01,0.823,0.003,11.541,0.312,250.28423,-2.85728
297,"HD 151504 ",5431,28,4.35,0.04,0.79,0.05,0.06,0.02,0.901,0.024,6.618,4.339,252.13433,-19.28777
298,"HD 153851 ",5015,39,4.43,0.08,0.81,0.09,-0.28,0.02,0.748,0.017,4.685,4.102,255.59509,-11.89345
299,"HD 154088 ",5337,51,4.35,0.11,0.79,0.08,0.26,0.04,0.92,0.028,4.153,3.677,256.11601,-28.58268
300,"HD 154363 ",4581,196,4.17,0.45,0.14,1.17,-0.62,0.12,,,4.412,4.041,256.26414,-5.06651
301,"HD 154577 ",4847,35,4.48,0.07,0.31,0.19,-0.73,0.01,,,6.115,4.118,257.54313,-60.72877
302,"HD 154962 ",5778,22,4.12,0.08,1.16,0.02,0.3,0.02,1.122,0.022,6.062,0.533,257.22716,-3.88299
303,"HD 157172 ",5419,28,4.32,0.04,0.75,0.04,0.09,0.02,0.921,0.025,3.218,2.974,260.64402,-19.61618
304,"HD 157338 ",6037,12,4.49,0.03,1.2,0.02,-0.07,0.01,1.082,0.017,1.231,1.029,261.03643,-34.79845
305,"HD 157347 ",5667,11,4.38,0.04,0.92,0.02,0.01,0.01,0.951,0.011,6.14,0.863,260.7137,-2.38817
306,"HD 157830 ",5549,16,4.5,0.03,0.8,0.03,-0.24,0.01,0.871,0.025,2.985,3.039,261.84148,-38.06145
307,"HD 159868 ",5552,15,3.91,0.04,1.05,0.02,-0.09,0.01,1.107,0.037,7.171,0.899,264.74803,-43.14551
308,"HD 160691 ",5750,26,4.19,0.05,1.04,0.03,0.29,0.02,1.049,0.012,6.617,0.515,266.03625,-51.83405
309,"HD 161098 ",5574,11,4.49,0.04,0.81,0.03,-0.26,0.01,0.857,0.025,5.349,3.761,265.93439,-3.91786
310,"HD 161612 ",5594,17,4.42,0.05,0.79,0.04,0.16,0.01,1.005,0.012,0.826,0.712,266.98979,-34.01887
311,"HD 162020 ",4723,71,4.31,0.18,0.51,0.28,-0.1,0.03,0.726,0.016,4.39,3.996,267.65981,-40.31835
312,"HD 162236 ",5336,21,4.42,0.07,0.75,0.03,-0.12,0.01,0.852,0.021,3.216,3.075,267.78055,-27.39637
313,"HD 162396 ",6121,23,4.33,0.05,1.54,0.05,-0.34,0.02,1.014,0.029,7.246,0.917,268.2191,-41.99653
314,"HD 165920 ",5286,51,4.36,0.1,0.7,0.09,0.27,0.03,0.907,0.027,4.403,3.89,272.32366,-22.90844
315,"HD 166724 ",5099,36,4.43,0.09,0.64,0.1,-0.09,0.03,0.802,0.02,3.482,3.485,273.49865,-42.57537
316,"HD 167359 ",5357,21,4.46,0.06,0.72,0.04,-0.2,0.01,0.837,0.022,3.129,2.987,273.95446,-23.81595
317,"HD 168159 ",4618,62,4.33,0.17,0.54,0.25,-0.12,0.03,0.713,0.013,5.025,4.128,274.6695,-6.70104
318,"HD 168746 ",5561,17,4.31,0.06,0.81,0.03,-0.11,0.01,0.867,0.01,11.04,0.984,275.45743,-11.92268
319,"HD 168871 ",5986,14,4.44,0.03,1.21,0.02,-0.09,0.01,1.016,0.009,6.241,0.34,276.13807,-49.65288
320,"HD 169830 ",6370,27,4.2,0.05,1.58,0.04,0.18,0.02,1.366,0.01,1.995,0.101,276.95618,-29.81686
321,"HD 170493 ",4658,161,4.29,0.39,0.07,0.74,0.22,0.05,0.768,0.015,4.4,4.028,277.46836,-1.8181
322,"HD 171665 ",5652,10,4.44,0.02,0.9,0.02,-0.05,0.01,0.956,0.023,2.874,2.259,279.3035,-25.67127
323,"HD 171990 ",6048,17,4.15,0.04,1.42,0.03,0.06,0.01,1.236,0.043,3.849,0.581,281.95471,-77.86825
324,"HD 172513 ",5487,15,4.46,0.05,0.84,0.02,-0.07,0.01,0.899,0.026,3.494,3.574,280.50981,-34.46633
325,"HD 174545 ",5199,67,4.4,0.17,0.83,0.12,0.22,0.04,0.887,0.026,4.448,3.994,283.48861,-54.90628
326,"HD 176157 ",5170,26,4.36,0.07,0.69,0.05,-0.15,0.01,0.807,0.021,3.918,3.782,284.73538,-0.50399
327,"HD 176986 ",4931,77,4.44,0.17,0.56,0.23,0.03,0.05,0.789,0.019,4.23,3.966,285.77447,-11.04392
328,"HD 177409 ",5896,13,4.51,0.04,0.99,0.02,-0.04,0.01,1.058,0.017,0.526,0.49,287.47731,-68.29969
329,"HD 177565 ",5614,14,4.39,0.03,0.87,0.02,0.08,0.01,0.993,0.015,1.127,0.953,286.7186,-37.81066
330,"HD 177758 ",5933,30,4.51,0.05,1.21,0.08,-0.54,0.02,0.856,0.009,11.614,0.231,286.60549,-11.89741
331,"HD 179949 ",6312,31,4.56,0.1,1.3,0.04,0.23,0.02,1.245,0.002,0.172,0.073,288.88846,-24.17935
332,"HD 180409 ",6031,24,4.51,0.05,1.14,0.04,-0.15,0.02,1.049,0.016,0.856,0.758,289.21756,-10.97178
333,"HD 181433 ",4879,221,4.4,0.47,0.5,0.88,0.36,0.18,0.81,0.02,4.425,4.042,291.28987,-66.4688
334,"HD 183658 ",5809,11,4.4,0.04,1.01,0.02,0.03,0.01,1.042,0.014,0.729,0.589,292.71966,-6.51442
335,"HD 183783 ",4547,78,4.27,0.22,0.22,0.59,-0.21,0.06,0.701,0.003,4.532,4.022,293.12613,-35.45172
336,"HD 183870 ",4961,33,4.41,0.08,0.65,0.08,-0.09,0.02,0.775,0.017,4.114,3.338,293.02793,-11.27494
337,"HD 185615 ",5555,18,4.33,0.04,0.79,0.03,0.08,0.01,0.935,0.021,6.4,3.799,295.30698,-32.87335
338,"HD 186061 ",4916,65,4.36,0.15,0.42,0.19,-0.05,0.03,0.777,0.018,4.351,3.977,296.21838,-52.33634
339,"HD 187456 ",4739,118,4.2,0.28,0.0,1.93,0.06,0.03,0.769,0.016,4.432,4.038,299.0673,-72.3643
340,"HD 188559 ",4693,118,4.34,0.31,0.08,1.1,-0.03,0.03,0.733,0.014,4.306,3.927,299.63743,-54.93689
341,"HD 188748 ",5616,14,4.45,0.05,0.87,0.02,-0.13,0.01,0.929,0.024,2.117,2.172,300.46687,-69.18794
342,"HD 189242 ",4891,47,4.44,0.1,0.51,0.14,-0.38,0.02,0.711,0.013,4.944,4.178,299.94137,-20.21041
343,"HD 189567 ",5718,12,4.39,0.02,0.98,0.02,-0.25,0.01,0.862,0.004,11.31,0.466,301.38652,-67.32089
344,"HD 189625 ",5848,19,4.43,0.06,0.99,0.03,0.19,0.01,1.094,0.012,0.377,0.256,300.38667,-16.86899
345,"HD 190248 ",5566,36,4.24,0.06,0.95,0.05,0.32,0.03,0.967,0.016,8.477,1.27,302.18171,-66.18207
346,"HD 190647 ",5636,27,4.18,0.04,0.98,0.03,0.23,0.02,1.034,0.018,8.552,0.46,301.83195,-35.53863
347,"HD 190954 ",5430,19,4.44,0.04,0.74,0.04,-0.43,0.01,0.781,0.017,7.35,4.55,302.45068,-51.71824
348,"HD 191847 ",5020,33,4.39,0.08,0.55,0.08,-0.16,0.02,0.772,0.018,3.831,3.713,303.33154,-36.3024
349,"HD 192031 ",5212,36,4.46,0.06,0.21,0.24,-0.83,0.03,0.704,0.007,5.663,4.223,303.3441,-15.43211
350,"HD 192117 ",5433,23,4.42,0.1,0.74,0.04,-0.07,0.02,0.888,0.023,2.979,2.717,305.10075,-75.57787
351,"HD 192310 ",5099,65,4.43,0.13,0.73,0.13,-0.03,0.04,0.815,0.02,4.667,3.521,303.82246,-27.03298
352,"HD 192961 ",4418,51,4.23,0.18,0.02,2.2,-0.3,0.22,0.7,0.002,4.685,4.104,304.9039,-46.42812
353,"HD 193193 ",5979,13,4.4,0.03,1.19,0.02,-0.05,0.01,1.033,0.009,5.458,0.53,304.93827,-25.2286
354,"HD 193844 ",4933,41,4.38,0.11,0.48,0.13,-0.34,0.02,0.721,0.015,4.669,4.088,305.67448,-10.30186
355,"HD 195302 ",5039,58,4.42,0.15,0.56,0.16,0.03,0.04,0.808,0.021,4.008,3.892,307.92079,-35.52416
356,"HD 195564 ",5663,13,4.02,0.04,1.13,0.02,0.05,0.01,1.049,0.012,8.386,0.153,308.09873,-9.85338
357,"HD 196050 ",5871,16,4.26,0.04,1.13,0.02,0.23,0.01,1.109,0.013,4.826,0.348,309.46546,-60.63449
358,"HD 196761 ",5414,16,4.46,0.05,0.73,0.03,-0.31,0.01,0.804,0.02,6.973,4.13,310.04898,-23.77387
359,"HD 196800 ",6007,19,4.4,0.09,1.15,0.03,0.18,0.01,1.148,0.015,0.998,0.711,310.09306,-24.11803
360,"HD 197210 ",5563,12,4.42,0.03,0.81,0.02,-0.04,0.01,0.938,0.022,2.416,2.044,310.62253,-5.30124
361,"HD 197823 ",5344,28,4.37,0.07,0.75,0.04,0.1,0.02,0.902,0.025,3.723,3.414,311.81925,-35.15408
362,"HD 198075 ",5842,19,4.55,0.02,0.95,0.04,-0.24,0.01,0.968,0.017,0.945,0.931,312.06329,-12.4543
363,"HD 199190 ",5937,12,4.27,0.04,1.18,0.02,0.15,0.01,1.129,0.014,4.578,0.209,315.02415,-69.57944
364,"HD 199288 ",5776,19,4.51,0.05,1.1,0.06,-0.63,0.01,0.792,0.009,11.684,0.121,314.41695,-44.12937
365,"HD 199933 ",4608,84,4.29,0.23,0.32,0.5,-0.11,0.02,0.706,0.01,4.504,4.047,315.576,-52.29139
366,"HD 199960 ",5928,26,4.42,0.1,1.01,0.04,0.27,0.02,1.122,0.013,3.813,0.463,315.141,-4.73026
367,"HD 200505 ",5035,38,4.45,0.08,0.8,0.08,-0.46,0.02,0.716,0.014,4.345,3.971,316.94134,-67.92031
368,"HD 202206 ",5708,24,4.38,0.05,0.93,0.03,0.28,0.02,1.047,0.016,1.242,1.098,318.7407,-20.78921
369,"HD 202605 ",5637,23,4.47,0.05,0.97,0.03,0.18,0.02,1.009,0.022,2.506,2.2,319.25889,-1.07743
370,"HD 203384 ",5564,36,4.42,0.06,0.82,0.05,0.26,0.02,0.994,0.02,1.63,1.523,320.47367,-4.1743
371,"HD 203413 ",4668,99,4.36,0.26,0.18,0.8,0.08,0.08,0.756,0.018,4.454,4.021,321.06304,-58.69231
372,"HD 203432 ",5591,29,4.29,0.04,0.94,0.04,0.27,0.02,0.985,0.021,5.339,2.639,320.84402,-41.55251
373,"HD 203850 ",4808,62,4.45,0.13,0.13,0.57,-0.71,0.02,0.7,0.0,4.786,4.141,321.74355,-56.12526
374,"HD 204313 ",5732,18,4.33,0.03,0.97,0.02,0.16,0.01,1.033,0.017,2.835,1.833,322.05086,-21.72626
375,"HD 204385 ",6048,17,4.45,0.02,1.14,0.02,0.08,0.01,1.132,0.011,0.636,0.478,322.69971,-62.1676
376,"HD 204941 ",4997,36,4.36,0.1,0.44,0.11,-0.2,0.02,0.759,0.017,4.098,3.765,323.09796,-20.95742
377,"HD 205536 ",5418,17,4.36,0.06,0.79,0.03,-0.07,0.01,0.864,0.022,6.998,4.107,325.12405,-74.07428
378,"HD 206163 ",5506,16,4.42,0.04,0.84,0.03,0.02,0.01,0.944,0.016,1.251,1.153,325.56894,-57.61295
379,"HD 206172 ",5626,13,4.53,0.04,0.82,0.03,-0.23,0.01,0.91,0.021,1.411,1.577,325.11566,-2.01758
380,"HD 207129 ",5946,11,4.48,0.03,1.06,0.02,0.01,0.01,1.082,0.006,0.266,0.195,327.06563,-47.30362
381,"HD 207583 ",5525,21,4.42,0.05,0.93,0.03,0.02,0.02,0.944,0.019,1.586,1.505,327.59626,-16.19653
382,"HD 207700 ",5660,16,4.26,0.07,0.97,0.02,0.04,0.01,0.944,0.007,10.723,0.513,328.68833,-73.43848
383,"HD 207970 ",5524,21,4.36,0.05,0.8,0.03,0.05,0.02,0.907,0.014,9.693,1.996,328.42422,-28.67061
384,"HD 208272 ",5167,48,4.41,0.1,0.78,0.08,-0.07,0.03,0.822,0.022,4.28,3.929,328.92498,-29.70614
385,"HD 208487 ",6172,19,4.54,0.09,1.22,0.03,0.1,0.01,1.183,0.011,0.425,0.304,329.3327,-37.76362
386,"HD 208573 ",4744,79,4.25,0.2,0.28,0.46,0.05,0.05,0.777,0.018,4.554,3.977,329.45524,-29.11635
387,"HD 208704 ",5835,13,4.38,0.02,1.04,0.02,-0.08,0.01,0.971,0.015,6.185,1.695,329.60135,-12.66466
388,"HD 209100 ",4649,74,4.44,0.18,0.28,0.55,-0.13,0.06,0.71,0.011,4.592,4.041,330.84024,-56.78598
389,"HD 209458 ",6182,26,4.58,0.03,1.25,0.04,0.06,0.02,1.168,0.016,0.619,0.48,330.79488,18.88432
390,"HD 209742 ",5054,40,4.37,0.08,0.47,0.1,-0.17,0.02,0.781,0.018,5.571,4.372,331.6929,-45.39244
391,"HD 210277 ",5470,27,4.26,0.05,0.9,0.04,0.15,0.02,0.917,0.013,10.462,1.1,332.37444,-7.54865
392,"HD 210752 ",5970,27,4.52,0.03,1.2,0.07,-0.55,0.02,0.849,0.014,9.96,1.464,333.18141,-6.46892
393,"HD 210918 ",5747,11,4.35,0.03,1.0,0.02,-0.1,0.01,0.918,0.009,10.897,0.399,333.66106,-41.38166
394,"HD 210975 ",4678,64,4.25,0.2,0.36,0.33,-0.45,0.04,0.7,0.0,4.315,3.967,333.64501,-32.30827
395,"HD 211038 ",4974,17,3.67,0.05,0.78,0.03,-0.27,0.01,0.966,0.008,11.556,0.273,333.65925,-15.81853
396,"HD 211369 ",4868,93,4.41,0.24,0.29,0.44,0.07,0.05,0.785,0.018,4.328,4.006,334.41428,-48.65049
397,"HD 211415 ",5864,18,4.42,0.03,1.01,0.03,-0.21,0.01,0.941,0.016,6.443,1.153,334.56506,-53.62707
398,"HD 212301 ",6299,25,4.58,0.05,1.27,0.04,0.2,0.02,1.245,0.007,0.229,0.119,336.87883,-77.71792
399,"HD 212563 ",4954,62,4.45,0.15,0.69,0.15,-0.03,0.03,0.78,0.019,3.984,3.822,336.4185,-24.72881
400,"HD 212580 ",5099,41,4.38,0.1,0.61,0.09,-0.1,0.02,0.801,0.019,4.045,3.808,336.75997,-62.5246
401,"HD 212708 ",5644,28,4.31,0.04,0.94,0.04,0.26,0.02,1.014,0.022,3.2,2.155,336.85286,-49.36595
402,"HD 213042 ",4670,111,4.22,0.31,0.35,0.6,0.14,0.06,0.769,0.016,4.448,4.042,337.31348,-30.01841
403,"HD 213240 ",5967,18,4.28,0.06,1.22,0.03,0.13,0.01,1.15,0.018,4.383,0.31,337.75153,-49.43327
404,"HD 213575 ",5676,13,4.22,0.03,1.05,0.02,-0.15,0.01,0.944,0.001,11.749,0.011,338.14192,-6.46717
405,"HD 213628 ",5517,18,4.4,0.04,0.83,0.03,-0.01,0.01,0.937,0.02,1.687,1.651,338.37785,-35.44455
406,"HD 213941 ",5565,15,4.45,0.03,0.76,0.03,-0.44,0.01,0.786,0.004,11.377,0.493,339.0321,-54.61062
407,"HD 214385 ",5679,23,4.47,0.03,0.87,0.05,-0.33,0.02,0.851,0.025,6.893,4.007,339.54592,-27.44343
408,"HD 214759 ",5397,38,4.27,0.13,0.8,0.06,0.15,0.03,0.919,0.028,5.417,3.926,340.22987,-31.99006
409,"HD 215152 ",4803,52,4.26,0.15,0.28,0.16,-0.08,0.02,0.756,0.016,5.207,4.069,340.83876,-6.40082
410,"HD 215456 ",5798,12,4.14,0.04,1.19,0.02,-0.08,0.01,1.022,0.012,9.028,0.242,341.53348,-48.97882
411,"HD 216435 ",6034,24,4.21,0.08,1.27,0.03,0.27,0.02,1.252,0.018,3.202,0.223,343.40805,-48.59829
412,"HD 216770 ",5351,42,4.31,0.1,0.85,0.06,0.2,0.03,0.922,0.027,3.387,3.186,343.97378,-26.65876
413,"HD 216777 ",5654,12,4.56,0.02,0.88,0.03,-0.37,0.01,0.835,0.023,6.053,4.197,343.95824,-7.82261
414,"HD 218249 ",4956,36,4.41,0.08,0.33,0.13,-0.43,0.02,0.708,0.011,4.114,3.925,346.63523,-0.19614
415,"HD 218511 ",4424,90,4.52,0.26,0.26,0.45,-0.05,0.02,0.7,0.0,4.34,4.069,347.42063,-67.73282
416,"HD 218572 ",4697,55,4.41,0.16,0.33,0.31,-0.58,0.03,0.7,0.0,4.532,4.05,347.58571,-68.8389
417,"HD 219077 ",5338,14,3.92,0.06,0.97,0.02,-0.15,0.01,0.993,0.01,10.67,0.306,348.52744,-62.7
418,"HD 219249 ",5494,13,4.51,0.05,0.79,0.03,-0.39,0.01,0.806,0.02,5.083,3.952,348.79033,-56.72921
419,"HD 220256 ",5090,30,4.32,0.09,0.53,0.07,-0.14,0.02,0.791,0.018,5.338,4.312,350.59909,-0.41486
420,"HD 220339 ",4938,32,4.42,0.08,0.5,0.1,-0.37,0.02,0.718,0.015,5.389,4.175,350.7704,-10.76424
421,"HD 220367 ",6116,28,4.45,0.13,1.44,0.06,-0.23,0.02,1.059,0.025,6.434,0.724,351.07844,-72.16519
422,"HD 220507 ",5676,18,4.3,0.06,0.95,0.02,0.0,0.01,0.934,0.011,10.792,0.643,351.17548,-52.70188
423,"HD 221146 ",5899,19,4.36,0.05,1.07,0.03,0.1,0.01,1.079,0.012,5.728,0.387,352.37633,-1.0359
424,"HD 221287 ",6417,25,4.6,0.1,1.34,0.04,0.06,0.02,1.242,0.01,0.219,0.115,352.83474,-58.20973
425,"HD 221356 ",6100,30,4.51,0.04,1.14,0.06,-0.2,0.02,1.046,0.022,1.932,1.415,352.88126,-4.0874
426,"HD 221420 ",5838,27,3.98,0.05,1.23,0.03,0.34,0.02,1.227,0.049,4.381,0.689,353.33162,-77.38533
427,"HD 222237 ",4722,55,4.34,0.15,0.13,0.59,-0.39,0.06,0.701,0.004,4.692,4.09,354.90579,-72.72215
428,"HD 222335 ",5220,29,4.48,0.05,0.62,0.06,-0.21,0.02,0.799,0.02,5.071,4.315,354.96377,-32.74341
429,"HD 222422 ",5435,17,4.43,0.02,0.77,0.03,-0.15,0.01,0.861,0.026,4.35,3.958,355.15772,-18.98889
430,"HD 222582 ",5781,12,4.37,0.04,1.02,0.02,-0.01,0.01,0.98,0.017,5.358,2.221,355.46471,-5.98576
431,"HD 222595 ",5618,13,4.43,0.03,0.89,0.02,-0.01,0.01,0.974,0.016,1.034,0.986,355.55275,-53.42332
432,"HD 222669 ",5898,17,4.44,0.06,1.01,0.03,0.06,0.01,1.076,0.012,0.426,0.322,355.98901,-82.5085
433,"HD 223121 ",4958,60,4.28,0.16,0.43,0.19,0.06,0.03,0.807,0.02,4.4,4.036,356.73248,-31.98181
434,"HD 223171 ",5830,13,4.16,0.03,1.14,0.02,0.11,0.01,1.068,0.012,6.872,0.22,356.83678,-48.27558
435,"HD 223282 ",5343,16,4.5,0.06,0.63,0.04,-0.41,0.01,0.784,0.018,3.09,3.184,357.08886,-27.89749
436,"HD 224393 ",5792,14,4.54,0.09,0.96,0.04,-0.37,0.01,0.903,0.016,1.254,1.2,359.39769,-65.77556
437,"HD 224619 ",5425,14,4.4,0.06,0.77,0.03,-0.2,0.01,0.846,0.026,4.29,4.09,359.86847,-20.03471
438,"HD 224789 ",5150,43,4.4,0.09,0.93,0.07,-0.04,0.02,0.827,0.022,3.97,3.885,0.168,-69.67596
439,"HD 330075 ",4958,52,4.24,0.13,0.32,0.22,0.05,0.03,0.814,0.02,4.863,4.144,237.40705,-49.96352
440,"HD 11964A ",5285,21,3.81,0.04,0.95,0.03,0.06,0.02,1.026,0.016,9.772,0.521,29.29003,-10.24243
441,HD 142022A,5482,35,4.35,0.05,0.81,0.05,0.18,0.02,0.948,0.028,5.175,3.496,242.56263,-84.23161
442,"HD 21209A ",4612,73,4.28,0.19,0.33,0.38,-0.39,0.02,0.7,0.0,4.462,4.04,50.82158,-49.99193
443,"HD 26965A ",5098,32,4.35,0.1,0.42,0.09,-0.36,0.02,0.75,0.0,11.485,0.054,63.818,-7.65287
444,"HD 59711A ",5741,12,4.44,0.06,0.94,0.02,-0.12,0.01,0.961,0.023,2.9,2.236,112.66672,-15.99459
445,"HD 65907A ",5995,15,4.62,0.03,1.18,0.04,-0.29,0.01,0.953,0.012,5.972,0.653,119.44547,-60.30307
446,"HD 68978A ",5967,13,4.48,0.03,1.07,0.02,0.05,0.01,1.1,0.012,0.423,0.307,123.39374,-31.73538
447,"HD 8389A  ",5182,80,4.33,0.17,0.81,0.14,0.36,0.04,0.895,0.027,5.338,4.376,20.76099,-12.96607
448,"HIP 21539 ",4496,80,4.23,0.24,0.43,0.33,-0.32,0.03,0.7,0.0,4.725,4.052,69.36299,-33.30423
449,"HIP 22059 ",4672,82,4.33,0.25,0.47,0.31,-0.28,0.04,0.7,0.002,4.422,3.968,71.17394,-37.12132
450,"HIP 26542 ",4598,72,4.38,0.21,0.1,1.09,-0.53,0.04,0.7,0.0,4.643,3.99,84.66866,-38.35748
451,"HIP 98764 ",4811,44,4.33,0.13,0.42,0.16,-0.32,0.02,0.702,0.009,4.825,4.043,300.89724,-73.75378
