recno,Name,Teff,e_Teff,R*,e_R*,log(g),e_log(g),[Fe/H],e_[Fe/H],M*,e_M*,logAge,e_logAge,plx,Vmag,Notes,SCat,_RA,_DE
1,HD 100623,5140,60,0.72,0.04,4.56,0.05,-0.36,0.05,0.75,0.04,9.81,0.5,104.6,6.0,"A,1",1,173.62286,-32.83134
2,HD 101904,5883,60,1.54,0.19,4.1,0.05,0.12,0.05,1.12,0.09,9.8,0.11,12.5,8.2,"A,1",1,176.00117,64.9642
3,HD 102195,5277,60,0.85,0.05,4.5,0.05,0.1,0.05,0.89,0.04,9.74,0.49,34.0,8.1,"A,1",1,176.42622,2.82148
4,HD 102444,5227,60,2.67,0.39,3.6,0.05,0.0,0.05,1.02,0.21,9.98,0.27,8.5,8.0,"A,1",1,176.88109,-5.26362
5,HD 102956,4985,60,3.79,0.47,3.38,0.05,0.26,0.05,1.3,0.15,9.7,0.17,8.1,7.9,"A,1",1,177.8438,57.64073
6,HD 103459,5722,60,1.71,0.21,4.03,0.05,0.24,0.05,1.15,0.12,9.81,0.15,16.0,7.6,"A,2",1,178.71649,-1.45149
7,HD 103890,6120,60,1.43,0.16,4.19,0.05,0.03,0.05,1.17,0.07,9.63,0.09,13.7,8.0,"A,1",1,179.44244,-8.27528
8,HD 104437,5761,60,1.03,0.09,4.4,0.05,0.17,0.05,1.03,0.04,9.64,0.35,16.6,8.6,"A,1",1,180.42003,39.58659
9,HD 106088,5470,60,2.07,0.26,3.87,0.05,0.34,0.05,1.23,0.12,9.75,0.13,10.3,8.4,"A,1",1,183.10271,19.80102
10,HD 107181,5628,60,1.64,0.21,4.05,0.05,0.31,0.05,1.13,0.12,9.86,0.15,12.5,8.4,"A,1",1,184.86392,-26.10737
11,HD 108189,5373,60,2.89,0.41,3.56,0.05,0.03,0.05,1.15,0.21,9.81,0.23,7.5,7.7,"A,1",1,186.41909,-0.28218
12,HD 108863,4878,60,5.59,0.66,3.08,0.05,0.2,0.05,1.37,0.14,9.61,0.15,5.8,7.7,"A,1",1,187.58296,21.94824
13,HD 109159,5151,60,2.57,0.32,3.6,0.05,-0.08,0.05,0.93,0.13,10.09,0.17,9.7,8.0,"A,1",1,188.17179,-17.22068
14,HD 109749,5825,60,1.31,0.15,4.24,0.05,0.24,0.05,1.1,0.08,9.78,0.13,15.9,8.1,"A,1",1,189.31824,-40.81212
15,HD 10995,5688,60,2.87,0.34,3.67,0.05,0.1,0.05,1.45,0.19,9.5,0.17,11.0,7.3,"A,1",1,27.08668,17.02276
16,HD 110463,4906,60,0.76,0.03,4.55,0.05,0.06,0.05,0.8,0.04,9.73,0.52,44.1,8.3,"A,1",1,190.43551,55.72467
17,HD 110537,5718,60,1.14,0.11,4.3,0.05,0.08,0.05,0.99,0.04,9.92,0.13,21.5,7.8,"A,2",1,190.74719,-4.04933
18,HD 110743,5198,60,0.84,0.05,4.47,0.05,0.01,0.05,0.84,0.04,9.98,0.4,22.9,8.8,"A,2",1,190.97652,34.34372
19,HD 110833,4999,60,0.8,0.04,4.51,0.05,0.18,0.05,0.83,0.04,9.86,0.5,66.4,7.0,"A,2",1,191.0606,51.7593
20,HD 111814,5646,60,1.94,0.24,3.93,0.05,0.22,0.05,1.2,0.11,9.76,0.14,12.4,8.1,"A,1",1,192.93984,19.22883
21,HD 112415,5574,60,1.23,0.13,4.25,0.05,0.28,0.05,1.0,0.06,9.99,0.13,14.8,8.7,"A,1",1,194.08818,6.89312
22,HD 112914,4816,60,0.7,0.03,4.51,0.05,-0.26,0.05,0.71,0.03,10.0,0.45,41.4,8.6,"A,2",1,194.88659,41.98676
23,HD 114659,4838,60,5.45,0.72,3.08,0.05,0.17,0.05,1.34,0.2,9.64,0.22,5.1,8.3,"A,1",1,197.95297,12.73044
24,HD 116442,5155,60,0.72,0.04,4.54,0.05,-0.38,0.05,0.74,0.04,9.88,0.49,59.7,7.1,"A,1",1,200.91314,2.72333
25,HD 122253,5007,60,3.78,0.52,3.36,0.05,0.03,0.05,1.24,0.21,9.72,0.25,9.0,7.8,"A,1",1,209.923,42.04981
26,HD 122973,5989,60,1.07,0.06,4.46,0.05,0.2,0.05,1.12,0.04,9.2,0.25,20.6,8.1,"A,2",1,211.29454,-9.04851
27,HD 123239,4795,60,5.96,0.89,2.94,0.05,-0.05,0.05,1.18,0.24,9.78,0.29,6.5,8.4,"A,2",1,211.68781,-14.09527
28,HD 124257A,5911,60,1.46,0.16,4.15,0.05,0.15,0.05,1.13,0.08,9.76,0.11,8.7,9.2,"A,1",1,212.75412,50.25232
29,HD 125607,4985,60,3.91,0.51,3.35,0.05,0.1,0.05,1.26,0.18,9.71,0.22,4.8,8.1,"A,1",1,214.86337,37.60997
30,HD 126583,5482,60,0.88,0.06,4.49,0.05,0.0,0.05,0.92,0.04,9.65,0.45,28.7,8.1,"A,1",1,216.49273,13.43326
31,HD 128311,4918,60,0.79,0.04,4.49,0.05,0.19,0.05,0.81,0.04,9.95,0.49,60.4,7.4,"A,2",1,219.00233,9.74652
32,HD 130048,4964,60,6.29,0.71,3.02,0.05,0.28,0.05,1.52,0.13,9.47,0.13,5.4,7.1,"A,1",1,221.55626,-7.79695
33,HD 130307,4985,60,0.74,0.04,4.56,0.05,-0.13,0.05,0.78,0.04,9.74,0.51,50.8,7.8,"A,2",1,221.81709,2.70322
34,HD 131511,5259,60,0.86,0.06,4.47,0.05,0.13,0.05,0.88,0.04,9.9,0.46,86.7,6.0,"A,2",1,223.34903,19.1528
35,HD 131582,4728,60,0.67,0.03,4.52,0.05,-0.33,0.05,0.68,0.03,10.0,0.46,40.9,8.6,"A,1",1,223.42321,23.34519
36,HD 132254,6157,60,1.55,0.19,4.14,0.05,0.16,0.05,1.26,0.08,9.56,0.08,39.7,5.6,"A,1",1,224.096,49.62845
37,HD 133125,5506,60,0.86,0.06,4.49,0.05,-0.13,0.05,0.89,0.04,9.71,0.44,17.7,8.8,"A,2",1,225.57969,19.39059
38,HD 135101A,5677,60,1.28,0.14,4.2,0.05,0.04,0.05,0.98,0.05,10.01,0.09,30.7,6.7,"A,1",1,228.18117,19.28604
39,HD 135872,4992,60,3.37,0.46,3.44,0.05,0.12,0.05,1.16,0.2,9.84,0.25,11.7,7.3,"A,1",1,229.42172,-5.20242
40,HD 137778,5128,60,0.83,0.05,4.52,0.05,0.27,0.05,0.89,0.04,9.66,0.5,48.1,7.5,"A,2",1,232.05088,-9.35786
41,HD 13871,6416,60,1.94,0.24,4.03,0.05,0.27,0.05,1.49,0.1,9.34,0.08,24.9,5.8,"A,2",1,33.94187,25.78294
42,HD 1388,5925,60,1.15,0.12,4.32,0.05,0.03,0.05,1.06,0.05,9.71,0.21,36.7,6.5,"A,1",1,4.4953,-13.45564
43,HD 13931,5853,60,1.2,0.12,4.28,0.05,0.05,0.05,1.04,0.05,9.82,0.12,21.4,7.6,"A,1",1,34.19741,43.773
44,HD 144872,4781,60,0.69,0.03,4.52,0.05,-0.25,0.05,0.7,0.03,9.97,0.47,43.1,8.6,"A,1",1,241.62333,38.63224
45,HD 14655,5755,60,1.97,0.23,3.92,0.05,0.12,0.05,1.23,0.12,9.7,0.13,9.8,8.2,"A,2",1,35.41098,-15.76798
46,HD 14787,4946,60,4.45,0.59,3.23,0.05,0.03,0.05,1.28,0.2,9.67,0.23,8.4,7.6,"A,1",1,35.80856,10.83675
47,HD 148284,5572,60,1.8,0.24,3.97,0.05,0.16,0.05,1.11,0.12,9.88,0.16,8.0,9.0,"A,1",1,246.45173,30.26513
48,HD 14855,5023,60,3.43,0.48,3.43,0.05,0.03,0.05,1.17,0.21,9.81,0.26,11.8,7.4,"A,1",1,36.2656,45.64734
49,HD 149750,5802,60,1.45,0.18,4.14,0.05,0.19,0.05,1.09,0.1,9.85,0.14,11.5,8.6,"A,1",1,248.81101,37.02213
50,HD 1502,4947,60,4.91,0.61,3.18,0.05,0.1,0.05,1.33,0.18,9.64,0.19,6.0,8.3,"A,2",1,4.82111,14.05475
51,HD 150706,5949,60,1.0,0.05,4.53,0.05,0.02,0.05,1.06,0.04,9.19,0.24,35.4,7.0,"A,1",1,247.82326,79.78978
52,HD 152581,5027,60,3.71,0.41,3.29,0.05,-0.21,0.05,0.94,0.06,10.06,0.11,6.0,8.3,"A,1",1,253.43159,11.97375
53,HD 152733,4835,60,5.26,0.69,3.1,0.05,0.16,0.05,1.3,0.18,9.69,0.21,6.1,8.1,"A,1",1,253.23839,44.4024
54,HD 15336,5025,60,4.56,0.57,3.12,0.05,-0.16,0.05,1.0,0.12,9.97,0.17,2.9,8.9,"A,1",1,36.93719,-11.97903
55,HD 153525,4826,60,0.74,0.03,4.54,0.05,0.03,0.05,0.78,0.04,9.83,0.51,55.7,7.9,"A,1",0,254.42595,47.36214
56,HD 155413,5740,60,2.47,0.28,3.79,0.05,0.27,0.05,1.42,0.11,9.55,0.11,11.6,7.3,"A,1",1,257.99431,-14.62038
57,HD 155456,5225,60,0.91,0.07,4.43,0.05,0.26,0.05,0.88,0.04,10.02,0.33,28.3,8.3,"A,1",1,257.65671,24.53244
58,HD 155712,4911,60,0.75,0.04,4.52,0.05,-0.07,0.05,0.77,0.04,9.91,0.49,48.7,8.0,"A,2",1,258.15676,18.3512
59,HD 156846,5999,60,1.88,0.23,4.01,0.05,0.24,0.05,1.35,0.12,9.56,0.11,21.1,6.5,"A,1",1,260.14296,-19.33375
60,HD 161479,5642,60,1.15,0.12,4.31,0.05,0.28,0.05,1.03,0.06,9.86,0.17,20.4,8.1,"A,1",1,266.2622,19.29046
61,HD 162232,5492,60,1.03,0.1,4.36,0.05,0.14,0.05,0.92,0.04,10.04,0.16,13.4,8.6,"A,2",1,267.48773,0.51203
62,HD 164922,5341,60,0.95,0.08,4.39,0.05,0.15,0.05,0.88,0.04,10.07,0.18,45.4,7.0,"A,1",1,270.62859,26.313
63,HD 168443,5551,60,1.48,0.18,4.07,0.05,0.04,0.05,0.98,0.06,10.05,0.1,26.4,6.9,"A,2",1,275.01638,-9.59572
64,HD 170657,5041,60,0.76,0.04,4.54,0.05,-0.12,0.05,0.79,0.04,9.81,0.5,76.2,6.8,"A,1",1,277.829,-18.90881
65,HD 17156,5970,60,1.51,0.18,4.15,0.05,0.22,0.05,1.19,0.09,9.67,0.11,30.3,8.2,"A,1",1,42.43536,71.75323
66,HD 172051,5636,60,0.83,0.04,4.58,0.05,-0.26,0.05,0.89,0.04,9.34,0.37,77.0,5.9,"A,2",1,279.7225,-21.05187
67,HD 175425,5773,60,1.27,0.13,4.23,0.05,0.12,0.05,1.03,0.05,9.9,0.11,13.2,7.9,"A,1",1,283.4088,37.98525
68,HD 17620,5159,60,3.04,0.4,3.46,0.05,-0.08,0.05,0.96,0.15,10.03,0.2,7.3,8.2,"A,1",1,42.23243,-24.6098
69,HD 179079,5646,60,1.7,0.22,4.02,0.05,0.23,0.05,1.12,0.11,9.87,0.15,14.1,8.0,"A,1",1,287.79095,-2.63838
70,HD 181234,5314,60,1.04,0.1,4.35,0.05,0.35,0.05,0.92,0.04,10.08,0.14,20.8,8.6,"A,1",1,290.00041,-9.3236
71,HD 18143,5101,60,0.88,0.06,4.43,0.05,0.27,0.05,0.86,0.04,10.06,0.29,44.3,7.6,"A,1",1,43.91274,26.87321
72,HD 18445,4838,60,0.76,0.03,4.44,0.05,-0.04,0.05,0.76,0.03,10.09,0.3,38.9,7.9,"A,2",1,44.30494,-24.97512
73,HD 18742,4941,60,5.05,0.81,3.09,0.05,-0.02,0.05,1.2,0.26,9.75,0.3,6.2,7.8,"A,1",1,45.0444,-20.8026
74,HD 189733,5024,60,0.79,0.04,4.51,0.05,0.07,0.05,0.82,0.04,9.89,0.49,50.4,7.6,"A,1",1,300.18214,22.71085
75,HD 190228,5238,60,2.15,0.23,3.72,0.05,-0.22,0.05,0.9,0.05,10.08,0.08,15.8,7.3,"A,1",1,300.75322,28.30686
76,HD 190571,4999,60,3.6,0.39,3.31,0.05,-0.22,0.05,0.92,0.05,10.08,0.1,9.8,7.5,"A,1",1,301.0982,33.55049
77,HD 193690,5542,60,0.98,0.09,4.41,0.05,0.2,0.05,0.96,0.05,9.83,0.37,14.3,9.4,"A,1",1,305.6306,-26.15989
78,HD 195034,5810,60,0.96,0.06,4.48,0.05,0.0,0.05,1.02,0.04,9.39,0.35,35.7,7.1,"A,1",1,307.04923,22.12899
79,HD 196124,4833,60,0.74,0.03,4.5,0.05,-0.06,0.05,0.76,0.04,9.98,0.47,33.3,8.9,"A,1",1,308.80294,6.12701
80,HD 199255,5027,60,3.74,0.57,3.29,0.05,-0.05,0.05,0.97,0.21,10.02,0.28,8.5,7.3,"A,2",1,313.94606,7.66625
81,HD 199381,4844,60,4.61,0.62,3.19,0.05,0.17,0.05,1.21,0.18,9.78,0.21,13.6,6.9,"A,1",1,314.19771,1.71518
82,HD 200964,4983,60,4.05,0.59,3.22,0.05,-0.07,0.05,0.96,0.2,10.03,0.27,13.9,6.5,"A,1",1,316.66601,3.80312
83,HD 201924,5401,60,0.89,0.07,4.47,0.05,0.05,0.05,0.9,0.04,9.84,0.45,31.9,7.8,"A,1",1,317.79523,45.45591
84,HD 202575,4730,60,0.73,0.03,4.5,0.05,-0.02,0.05,0.75,0.03,9.96,0.47,61.8,7.9,"A,1",1,319.13528,9.39383
85,HD 203471,5425,60,2.34,0.31,3.72,0.05,-0.02,0.05,1.02,0.18,9.94,0.22,7.7,8.3,"A,1",1,320.3933,28.56468
86,HD 203473,5781,60,1.52,0.2,4.11,0.05,0.19,0.05,1.1,0.11,9.86,0.14,13.2,8.2,"A,1",1,320.57864,5.02359
87,HD 20367,6094,60,1.1,0.07,4.46,0.05,0.17,0.05,1.14,0.04,9.18,0.22,37.8,6.4,"A,1",1,49.41686,31.12704
88,HD 206635,4944,60,2.41,0.24,3.65,0.05,-0.18,0.05,0.87,0.06,10.16,0.04,11.0,8.3,"A,1",1,325.85558,1.80091
89,HD 207077,5068,60,3.65,0.39,3.27,0.05,-0.31,0.05,0.92,0.07,10.05,0.11,5.9,8.3,"A,2",1,326.68353,-8.00718
90,HD 208313,5016,60,0.78,0.04,4.51,0.05,0.02,0.05,0.81,0.04,9.87,0.49,48.8,7.8,"A,1",1,328.68766,32.32857
91,HD 209393,5651,60,0.86,0.04,4.57,0.05,-0.14,0.05,0.93,0.04,9.31,0.34,29.4,7.9,"A,1",1,330.52246,44.34317
92,HD 210373,4876,60,5.06,0.6,3.15,0.05,0.21,0.05,1.34,0.16,9.64,0.17,7.2,7.5,"A,1",1,332.41456,22.2422
93,HD 211681,5710,60,1.59,0.2,4.1,0.05,0.35,0.05,1.18,0.11,9.77,0.13,14.2,8.1,"A,1",1,331.70452,85.40937
94,HD 215049,5109,60,2.65,0.35,3.63,0.05,0.06,0.05,1.12,0.16,9.89,0.23,9.3,8.3,"A,1",1,340.71769,-27.88689
95,HD 216834,5058,60,3.17,0.35,3.4,0.05,-0.23,0.05,0.91,0.06,10.09,0.09,7.7,8.1,"A,1",1,344.08518,-6.54584
96,HD 217681,4954,60,3.36,0.42,3.45,0.05,0.24,0.05,1.2,0.16,9.81,0.19,10.7,7.8,"A,1",1,345.63289,-11.26569
97,HD 21774,5692,60,1.23,0.13,4.25,0.05,0.2,0.05,1.02,0.06,9.93,0.13,18.7,8.2,"A,1",1,52.81426,20.76808
98,HD 220339,4954,60,0.71,0.04,4.56,0.05,-0.24,0.05,0.75,0.04,9.79,0.52,52.4,7.8,"A,1",1,350.7704,-10.76424
99,HD 221504,5334,60,2.36,0.28,3.76,0.05,0.29,0.05,1.23,0.12,9.76,0.14,11.8,8.1,"A,1",1,353.21108,-21.68769
100,HD 221822,5420,60,0.76,0.04,4.57,0.05,-0.37,0.05,0.81,0.04,9.59,0.48,25.8,8.4,"A,2",1,353.84642,2.22533
101,HD 222038,5629,60,1.22,0.13,4.25,0.05,0.22,0.05,1.0,0.06,9.98,0.12,16.3,8.4,"A,2",1,354.32251,-1.51988
102,HD 222986,5859,60,1.04,0.07,4.47,0.05,0.26,0.05,1.09,0.05,9.26,0.29,14.7,8.8,"A,1",1,356.39592,40.4435
103,HD 224619,5454,60,0.84,0.06,4.49,0.05,-0.17,0.05,0.86,0.05,9.78,0.46,28.7,7.5,"A,1",1,359.86847,-20.03471
104,HD 22657,4792,60,4.91,0.68,3.11,0.05,0.07,0.05,1.14,0.2,9.86,0.26,7.8,7.8,"A,1",1,54.58527,-11.20146
105,HD 234314,5566,60,1.47,0.18,4.09,0.05,0.14,0.05,1.0,0.06,10.03,0.1,14.2,9.3,"A,1",1,248.13215,50.18425
106,HD 23825,5588,60,2.48,0.3,3.74,0.05,0.14,0.05,1.33,0.13,9.62,0.13,9.1,7.9,"A,1",1,57.0914,10.79306
107,HD 238433,4936,60,4.91,0.73,3.13,0.05,0.0,0.05,1.24,0.26,9.7,0.29,5.1,8.4,"A,1",1,228.40824,57.19163
108,HD 24238,4951,60,0.67,0.03,4.54,0.05,-0.45,0.05,0.69,0.03,9.96,0.48,47.8,7.8,"A,1",1,58.76601,61.16681
109,HD 24892,5341,60,1.63,0.17,3.96,0.05,-0.3,0.05,0.89,0.05,10.08,0.09,24.6,6.9,"A,1",1,59.11945,-25.18134
110,HD 26007,4778,60,6.5,0.97,2.81,0.05,-0.13,0.05,0.98,0.21,10.0,0.27,3.9,8.4,"A,1",1,61.54759,-23.27981
111,HD 26161,6033,60,1.47,0.16,4.15,0.05,-0.01,0.05,1.14,0.06,9.72,0.1,24.7,6.9,"A,1",1,62.4119,31.65213
112,HD 26634,4902,60,4.99,0.64,3.03,0.05,-0.14,0.05,0.96,0.16,10.02,0.22,5.9,8.0,"A,1",1,63.04665,-13.63718
113,HD 27496,5561,60,1.49,0.19,4.1,0.05,0.33,0.05,1.06,0.09,9.95,0.13,11.2,8.9,"A,1",1,65.18336,8.40899
114,HD 27859,6013,60,1.07,0.06,4.47,0.05,0.21,0.05,1.12,0.04,9.19,0.23,22.1,7.8,"A,1",1,66.11803,16.88617
115,HD 28005,5747,60,1.29,0.15,4.24,0.05,0.28,0.05,1.08,0.08,9.82,0.14,33.4,6.7,"A,1",1,66.85293,46.85315
116,HD 30708,5707,60,1.22,0.13,4.26,0.05,0.15,0.05,1.01,0.05,9.94,0.11,33.3,6.8,"A,1",1,72.87268,35.81514
117,HD 31253,6027,60,1.72,0.22,4.06,0.05,0.21,0.05,1.28,0.11,9.6,0.11,17.2,7.1,"A,1",1,73.68189,12.35219
118,HD 31423,6603,60,2.18,0.27,3.94,0.05,0.11,0.05,1.57,0.1,9.28,0.06,15.8,6.4,"A,1",1,74.03739,7.90469
119,HD 31451,4921,60,3.8,0.55,3.34,0.05,0.0,0.05,1.15,0.22,9.84,0.27,8.8,8.1,"A,1",1,74.46084,39.63238
120,HD 31560,4702,60,0.74,0.03,4.48,0.05,0.13,0.05,0.76,0.03,10.0,0.45,38.9,8.1,"A,2",1,73.92463,-28.56391
121,HD 33636,5960,60,0.99,0.06,4.49,0.05,-0.06,0.05,1.04,0.04,9.27,0.29,34.0,7.1,"A,1",1,77.94354,4.40354
122,HD 3404,5339,60,2.17,0.26,3.81,0.05,0.2,0.05,1.15,0.12,9.84,0.16,12.2,7.9,"A,1",1,9.19506,-24.50094
123,HD 3458,5101,60,6.88,0.85,2.95,0.05,0.12,0.05,1.58,0.16,9.39,0.15,1.8,8.2,"A,1",1,9.34562,-19.56503
124,HD 35112,4895,60,0.76,0.04,4.46,0.05,-0.08,0.05,0.76,0.03,10.07,0.37,50.2,7.7,"A,2",1,80.65621,2.60319
125,HD 3684,6163,60,2.28,0.28,3.9,0.05,0.33,0.05,1.55,0.1,9.38,0.09,,7.3,"A,3",1,9.92737,8.12279
126,HD 37008,4980,60,0.69,0.03,4.53,0.05,-0.42,0.05,0.7,0.03,9.99,0.44,48.7,7.7,"A,2",1,84.54942,51.44574
127,HD 37124,5604,60,0.76,0.04,4.6,0.05,-0.45,0.05,0.82,0.04,9.41,0.42,30.1,7.7,"A,2",1,84.26036,20.73079
128,HD 37213,5447,60,1.59,0.17,3.98,0.05,-0.4,0.05,0.87,0.06,10.09,0.1,12.7,8.2,"A,1",1,83.92118,-27.62083
129,HD 37394,5249,60,0.85,0.05,4.5,0.05,0.15,0.05,0.89,0.04,9.73,0.49,81.7,6.2,"A,2",1,85.33473,53.48106
130,HD 37605,5329,60,1.0,0.09,4.36,0.05,0.27,0.05,0.91,0.04,10.08,0.16,21.6,8.7,"A,1",1,85.0072,6.06058
131,HD 3795,5380,60,1.47,0.12,4.11,0.05,-0.54,0.05,0.83,0.02,10.16,0.03,39.9,6.1,"A,1",1,10.13674,-23.80487
132,HD 38467,5753,60,1.43,0.17,4.15,0.05,0.24,0.05,1.09,0.1,9.86,0.14,13.9,8.2,"A,1",1,86.164,-29.91667
133,HD 3861,6219,60,1.28,0.13,4.29,0.05,0.17,0.05,1.21,0.05,9.4,0.22,30.1,6.5,"A,1",1,10.29948,9.35506
134,HD 39094,5432,60,1.83,0.24,3.94,0.05,0.23,0.05,1.1,0.11,9.92,0.15,15.8,7.9,"A,1",1,87.99874,37.83246
135,HD 40537,4962,60,3.07,0.4,3.45,0.05,-0.09,0.05,0.91,0.17,10.12,0.22,13.6,7.3,"A,1",1,89.64767,-21.54389
136,HD 4203,5582,60,1.56,0.2,4.08,0.05,0.35,0.05,1.09,0.11,9.91,0.15,12.7,8.7,"A,1",1,11.17167,20.44893
137,HD 42807,5730,60,0.93,0.05,4.52,0.05,0.01,0.05,0.99,0.04,9.33,0.34,55.2,6.4,"A,2",1,93.30209,10.62714
138,HD 4313,4943,60,4.53,0.58,3.24,0.05,0.19,0.05,1.32,0.17,9.66,0.19,7.6,7.8,"A,1",1,11.41816,7.84502
139,HD 43162,5617,60,0.89,0.04,4.55,0.05,0.01,0.05,0.97,0.04,9.33,0.36,16.3,6.4,"A,2",1,93.43873,-23.86194
140,HD 4395,5495,60,2.69,0.3,3.61,0.05,-0.15,0.05,1.07,0.07,9.85,0.1,11.0,7.7,"A,1",1,11.55728,-11.45238
141,HD 44985,5984,60,1.09,0.1,4.36,0.05,-0.02,0.05,1.06,0.05,9.57,0.29,30.3,7.0,"A,1",1,96.33435,11.23325
142,HD 45067,5940,60,2.01,0.24,3.92,0.05,-0.01,0.05,1.22,0.11,9.68,0.12,30.2,5.9,"A,2",1,96.31894,-0.94588
143,HD 48345,4992,60,4.11,0.5,3.32,0.05,0.2,0.05,1.32,0.16,9.66,0.17,8.5,7.5,"A,2",1,100.94654,18.6559
144,HD 5133,4921,60,0.75,0.03,4.55,0.05,-0.06,0.05,0.78,0.04,9.75,0.52,71.7,7.2,"A,1",1,13.25473,-30.35691
145,HD 53927,4899,60,0.7,0.03,4.56,0.05,-0.29,0.05,0.72,0.04,9.85,0.51,43.4,8.3,"A,1",1,107.01766,29.8345
146,HD 56274,5788,60,0.79,0.05,4.56,0.05,-0.51,0.05,0.84,0.04,9.48,0.42,30.3,7.8,"A,1",1,108.96165,-13.04948
147,HD 57204,5097,60,3.15,0.41,3.52,0.05,0.21,0.05,1.23,0.15,9.76,0.17,12.0,8.0,"A,2",1,110.49956,39.96
148,HD 6030,4926,60,4.3,0.58,3.26,0.05,0.07,0.05,1.26,0.2,9.71,0.25,5.8,7.9,"A,1",1,15.4287,9.74603
149,HD 61606,4918,60,0.77,0.03,4.53,0.05,0.09,0.05,0.81,0.04,9.81,0.51,71.1,7.2,"A,1",1,114.9972,-3.59751
150,HD 61995,4989,60,3.9,0.58,3.26,0.05,-0.04,0.05,0.99,0.22,10.0,0.28,10.9,7.2,"A,1",1,115.94674,43.79465
151,HD 63754,6033,60,1.95,0.24,3.99,0.05,0.24,0.05,1.38,0.1,9.54,0.08,20.1,6.5,"A,1",1,117.4386,-20.20762
152,HD 64413,4906,60,7.8,1.11,2.69,0.05,-0.15,0.05,1.1,0.19,9.81,0.22,3.0,8.2,"A,1",1,118.46577,0.33146
153,HD 66428,5670,60,1.18,0.12,4.29,0.05,0.23,0.05,1.02,0.06,9.91,0.15,18.7,8.3,"A,1",1,120.86945,-1.16271
154,HD 68988,5866,60,1.23,0.14,4.29,0.05,0.31,0.05,1.13,0.06,9.63,0.21,16.7,8.2,"A,1",1,124.59239,61.46072
155,HD 69960,5600,60,1.58,0.2,4.06,0.05,0.28,0.05,1.08,0.1,9.93,0.14,16.0,8.0,"A,1",1,125.56709,56.83646
156,HD 72440,5599,60,2.3,0.3,3.75,0.05,-0.01,0.05,1.09,0.16,9.84,0.18,7.0,8.3,"A,1",1,128.75451,50.472
157,HD 72490,4935,60,4.03,0.54,3.21,0.05,-0.11,0.05,0.93,0.18,10.07,0.24,8.1,7.8,"A,1",1,128.40272,13.55079
158,HD 72687,5795,60,0.95,0.05,4.53,0.05,0.03,0.05,1.02,0.04,9.26,0.31,22.6,8.3,"A,1",1,128.31408,-29.95659
159,HD 72760,5293,60,0.84,0.05,4.52,0.05,0.09,0.05,0.89,0.04,9.67,0.47,47.6,7.3,"A,1",1,128.63187,-0.72607
160,HD 74390,4874,60,4.5,0.57,3.23,0.05,0.19,0.05,1.26,0.17,9.74,0.2,7.2,8.2,"A,1",1,131.3392,42.40384
161,HD 77818,4777,60,4.34,0.62,3.19,0.05,-0.01,0.05,1.07,0.19,9.95,0.26,8.5,7.6,"A,1",1,136.85892,58.87505
162,HD 80367,5073,60,0.83,0.04,4.43,0.05,0.04,0.05,0.81,0.03,10.08,0.27,35.2,8.2,"A,1",1,139.86797,0.89706
163,HD 80606,5525,60,1.13,0.11,4.31,0.05,0.29,0.05,0.98,0.05,9.98,0.15,15.3,9.0,"A,1",1,140.65657,50.60373
164,HD 8407,4923,60,4.92,0.67,3.05,0.05,-0.12,0.05,0.97,0.17,10.01,0.23,6.3,7.8,"A,1",1,20.76089,-16.56031
165,HD 84737,5872,60,1.55,0.19,4.1,0.05,0.14,0.05,1.13,0.09,9.8,0.12,54.3,5.1,"A,2",1,147.14738,46.02101
166,HD 8553,5054,60,0.8,0.04,4.48,0.05,-0.01,0.05,0.81,0.04,10.01,0.41,32.1,8.5,"A,1",1,21.22477,18.49993
167,HD 8594,4800,60,5.4,0.73,3.07,0.05,0.14,0.05,1.26,0.2,9.73,0.24,10.7,7.2,"A,2",1,21.42318,44.78654
168,HD 86081,5939,60,1.52,0.18,4.14,0.05,0.23,0.05,1.19,0.09,9.69,0.11,9.7,8.7,"A,1",1,149.02466,-3.80842
169,HD 87424,5017,60,0.76,0.03,4.56,0.05,-0.05,0.05,0.81,0.04,9.66,0.51,43.2,8.1,"A,1",1,151.15691,-11.7297
170,HD 87883,4942,60,0.78,0.04,4.5,0.05,0.13,0.05,0.81,0.04,9.92,0.48,55.3,7.5,"A,1",1,152.17975,34.24226
171,HD 88133,5392,60,2.02,0.24,3.88,0.05,0.33,0.05,1.18,0.1,9.82,0.12,13.5,8.1,"A,1",1,152.53199,18.18687
172,HD 88654,5197,60,2.94,0.37,3.59,0.05,0.19,0.05,1.24,0.15,9.73,0.16,9.9,7.7,"A,1",1,153.31845,-8.44555
173,HD 93396,5327,60,2.46,0.31,3.74,0.05,0.31,0.05,1.25,0.14,9.74,0.14,8.9,8.0,"A,2",1,161.70725,-9.39902
174,HD 95088,5103,60,2.67,0.31,3.65,0.05,0.28,0.05,1.19,0.12,9.81,0.15,9.0,8.4,"A,1",1,164.82475,43.87339
175,HD 95526,4832,60,4.25,0.65,3.2,0.05,-0.06,0.05,1.05,0.22,9.96,0.27,6.2,8.3,"A,1",1,165.53575,43.72111
176,HD 9625,4946,60,7.26,0.83,2.89,0.05,0.16,0.05,1.53,0.14,9.46,0.14,6.3,8.4,"A,1",1,23.5681,-6.27259
177,HD 96612,4862,60,0.73,0.03,4.53,0.05,-0.11,0.05,0.75,0.04,9.9,0.5,43.9,8.3,"A,1",1,167.05839,38.42663
178,KOI-1925,5410,60,0.9,0.05,4.48,0.03,0.11,0.06,0.91,0.04,9.81,0.34,14.4,9.6,"B,1",2,293.67917,46.85276
179,KOI-975,6190,60,1.84,0.14,4.0,0.03,-0.16,0.06,1.26,0.09,9.53,0.1,9.0,8.2,"B,1",1,287.36181,38.71402
180,KOI-1612,6060,60,1.19,0.08,4.29,0.03,-0.2,0.06,1.02,0.06,9.75,0.11,11.0,8.8,"B,1",2,284.78618,48.42322
181,KIC 10018963,6020,60,1.83,0.15,3.95,0.03,-0.35,0.06,1.1,0.1,9.72,0.12,7.0,8.8,"B,1",2,294.7528,46.90194
182,KIC 10068307,6114,60,2.02,0.16,3.93,0.03,-0.22,0.06,1.3,0.09,9.49,0.11,8.6,8.2,"B,1",2,288.97786,47.06118
183,KIC 10162436,6200,60,2.03,0.15,3.95,0.03,-0.08,0.06,1.36,0.09,9.48,0.09,7.2,8.7,"B,1",1,298.72575,47.14526
184,KIC 10355856,6350,60,1.64,0.12,4.08,0.03,-0.19,0.06,1.21,0.09,9.58,0.1,5.6,9.2,"B,1",1,297.55947,47.47365
185,KIC 10454113,6120,60,1.2,0.08,4.31,0.03,-0.06,0.06,1.1,0.06,9.6,0.15,8.9,8.7,"B,1",2,284.15268,47.65641
186,KIC 10516096,5940,60,1.39,0.1,4.18,0.03,-0.06,0.06,1.08,0.05,9.78,0.08,7.3,9.5,"B,1",2,282.39025,47.711
187,KIC 10644253,6030,60,1.1,0.06,4.4,0.03,0.12,0.06,1.12,0.04,9.34,0.26,10.1,9.3,"B,1",1,280.92676,47.93778
188,KIC 10709834,6508,60,1.72,0.13,4.09,0.03,-0.08,0.06,1.34,0.08,9.42,0.07,4.3,9.8,"B,1",1,281.44793,48.0825
189,KIC 11026764,5682,60,2.06,0.19,3.88,0.03,0.05,0.06,1.2,0.14,9.74,0.16,,9.7,"B,3",2,290.35262,48.51482
190,KIC 11137075,5590,60,1.63,0.12,4.01,0.03,-0.06,0.06,1.0,0.06,9.98,0.1,3.8,10.9,"B,1",1,291.62109,48.71209
191,KIC 11244118,5745,60,1.62,0.14,4.09,0.03,0.35,0.06,1.2,0.1,9.74,0.13,6.3,9.8,"B,1",1,291.83537,48.95334
192,KIC 11414712,5635,60,2.18,0.18,3.8,0.03,-0.05,0.06,1.08,0.13,9.85,0.15,7.8,8.7,"B,1",2,297.09337,49.23663
193,KIC 11717120,5150,60,2.23,0.14,3.68,0.03,-0.3,0.06,0.86,0.04,10.13,0.06,6.8,9.5,"B,1",1,294.07853,49.82415
194,KIC 12009504,6065,60,1.35,0.11,4.21,0.03,-0.09,0.06,1.1,0.07,9.71,0.09,7.0,9.3,"B,1",1,289.44083,50.48008
195,KIC 12258514,5990,60,1.55,0.11,4.11,0.03,0.04,0.06,1.14,0.07,9.75,0.1,12.1,8.2,"B,1",2,291.59204,50.98731
196,KIC 1435467,6264,60,1.69,0.13,4.09,0.03,-0.01,0.06,1.3,0.08,9.51,0.09,5.6,9.0,"B,1",1,292.08265,37.05982
197,KIC 3427720,6040,60,1.1,0.07,4.38,0.03,-0.03,0.06,1.08,0.05,9.5,0.25,10.5,9.2,"B,1",1,286.43859,38.52293
198,KIC 3656476,5710,60,1.32,0.1,4.23,0.03,0.34,0.06,1.1,0.08,9.81,0.14,8.6,9.6,"B,1",1,294.20339,38.71577
199,KIC 4914923,5905,60,1.37,0.1,4.21,0.03,0.17,0.06,1.12,0.07,9.76,0.11,7.3,9.5,"B,1",2,289.14543,40.04732
200,KIC 5021689,6168,60,1.81,0.14,4.02,0.03,-0.08,0.06,1.28,0.09,9.54,0.1,,,"B,3",2,294.71969,40.15378
201,KIC 5184732,5840,60,1.31,0.1,4.26,0.03,0.38,0.06,1.16,0.06,9.65,0.13,14.2,8.3,"B,1",2,291.12645,40.32324
202,KIC 5596656,5094,60,3.32,0.27,3.35,0.03,-0.46,0.06,0.9,0.08,10.07,0.14,3.0,9.8,"B,1",1,282.82013,40.85394
203,KIC 5773345,6130,60,1.94,0.15,4.0,0.03,0.21,0.06,1.39,0.09,9.51,0.08,5.2,9.3,"B,1",1,285.4377,41.08058
204,KIC 5955122,5837,60,2.09,0.15,3.87,0.03,-0.17,0.06,1.18,0.08,9.65,0.12,5.2,9.4,"B,1",1,290.12227,41.29125
205,KIC 6106415,5990,60,1.17,0.08,4.31,0.03,-0.09,0.06,1.04,0.06,9.73,0.11,24.1,7.2,"B,1",2,285.41533,41.49009
206,KIC 6116048,5935,60,1.17,0.08,4.28,0.03,-0.24,0.06,0.96,0.05,9.87,0.09,13.3,8.5,"B,1",2,289.44315,41.41023
207,KIC 6225718,6230,60,1.19,0.07,4.32,0.03,-0.17,0.06,1.09,0.06,9.56,0.16,19.1,7.5,"B,1",3,297.32558,41.58246
208,KIC 6442183,5760,60,1.65,0.11,4.03,0.03,-0.11,0.06,1.07,0.05,9.81,0.1,10.9,8.6,"B,1",1,291.58045,41.8702
209,KIC 6603624,5625,60,1.15,0.08,4.32,0.03,0.28,0.06,1.01,0.06,9.9,0.14,12.0,9.2,"B,1",1,291.04664,42.0527
210,KIC 6933899,5860,60,1.55,0.11,4.09,0.03,0.02,0.06,1.09,0.06,9.85,0.09,7.0,9.8,"B,1",1,286.74305,42.43561
211,KIC 7206837,6304,60,1.54,0.11,4.17,0.03,0.14,0.06,1.29,0.05,9.48,0.07,4.8,9.8,"B,1",1,293.76557,42.73798
212,KIC 7680114,5855,60,1.39,0.1,4.18,0.03,0.11,0.06,1.08,0.07,9.85,0.11,5.9,10.2,"B,1",1,290.98505,43.31459
213,KIC 7747078,5840,60,1.99,0.15,3.91,0.03,-0.26,0.06,1.17,0.1,9.63,0.12,5.4,9.5,"B,1",1,289.72556,43.4963
214,KIC 7799349,5115,60,2.67,0.21,3.67,0.03,0.41,0.06,1.22,0.12,9.78,0.14,5.3,9.7,"B,1",1,281.05338,43.53399
215,KIC 7871531,5400,60,0.84,0.05,4.49,0.03,-0.24,0.06,0.82,0.05,9.96,0.22,15.2,9.4,"B,1",1,282.915,43.63602
216,KIC 7940546,6264,60,1.85,0.15,3.99,0.03,-0.19,0.06,1.24,0.1,9.55,0.1,11.1,7.4,"B,1",1,283.06875,43.70991
217,KIC 7970740,5290,60,0.72,0.03,4.58,0.03,-0.49,0.06,0.74,0.04,9.83,0.48,36.6,8.0,"B,1",2,295.44019,43.7477
218,KIC 7976303,6053,60,1.95,0.16,3.87,0.03,-0.53,0.06,1.03,0.09,9.81,0.13,6.4,9.2,"B,1",1,297.05955,43.74693
219,KIC 8006161,5390,60,0.92,0.04,4.49,0.03,0.34,0.06,0.97,0.04,9.56,0.39,36.8,7.5,"B,1",2,281.14633,43.83327
220,KIC 8179536,6344,60,1.33,0.09,4.27,0.03,0.01,0.06,1.22,0.05,9.41,0.14,7.1,9.5,"B,1",2,296.34985,44.07663
221,KIC 8228742,6042,60,1.77,0.13,4.02,0.03,-0.14,0.06,1.19,0.07,9.63,0.1,5.6,9.5,"B,1",1,290.19975,44.15521
222,KIC 8394589,6114,60,1.12,0.07,4.32,0.03,-0.36,0.06,0.97,0.05,9.79,0.11,7.8,9.6,"B,1",1,300.46427,44.35393
223,KIC 8524425,5634,60,1.8,0.16,3.98,0.03,0.14,0.06,1.13,0.11,9.85,0.14,5.6,9.9,"B,1",2,300.63884,44.53305
224,KIC 8561221,5245,60,2.56,0.27,3.61,0.03,-0.06,0.06,0.96,0.18,10.04,0.24,3.5,10.1,"B,1",1,292.28517,44.64124
225,KIC 8694723,6120,60,1.42,0.1,4.1,0.03,-0.59,0.06,0.93,0.04,9.93,0.06,8.2,8.9,"B,1",1,293.96072,44.88056
226,KIC 8702606,5540,60,2.24,0.18,3.76,0.03,-0.09,0.06,1.05,0.12,9.9,0.14,5.4,9.5,"B,1",1,296.57436,44.82767
227,KIC 8751420,5264,60,2.27,0.16,3.7,0.03,-0.15,0.06,0.94,0.06,10.07,0.1,17.2,7.0,"B,1",2,291.01408,44.93354
228,KIC 8938364,5630,60,1.33,0.1,4.16,0.03,-0.2,0.06,0.94,0.06,9.97,0.1,6.2,10.2,"B,1",1,285.54124,45.2776
229,KIC 9098294,5840,60,1.14,0.08,4.3,0.03,-0.13,0.06,0.98,0.05,9.87,0.09,8.0,9.9,"B,1",2,295.08838,45.48916
230,KIC 9139151,6125,60,1.14,0.06,4.38,0.03,0.11,0.06,1.15,0.04,9.29,0.24,9.6,9.3,"B,1",1,284.0886,45.51479
231,KIC 9139163,6400,60,1.53,0.11,4.18,0.03,0.15,0.06,1.32,0.05,9.41,0.08,9.6,8.3,"B,1",2,284.09219,45.50704
232,KIC 9206432,6608,60,1.49,0.09,4.23,0.03,0.23,0.06,1.39,0.06,9.16,0.13,6.6,9.1,"B,1",1,285.93806,45.60839
233,HIP 10337,4051,239,0.694,0.072,4.67,0.06,0.12,0.1,0.65,0.07,9.6,0.53,42.6,9.8,"C,1",0,33.30069,-21.19645
234,HIP 105341,4033,242,0.673,0.063,4.67,0.05,-0.05,0.1,0.64,0.07,9.64,0.52,63.2,9.1,"C,1",0,320.05759,-19.85228
235,HIP 114156,4146,209,0.66,0.051,4.67,0.05,-0.02,0.1,0.65,0.06,9.59,0.52,45.1,9.6,"C,1",0,346.77941,-23.15945
236,HIP 118261,4615,214,0.715,0.051,4.62,0.05,-0.04,0.1,0.74,0.06,9.58,0.52,44.0,8.7,"C,1",0,359.80708,-26.04875
237,HIP 12493,4276,193,0.662,0.047,4.68,0.04,-0.29,0.1,0.64,0.06,9.6,0.52,41.9,9.5,"C,1",0,40.17864,1.19868
238,HIP 15095,4227,199,0.653,0.047,4.67,0.04,-0.21,0.1,0.64,0.06,9.61,0.52,54.0,9.1,"C,1",0,48.68593,-26.44625
239,HIP 1532,4039,241,0.594,0.055,4.71,0.06,-0.37,0.1,0.58,0.06,9.6,0.53,49.3,9.9,"C,1",0,4.77318,-9.96485
240,HIP 19165,4298,200,0.659,0.047,4.68,0.04,-0.22,0.1,0.65,0.06,9.56,0.52,38.7,9.7,"C,1",0,61.64517,-20.85312
241,HIP 25220,4505,179,0.702,0.042,4.63,0.04,0.05,0.1,0.73,0.06,9.58,0.52,68.5,7.9,"C,1",0,80.90991,17.32412
242,HIP 36551,4395,193,0.669,0.046,4.66,0.04,-0.3,0.1,0.66,0.06,9.63,0.52,48.5,8.9,"C,1",0,112.78213,14.61414
243,HIP 40375,4334,209,0.711,0.052,4.65,0.04,0.03,0.1,0.7,0.06,9.55,0.52,52.0,8.8,"C,1",0,123.64964,13.02283
244,HIP 40910,4159,228,0.633,0.053,4.67,0.05,-0.06,0.1,0.64,0.06,9.6,0.52,44.4,9.7,"C,1",0,125.23054,14.07133
245,HIP 45839,4426,198,0.714,0.05,4.63,0.04,0.05,0.1,0.72,0.06,9.61,0.52,41.8,9.1,"C,1",0,140.18465,-5.75397
246,HIP 47201,4207,212,0.696,0.054,4.66,0.05,0.03,0.1,0.67,0.06,9.63,0.52,44.5,9.4,"C,1",0,144.29725,22.69414
247,HIP 48411,4357,199,0.742,0.072,4.63,0.04,0.2,0.1,0.72,0.07,9.62,0.52,47.7,8.8,"C,2",0,148.04734,3.22184
248,HIP 4845,3967,301,0.632,0.073,4.72,0.12,-0.19,0.1,0.59,0.09,9.62,0.52,46.7,10.0,"C,1",0,15.58806,-10.42386
249,HIP 54810,4395,185,0.681,0.044,4.64,0.04,0.03,0.1,0.7,0.06,9.58,0.52,54.2,8.6,"C,1",0,168.30514,4.48234
250,HIP 5663,4186,222,0.672,0.055,4.67,0.05,-0.05,0.1,0.66,0.06,9.58,0.52,44.0,9.5,"C,1",0,18.19221,-25.23558
251,HIP 66222,3904,266,0.667,0.087,4.7,0.07,-0.11,0.1,0.59,0.08,9.62,0.52,48.8,9.9,"C,2",0,203.58959,4.6674
252,HIP 93871,4449,177,0.681,0.043,4.67,0.04,-0.47,0.1,0.65,0.05,9.67,0.52,40.8,9.2,"C,1",0,286.7585,7.61588
253,HIP 97051,4200,248,0.631,0.057,4.7,0.07,-0.19,0.1,0.62,0.07,9.59,0.52,38.5,10.0,"C,1",0,295.85557,10.08951
254,HD 111631,3989,60,0.646,0.02,4.66,0.05,0.24,0.08,0.7,0.07,9.79,0.51,93.7,8.5,"D,1",1,192.68153,-0.76813
255,HD 1326B,3218,60,0.192,0.008,5.07,0.05,-0.3,0.08,0.16,0.02,9.64,0.53,,11.0,"D,3",0,4.60624,44.02712
256,HD 157881,4124,60,0.649,0.02,4.66,0.05,0.19,0.08,0.71,0.07,9.65,0.52,129.3,7.6,"D,1",1,261.43847,2.11142
257,HD 165222,3614,60,0.459,0.016,4.79,0.05,-0.22,0.08,0.47,0.05,9.7,0.52,128.3,9.4,"D,2",1,271.28158,-3.03132
258,HD 180617,3558,60,0.474,0.016,4.76,0.05,0.1,0.08,0.47,0.05,9.7,0.52,169.4,9.1,"D,1",1,289.23024,5.1689
259,HD 209290,3848,60,0.546,0.019,4.74,0.05,0.02,0.08,0.59,0.06,9.56,0.52,94.2,9.1,"D,1",1,330.54281,1.40023
260,HD 232979,3929,60,0.608,0.02,4.68,0.05,-0.11,0.08,0.65,0.07,9.78,0.51,101.2,8.9,"D,1",1,69.42054,52.89361
261,HD 245409,3966,60,0.601,0.02,4.69,0.05,0.05,0.08,0.65,0.07,9.66,0.52,87.7,8.9,"D,1",1,84.12913,11.32787
262,HD 265866,3448,60,0.358,0.013,4.88,0.05,-0.02,0.08,0.35,0.04,9.66,0.52,180.3,10.1,"D,1",1,103.70399,33.26818
263,HD 28343,4124,62,0.687,0.023,4.64,0.05,0.39,0.08,0.74,0.07,9.77,0.51,89.0,8.3,"D,1",1,67.25052,21.9227
264,GJ 628,3272,60,0.325,0.012,4.88,0.05,-0.03,0.08,0.29,0.03,9.85,0.48,232.3,10.1,"D,1",1,247.57524,-12.66259
265,GL 105B,3284,60,0.278,0.01,4.94,0.05,-0.12,0.03,0.25,0.03,9.85,0.51,,11.7,"D,3",1,39.06399,6.87198
266,GL 109,3405,60,0.364,0.014,4.85,0.05,-0.1,0.08,0.34,0.03,9.72,0.51,132.4,10.6,"D,2",1,41.06462,25.52336
267,GL 2066,3500,60,0.461,0.017,4.77,0.05,-0.12,0.08,0.45,0.04,9.78,0.51,112.0,10.1,"D,1",1,124.03326,1.30257
268,GL 239,3801,60,0.423,0.015,4.86,0.05,-0.34,0.08,0.47,0.05,9.49,0.52,99.5,9.6,"D,1",1,99.295,17.56482
269,GL 250B,3481,60,0.46,0.017,4.76,0.05,0.14,0.03,0.44,0.04,9.69,0.52,,10.1,"D,3",1,103.07521,-5.19006
270,GL 273,3317,60,0.315,0.012,4.89,0.05,-0.11,0.08,0.28,0.03,9.85,0.49,263.3,9.9,"D,2",1,111.85208,5.22579
271,GL 382,3623,60,0.522,0.019,4.72,0.05,0.13,0.08,0.53,0.05,9.75,0.52,128.0,9.3,"D,2",1,153.07362,-3.74567
272,GL 393,3548,60,0.42,0.016,4.82,0.05,-0.18,0.08,0.43,0.04,9.66,0.52,138.3,9.7,"D,2",1,157.23146,0.84101
273,GL 514,3727,61,0.483,0.016,4.79,0.05,-0.09,0.08,0.53,0.05,9.54,0.52,131.1,9.0,"D,2",1,202.49911,10.37716
274,GL 625,3475,60,0.331,0.012,4.9,0.05,-0.35,0.08,0.32,0.03,9.75,0.51,154.1,10.2,"D,1",1,246.3526,54.3041
275,GL 686,3657,60,0.424,0.015,4.83,0.05,-0.25,0.08,0.44,0.04,9.63,0.53,123.0,9.6,"D,2",1,264.47228,18.59171
276,GL 694,3464,61,0.44,0.017,4.79,0.05,0.0,0.08,0.43,0.04,9.72,0.52,105.4,10.5,"D,2",1,265.98318,43.37861
277,GL 745A,3500,60,0.31,0.012,4.93,0.05,-0.33,0.08,0.3,0.03,9.75,0.52,113.4,10.8,"D,1",1,286.77319,20.88804
278,GL 806,3542,61,0.443,0.018,4.78,0.05,-0.15,0.08,0.43,0.04,9.72,0.52,83.0,10.7,"D,1",1,311.26708,44.49907
279,GL 83.1,3080,60,0.187,0.01,5.05,0.05,-0.16,0.08,0.14,0.01,9.68,0.53,,12.3,"D,3",1,30.054,13.05195
280,GL 87,3638,62,0.443,0.017,4.79,0.05,-0.36,0.08,0.44,0.04,9.74,0.52,94.8,10.0,"D,1",1,33.08745,3.57562
281,GL 875,3740,61,0.563,0.024,4.7,0.05,0.02,0.08,0.58,0.06,9.77,0.51,71.4,9.8,"D,2",1,342.58093,-7.0901
282,GL 896A,3353,60,0.409,0.016,4.79,0.05,0.03,0.08,0.38,0.04,9.76,0.51,,10.2,"D,3",1,352.96738,19.93729
283,GL 908,3646,60,0.407,0.014,4.83,0.05,-0.45,0.08,0.41,0.04,9.72,0.52,169.1,9.0,"D,1",1,357.30219,2.40122
284,HIP 104432,3545,60,0.369,0.016,4.86,0.05,-0.45,0.08,0.36,0.04,9.7,0.52,84.9,10.9,"D,1",1,317.32261,-13.3025
285,HIP 109388,3530,60,0.47,0.018,4.78,0.05,0.37,0.08,0.48,0.05,9.65,0.52,113.2,10.4,"D,1",1,332.4181,-4.64074
286,HIP 11048,3785,62,0.599,0.021,4.67,0.05,0.14,0.08,0.61,0.06,9.85,0.49,83.9,9.3,"D,2",1,35.56101,47.88003
287,HIP 115332,3324,60,0.416,0.02,4.79,0.05,0.24,0.08,0.39,0.04,9.68,0.52,93.5,11.7,"D,2",1,350.40604,17.29039
288,HIP 115562,3764,60,0.539,0.02,4.74,0.05,0.31,0.08,0.58,0.06,9.55,0.52,75.8,10.1,"D,1",1,351.12714,57.85431
289,HIP 15366,3700,61,0.628,0.031,4.65,0.05,0.53,0.08,0.64,0.06,9.76,0.51,57.8,10.3,"D,2",1,49.53117,38.25207
290,HIP 1734,3600,60,0.528,0.028,4.73,0.05,0.27,0.08,0.55,0.06,9.69,0.52,55.2,11.1,"D,1",1,5.48352,-31.40606
291,HIP 21556,3671,61,0.444,0.017,4.82,0.05,-0.04,0.08,0.47,0.05,9.55,0.52,89.5,10.3,"D,1",1,69.42444,-11.03888
292,HIP 22762,3506,60,0.421,0.019,4.81,0.05,-0.24,0.08,0.41,0.04,9.75,0.51,83.7,10.9,"D,1",1,73.45825,-17.77342
293,HIP 23512,3365,60,0.284,0.013,4.95,0.05,-0.12,0.08,0.26,0.03,9.75,0.52,107.9,11.7,"D,1",1,75.83369,-17.37354
294,HIP 36338,3448,60,0.404,0.019,4.82,0.05,-0.01,0.08,0.4,0.04,9.69,0.51,79.7,11.5,"D,2",1,112.18933,-3.29815
295,HIP 36834,3681,60,0.385,0.016,4.87,0.05,-0.37,0.08,0.4,0.04,9.62,0.52,85.2,10.4,"D,1",1,113.6143,62.94149
296,HIP 37217,3358,60,0.315,0.016,4.9,0.05,-0.18,0.08,0.29,0.03,9.81,0.51,92.2,11.7,"D,2",1,114.67065,-21.22458
297,HIP 46769,3692,60,0.518,0.021,4.74,0.05,-0.2,0.08,0.53,0.05,9.72,0.52,73.6,10.1,"D,1",1,142.98472,36.32023
298,HIP 47513,3500,60,0.485,0.019,4.74,0.05,-0.05,0.08,0.47,0.05,9.83,0.49,86.2,10.4,"D,1",1,145.29317,13.20956
299,HIP 51007,3700,60,0.497,0.02,4.76,0.05,-0.02,0.08,0.52,0.05,9.63,0.53,78.3,10.1,"D,1",1,156.29515,-10.22869
300,HIP 5643,3056,60,0.168,0.009,5.1,0.05,-0.26,0.08,0.13,0.01,9.61,0.52,269.1,12.1,"D,2",1,18.12766,-16.99898
301,HIP 57050,3304,61,0.376,0.018,4.81,0.05,0.07,0.08,0.34,0.03,9.78,0.51,90.9,12.0,"D,1",1,175.43597,42.75197
302,HIP 57548,3192,60,0.197,0.008,5.08,0.05,-0.02,0.08,0.17,0.02,9.62,0.53,295.8,11.2,"D,1",1,176.93499,0.80455
303,HIP 59748,3900,61,0.669,0.038,4.63,0.06,0.14,0.08,0.7,0.07,9.84,0.51,43.8,10.5,"D,1",1,183.78685,48.73257
304,HIP 60093,3993,60,0.643,0.037,4.67,0.06,0.46,0.08,0.7,0.07,9.58,0.52,42.2,10.6,"D,1",1,184.85038,28.38237
305,HIP 61706,3463,60,0.466,0.025,4.77,0.06,0.26,0.08,0.47,0.05,9.64,0.53,65.0,11.5,"D,2",1,189.7185,11.69616
306,HIP 65016,3650,60,0.598,0.025,4.66,0.05,0.4,0.08,0.6,0.06,9.87,0.5,58.9,10.6,"D,1",1,199.91719,33.34653
307,HIP 71253,3211,60,0.31,0.013,4.89,0.05,0.17,0.08,0.27,0.03,9.89,0.49,159.1,11.3,"D,1",1,218.57005,-12.51955
308,HIP 8051,3458,60,0.414,0.017,4.81,0.05,-0.13,0.08,0.4,0.04,9.76,0.51,89.2,10.9,"D,1",1,25.83408,4.32166
309,HIP 91699,3400,61,0.394,0.019,4.81,0.05,-0.16,0.08,0.37,0.04,9.75,0.51,92.8,11.3,"D,1",1,280.49598,31.83049
310,HD 101501,5309,27,0.94,0.01,4.42,0.02,-0.03,0.1,0.84,0.03,10.14,0.05,104.8,5.3,"E,2",1,175.26257,34.20163
311,HD 10476,5242,12,0.81,0.004,4.57,0.02,-0.02,0.1,0.88,0.04,9.51,0.42,133.9,5.2,"E,2",1,25.62401,20.2685
312,HD 10697,5442,65,1.915,0.052,3.91,0.05,0.12,0.1,1.09,0.1,9.92,0.12,30.7,6.3,"E,2",1,26.2326,20.08315
313,HD 10700,5290,39,0.815,0.012,4.5,0.03,-0.48,0.1,0.76,0.04,10.09,0.16,274.2,3.5,"E,2",1,26.01701,-15.93748
314,HD 107383,4705,24,15.781,0.344,2.15,0.04,-0.3,0.1,1.29,0.1,9.56,0.09,9.0,4.7,"E,2",0,185.17928,17.79287
315,HD 10780,5398,75,0.819,0.024,4.56,0.03,0.03,0.1,0.9,0.04,9.36,0.39,100.2,5.6,"E,2",1,26.93681,63.8525
316,HD 115617,5538,13,0.987,0.005,4.41,0.02,0.01,0.1,0.92,0.04,9.97,0.07,117.3,4.7,"E,2",1,199.60131,-18.3112
317,HD 117176,5406,64,1.968,0.047,3.84,0.05,-0.06,0.1,0.97,0.1,10.02,0.13,54.7,5.0,"E,1",1,202.10754,13.77879
318,HD 11964A,5013,62,2.143,0.069,3.77,0.05,0.14,0.1,0.99,0.07,10.09,0.1,29.4,6.4,"E,2",1,29.29003,-10.24243
319,HD 119850,3618,31,0.484,0.008,4.78,0.02,-0.3,0.1,0.5,0.02,9.84,0.49,184.1,8.5,"E,2",1,206.4324,14.89152
320,HD 120136,6620,67,1.331,0.027,4.3,0.02,0.24,0.1,1.31,0.03,9.07,0.11,64.1,4.5,"E,2",0,206.8156,17.4569
321,HD 126660,6211,19,1.734,0.011,4.08,0.02,-0.02,0.1,1.31,0.05,9.53,0.06,68.6,4.0,"E,2",0,216.29915,51.85074
322,HD 130948,5787,57,1.112,0.023,4.35,0.04,-0.05,0.1,0.99,0.05,9.86,0.13,55.7,5.9,"E,2",1,222.56588,23.91184
323,HD 131156,5483,32,0.863,0.011,4.53,0.03,-0.14,0.1,0.91,0.05,9.62,0.4,149.3,4.6,"E,2",1,222.84742,19.10047
324,HD 1326,3567,11,0.386,0.002,4.87,0.01,-0.36,0.1,0.4,0.01,9.66,0.52,280.7,8.1,"E,1",1,4.59536,44.02296
325,HD 136202,5661,87,2.143,0.067,3.83,0.06,-0.04,0.1,1.11,0.13,9.82,0.16,40.5,5.1,"E,2",1,229.82832,1.76541
326,HD 143761,5627,54,1.362,0.026,4.15,0.03,-0.22,0.1,0.96,0.06,9.96,0.1,57.4,5.4,"E,2",1,240.26109,33.30351
327,HD 145675,5518,102,0.867,0.032,4.53,0.03,0.44,0.1,0.98,0.04,9.27,0.36,55.9,6.7,"E,1",1,242.60131,43.81764
328,HD 1461,5386,60,1.244,0.03,4.22,0.04,0.16,0.1,0.93,0.03,10.15,0.05,42.7,6.5,"E,2",1,4.67445,-8.053
329,HD 149661,5337,41,0.759,0.012,4.59,0.01,0.04,0.1,0.85,0.03,9.22,0.29,102.3,5.8,"E,2",0,249.08937,-2.32459
330,HD 157214,5738,48,1.116,0.019,4.29,0.04,-0.37,0.1,0.87,0.06,10.04,0.11,69.5,5.4,"E,2",1,260.16486,32.46769
331,HD 158633,5203,46,0.789,0.014,4.54,0.04,-0.41,0.1,0.77,0.05,10.03,0.33,78.3,6.4,"E,1",1,261.25041,67.30671
332,HD 16160,4662,17,0.795,0.006,4.54,0.01,-0.08,0.1,0.77,0.01,10.16,0.04,138.7,5.8,"E,2",0,39.02039,6.88687
333,HD 161797,5502,55,1.745,0.035,3.99,0.03,0.23,0.1,1.08,0.05,9.93,0.07,119.0,3.4,"E,2",1,266.61469,27.72068
334,HD 164259,6454,113,1.961,0.071,4.01,0.04,-0.03,0.1,1.43,0.07,9.4,0.08,43.1,4.6,"E,2",0,270.12088,-3.69027
335,HD 166,5327,39,0.917,0.009,4.45,0.03,0.08,0.1,0.87,0.04,10.05,0.13,72.6,6.1,"E,1",1,1.65327,29.0215
336,HD 16765,6356,46,1.208,0.029,4.35,0.04,-0.15,0.1,1.17,0.06,9.32,0.25,46.2,5.7,"E,2",0,40.30832,-0.69566
337,HD 168151,6221,39,1.758,0.022,4.03,0.04,-0.28,0.1,1.19,0.1,9.6,0.11,42.6,5.0,"E,2",1,273.47431,64.39729
338,HD 16895,6153,25,1.319,0.011,4.26,0.02,0.0,0.1,1.16,0.05,9.59,0.09,89.0,4.1,"E,2",1,41.04995,49.22845
339,HD 173667,6296,19,2.064,0.017,3.96,0.01,-0.03,0.1,1.43,0.04,9.44,0.03,52.4,4.2,"E,2",1,281.41552,20.54631
340,HD 173701,5297,53,0.952,0.021,4.43,0.04,0.24,0.1,0.88,0.05,10.06,0.18,36.8,7.5,"E,1",2,281.14633,43.83327
341,HD 173739,3407,15,0.356,0.004,4.9,0.01,-0.49,0.1,0.36,0.01,9.83,0.48,283.5,8.9,"E,1",1,280.6946,59.63038
342,HD 173740,3104,28,0.323,0.006,4.92,0.01,-0.36,0.1,0.3,0.01,10.01,0.36,286.4,9.7,"E,1",1,280.6954,59.62688
343,HD 177153,5909,69,1.289,0.037,4.25,0.04,-0.06,0.1,1.06,0.05,9.8,0.1,24.1,7.2,"E,1",2,285.41533,41.49009
344,HD 181420,6283,106,1.73,0.084,4.09,0.06,-0.03,0.1,1.31,0.09,9.5,0.12,20.0,6.5,"E,1",0,290.1128,-1.30976
345,HD 182572,5643,84,1.379,0.042,4.19,0.05,0.34,0.1,1.06,0.09,9.92,0.17,66.0,5.2,"E,2",1,291.2425,11.94441
346,HD 182736,5239,37,2.703,0.071,3.57,0.08,-0.06,0.1,0.97,0.17,10.02,0.22,17.2,7.0,"E,1",2,291.01408,44.93354
347,HD 185144,5246,26,0.778,0.008,4.58,0.03,-0.19,0.1,0.84,0.05,9.51,0.43,173.6,4.7,"E,1",1,293.08996,69.66118
348,HD 186408,5760,57,1.255,0.026,4.25,0.03,0.05,0.1,1.02,0.05,9.92,0.1,47.0,6.0,"E,1",1,295.45397,50.52506
349,HD 186427,5678,66,1.169,0.027,4.3,0.04,0.04,0.1,0.97,0.05,9.97,0.11,47.1,6.2,"E,1",1,295.46655,50.51752
350,HD 187637,6155,85,1.306,0.047,4.27,0.06,-0.09,0.1,1.13,0.07,9.61,0.17,19.1,7.5,"E,1",3,297.32558,41.58246
351,HD 188512,4920,102,3.21,0.133,3.39,0.09,-0.14,0.1,0.92,0.15,10.11,0.17,73.0,3.7,"E,2",1,298.8283,6.40676
352,HD 190360,5461,75,1.2,0.033,4.26,0.04,0.21,0.1,0.94,0.05,10.11,0.09,62.4,5.7,"E,1",1,300.90586,29.8968
353,HD 190406,5763,49,1.115,0.021,4.34,0.03,0.03,0.1,1.0,0.04,9.87,0.11,58.0,5.8,"E,1",1,301.02594,17.07016
354,HD 19373,5832,33,1.415,0.015,4.17,0.02,0.08,0.1,1.07,0.05,9.88,0.09,94.9,4.0,"E,2",1,47.26675,49.61328
355,HD 195564,5421,118,1.867,0.083,3.91,0.07,0.06,0.1,1.03,0.11,9.98,0.15,41.3,5.7,"E,2",1,308.09873,-9.85338
356,HD 199305,3692,22,0.547,0.007,4.72,0.01,-0.21,0.1,0.54,0.01,10.09,0.21,142.2,8.6,"E,1",1,313.33245,62.15439
357,HD 19994,5916,98,1.93,0.067,3.99,0.05,0.17,0.1,1.3,0.1,9.62,0.11,44.7,5.1,"E,2",1,48.19349,-1.1961
358,HD 201091,4361,17,0.661,0.005,4.63,0.02,-0.19,0.1,0.68,0.03,9.9,0.46,287.1,5.2,"E,2",0,316.7248,38.74944
359,HD 201092,3932,25,0.601,0.007,4.67,0.01,-0.29,0.1,0.6,0.01,10.09,0.21,285.4,6.0,"E,2",1,316.73027,38.74206
360,HD 206860,5860,83,1.019,0.029,4.43,0.05,-0.16,0.1,1.0,0.08,9.64,0.37,54.4,6.0,"E,2",0,326.13054,14.77194
361,HD 21019,5261,65,2.421,0.076,3.64,0.05,-0.41,0.1,0.93,0.07,10.01,0.11,27.1,6.2,"E,2",1,50.82375,-7.7941
362,HD 210702,4780,18,5.231,0.117,3.05,0.09,0.03,0.1,1.12,0.21,9.86,0.27,17.9,5.9,"E,2",1,332.96388,16.04055
363,HD 216899,3713,11,0.548,0.005,4.72,0.01,0.06,0.1,0.56,0.01,9.99,0.39,146.0,8.6,"E,1",1,344.14502,16.55343
364,HD 217014,5706,95,1.168,0.042,4.32,0.06,0.17,0.1,1.01,0.07,9.89,0.21,65.1,5.5,"E,2",1,344.36658,20.76883
365,HD 217107,5391,40,1.21,0.019,4.25,0.03,0.31,0.1,0.94,0.03,10.13,0.06,50.0,6.2,"E,1",1,344.56475,-2.39538
366,HD 217987,3676,35,0.471,0.009,4.79,0.02,-0.19,0.1,0.49,0.02,9.66,0.53,303.9,7.3,"E,2",1,346.46682,-35.85307
367,HD 219134,4699,16,0.778,0.005,4.55,0.01,0.07,0.1,0.77,0.02,10.12,0.11,153.2,5.6,"E,2",0,348.32073,57.16836
368,HD 219623,6285,94,1.195,0.036,4.36,0.04,0.04,0.1,1.18,0.06,9.25,0.25,49.3,5.6,"E,2",1,349.17626,53.21347
369,HD 222368,6192,26,1.595,0.014,4.12,0.02,-0.14,0.1,1.22,0.06,9.6,0.07,72.5,4.1,"E,2",0,354.98767,5.62629
370,HD 22484,5998,39,1.622,0.024,4.08,0.02,-0.09,0.1,1.15,0.04,9.71,0.09,72.9,4.3,"E,2",0,54.21826,0.40166
371,HD 23249,4955,30,2.327,0.029,3.7,0.03,0.12,0.1,0.98,0.06,10.1,0.09,110.6,3.5,"E,2",1,55.81209,-9.76339
372,HD 26965,5147,14,0.805,0.004,4.52,0.03,-0.24,0.1,0.79,0.05,10.04,0.18,198.2,4.4,"E,2",1,63.818,-7.65287
373,HD 30652,6441,19,1.322,0.01,4.29,0.02,0.0,0.1,1.25,0.05,9.28,0.15,124.6,3.2,"E,2",1,72.46005,6.96127
374,HD 34411,5774,44,1.331,0.021,4.2,0.03,0.05,0.1,1.03,0.04,9.92,0.08,79.1,4.7,"E,2",1,79.78531,40.09905
375,HD 36395,3801,9,0.574,0.004,4.7,0.01,0.35,0.1,0.6,0.01,9.76,0.49,177.1,8.0,"E,1",1,82.86415,-3.67723
376,HD 3651,5046,86,0.947,0.032,4.46,0.04,0.15,0.1,0.85,0.04,10.12,0.13,90.0,5.9,"E,2",0,9.84086,21.25047
377,HD 38858,5646,45,0.933,0.016,4.46,0.04,-0.22,0.1,0.91,0.07,9.81,0.28,65.6,6.0,"E,1",1,87.14558,-4.09465
378,HD 39587,5898,25,0.979,0.009,4.47,0.02,-0.04,0.1,1.04,0.04,9.27,0.28,115.4,4.4,"E,2",1,88.59576,20.27617
379,HD 4628,4950,14,0.695,0.004,4.63,0.02,-0.22,0.1,0.75,0.03,9.41,0.44,134.0,5.7,"E,2",1,12.09574,5.28061
380,HD 48737,6478,21,2.71,0.021,3.8,0.01,0.14,0.1,1.7,0.04,9.23,0.03,57.0,3.4,"E,2",0,101.32235,12.89559
381,HD 49933,6635,90,1.42,0.04,4.21,0.05,-0.39,0.1,1.18,0.09,9.49,0.16,33.8,5.8,"E,1",1,102.70763,-0.54088
382,HD 58946,6738,55,1.655,0.028,4.12,0.03,-0.25,0.1,1.32,0.09,9.39,0.11,54.1,4.2,"E,2",0,112.278,31.78455
383,HD 6210,6089,35,4.517,0.152,3.37,0.05,-0.01,0.1,1.7,0.15,9.21,0.07,12.8,5.8,"E,1",0,16.08105,61.58018
384,HD 69897,6130,58,1.387,0.028,4.19,0.04,-0.26,0.1,1.07,0.08,9.73,0.12,55.2,5.1,"E,2",1,125.01609,27.21771
385,HD 75732,5172,18,0.943,0.01,4.43,0.02,0.35,0.1,0.88,0.02,10.1,0.09,79.8,6.0,"E,2",1,133.14921,28.33082
386,HD 79210,3907,35,0.577,0.013,4.7,0.02,-0.18,0.1,0.58,0.02,9.85,0.51,161.6,7.6,"E,2",1,138.59496,52.68659
387,HD 7924,5075,83,0.782,0.026,4.58,0.04,-0.14,0.1,0.81,0.06,9.71,0.52,58.8,7.2,"E,1",1,20.49631,76.71029
388,HD 82885,5376,43,1.003,0.016,4.4,0.03,0.32,0.1,0.92,0.05,10.04,0.15,89.5,5.3,"E,2",1,143.9146,35.81014
389,HD 86728,5619,44,1.247,0.021,4.24,0.03,0.19,0.1,0.98,0.06,10.03,0.11,67.1,5.4,"E,2",1,150.25274,31.92367
390,HD 88230,4085,14,0.64,0.005,4.64,0.01,-0.16,0.1,0.63,0.01,10.14,0.09,205.2,6.6,"E,2",1,152.84225,49.45424
391,HD 95735,3464,15,0.392,0.003,4.86,0.01,-0.41,0.1,0.4,0.01,9.91,0.47,392.4,7.5,"E,2",1,165.83414,35.96988
392,GJ 176,3679,77,0.453,0.022,4.8,0.03,0.15,0.1,0.49,0.04,9.6,0.53,106.3,10.0,"E,1",1,70.7324,18.95817
393,GL 144,5077,35,0.735,0.005,4.61,0.02,-0.06,0.1,0.8,0.03,9.37,0.39,310.8,3.7,"E,2",1,53.23269,-9.45826
394,GL 338B,3867,37,0.567,0.014,4.71,0.02,-0.15,0.1,0.57,0.02,9.82,0.5,159.0,7.7,"E,1",0,138.60283,52.68637
395,GL 412A,3497,39,0.398,0.009,4.87,0.02,-0.4,0.1,0.41,0.02,9.73,0.52,206.9,8.8,"E,2",1,166.36907,43.52678
396,GL 570B,4507,58,0.739,0.019,4.6,0.03,0.02,0.1,0.73,0.03,10.0,0.48,133.6,5.7,"E,2",0,224.36056,-21.41155
397,GL 687,3413,28,0.418,0.007,4.85,0.01,-0.09,0.1,0.43,0.01,9.59,0.52,220.0,9.2,"E,1",1,264.10791,68.33914
398,GL 699,3222,10,0.187,0.001,5.11,0.01,-0.39,0.1,0.16,0.0,9.61,0.54,549.0,9.5,"E,2",0,269.45207,4.69339
399,GL 702A,5407,52,0.831,0.004,4.56,0.02,0.03,0.1,0.92,0.03,9.3,0.35,,4.1,"E,3",1,271.36405,2.49981
400,GL 702B,4393,149,0.67,0.009,4.64,0.02,0.03,0.1,0.71,0.03,9.61,0.52,,7.2,"E,3",0,271.36425,2.49901
401,GL 876,3129,19,0.376,0.006,4.88,0.01,0.19,0.1,0.35,0.01,10.09,0.41,214.1,10.2,"E,1",1,343.31972,-14.2637
402,HIP 57087,3416,53,0.455,0.018,4.83,0.03,0.04,0.1,0.45,0.03,9.62,0.52,102.6,10.6,"E,1",1,175.54622,26.70657
403,HIP 74995,3442,54,0.299,0.01,4.97,0.03,-0.1,0.1,0.3,0.02,9.61,0.53,158.6,10.6,"E,1",1,229.86176,-7.72228
404,HIP 83043,3590,45,0.539,0.016,4.75,0.02,-0.04,0.1,0.52,0.02,9.89,0.48,96.4,9.7,"E,1",1,254.53687,25.74416
